{
  "title": "Đây là title",
  "excerpt" : "<p><strong>Tóc tết đuôi sam</strong> đẹp 2017 không chỉ là kiểu tóc hot mà còn mang tới cho nàng</p>",
  "content": "Đây là content <p>Hãy cùng Big.com khám phá xu hướng tóc tết đuôi sam đẹp hoàn hảo bên dưới đây nhé!</p>",
  "featureImage": "https://big.vn/wp-content/uploads/2016/12/xu-huong-toc-tet-duoi-sam-dep-hot-nhat-hien-nay-2017-cho-nang-dau-hien-dai-1.jpg",
  "tags": ["tóc cô dâu đẹp","Tóc đẹp"],
  "categories": ["Làm Đẹp"]
}