{"title":"Ngh\u00e9n ng\u1ee7 \u1edf b\u00e0 b\u1ea7u v\u00e0 m\u1ed9t s\u1ed1 th\u00f4ng tin m\u1eb9 c\u1ea7n ph\u1ea3i bi\u1ebft","categories":["M\u1eb9 &amp; B\u00e9"],"tags":["b\u00e0 b\u1ea7u \u1ed1m ngh\u00e9n","ngh\u00e9n chua \u1edf b\u00e0 b\u1ea7u","ngh\u00e9n ng\u1ee7 \u1edf b\u00e0 b\u1ea7u"],"featureImage":"https:\/\/big.vn\/wp-content\/uploads\/2018\/01\/me-bau-nam-nghieng-de-ngu.jpg","excerpt":"1. V\u00ec sao l\u1ea1i xu\u1ea5t hi\u1ec7n tri\u1ec7u ch\u1ee9ng ngh\u00e9n ng\u1ee7 khi mang b\u1ea7u?\r\nNgh\u00e9n ng\u1ee7 \u1edf b\u00e0 b\u1ea7u th\u01b0\u1eddng xu\u1ea5t hi\u1ec7n v\u00e0o c\u00e1c th\u00e1ng \u0111\u1ea7u khi mang thai, song v\u1eabn c\u00f3 tr\u01b0\u1eddng h\u1ee3p c\u00e1c m\u1eb9 ngh\u00e9n ng\u1ee7 \u0111\u1ebfn h\u1ebft thai k\u1ef3. V\u1eady nguy\u00ean nh\u00e2n g\u00ec d\u1eabn \u0111\u1ebfn vi\u1ec7c m\u1eb9 b\u1ea7u l\u00fac n\u00e0o c\u0169ng c\u00f3 c\u1ea3m gi\u00e1c bu\u1ed3n ng\u1ee7?\r\n\r\n\u1ede m\u1ed7i m\u1eb9 b\u1ea7u tri\u1ec7u ch\u1ee9ng \u1ed1m ngh\u00e9n c\u00f3","slug":"nghen-ngu-o-ba-bau-va-mot-thong-tin-can-phai-biet","content":"<h2>1. V\u00ec sao l\u1ea1i xu\u1ea5t hi\u1ec7n tri\u1ec7u ch\u1ee9ng ngh\u00e9n ng\u1ee7 khi mang b\u1ea7u?<\/h2>\r\nNgh\u00e9n ng\u1ee7 \u1edf b\u00e0 b\u1ea7u th\u01b0\u1eddng xu\u1ea5t hi\u1ec7n v\u00e0o c\u00e1c th\u00e1ng \u0111\u1ea7u khi mang thai, song v\u1eabn c\u00f3 tr\u01b0\u1eddng h\u1ee3p c\u00e1c m\u1eb9 ngh\u00e9n ng\u1ee7 \u0111\u1ebfn h\u1ebft thai k\u1ef3. V\u1eady nguy\u00ean nh\u00e2n g\u00ec d\u1eabn \u0111\u1ebfn vi\u1ec7c m\u1eb9 b\u1ea7u l\u00fac n\u00e0o c\u0169ng c\u00f3 c\u1ea3m gi\u00e1c bu\u1ed3n ng\u1ee7?\r\n\r\n\u1ede m\u1ed7i m\u1eb9 b\u1ea7u tri\u1ec7u ch\u1ee9ng \u1ed1m ngh\u00e9n c\u00f3 s\u1ef1 kh\u00e1c bi\u1ec7t v\u1edbi nhau. M\u1ed9t s\u1ed1 m\u1eb9 b\u1ea7u lu\u00f4n c\u00f3 c\u1ea3m gi\u00e1c b\u1ed3n ch\u1ed3n, kh\u00f3 ch\u1ecbu trong ng\u01b0\u1eddi. M\u1ed9t s\u1ed1 m\u1eb9 th\u00ec l\u00fac n\u00e0o c\u0169ng bu\u1ed3n n\u00f4n v\u00e0 mu\u1ed1n \u00f3i, nh\u1ea5t l\u00e0 khi ng\u1eedi ph\u1ea3i nh\u1eefng m\u00f9i v\u1ecb l\u1ea1, tanh, h\u00f4i. \u0110\u1eb7c bi\u1ec7t, m\u1ed9t s\u1ed1 m\u1eb9 b\u1ea7u l\u1ea1i th\u00e8m kh\u00e1t gi\u1ea5c ng\u1ee7 khi mang thai.\r\n\r\n[caption id=\"attachment_103735\" align=\"alignnone\" width=\"660\"]<img class=\"size-full wp-image-103735\" src=\"https:\/\/big.vn\/wp-content\/uploads\/2018\/01\/me-bau-ngap-ngu.jpg\" alt=\"m\u1eb9 b\u1ea7u ng\u00e1p ng\u1ee7\" width=\"660\" height=\"440\" \/> C\u00f3 nhi\u1ec1u nguy\u00ean nh\u00e2n d\u1eabn \u0111\u1ebfn t\u00ecnh tr\u1ea1ng \u201cth\u00e8m ng\u1ee7\u201d \u1edf m\u1eb9 b\u1ea7u. \u1ea2nh Internet[\/caption]\r\n\r\nNguy\u00ean nh\u00e2n ch\u00ednh d\u1eabn \u0111\u1ebfn vi\u1ec7c ngh\u00e9n ng\u1ee7 khi mang thai \u0111\u00f3 lo do l\u01b0\u1ee3ng ho\u00f3c-m\u00f4n trong c\u01a1 th\u1ec3 t\u0103ng cao. \u0110\u00f3 l\u00e0 ho\u00f3c-m\u00f4n progesterone \u0111\u01b0\u1ee3c s\u1ea3n sinh li\u00ean t\u1ee5c trong th\u1eddi k\u1ef3 \u0111\u1ea7u khi mang thai. \u0110\u00e2y l\u00e0 m\u1ed9t trong c\u00e1c ho\u00f3c-m\u00f4n gi\u00fap h\u1ed7 tr\u1ee3 vi\u1ec7c t\u0103ng tr\u01b0\u1edfng c\u1ee7a thai nhi. Ch\u00ednh l\u01b0\u1ee3ng progesterone t\u0103ng cao khi\u1ebfn m\u1eb9 b\u1ea7u li\u00ean t\u1ee5c c\u1ea3m th\u1ea5y bu\u1ed3n ng\u1ee7.\r\n<h2>2.\u00a0Ngh\u00e9n ng\u1ee7 c\u00f3 th\u1eadt s\u1ef1 t\u1ed1t cho m\u1eb9 b\u1ea7u?<\/h2>\r\nNgh\u00e9n ng\u1ee7 \u1edf b\u00e0 b\u1ea7u c\u00f3 ph\u1ea3i l\u00e0 \u0111i\u1ec1u t\u1ed1t ch\u0103ng? M\u1ecdi ng\u01b0\u1eddi \u0111\u1ec1u hi\u1ec3u r\u1eb1ng gi\u1ea5c ng\u1ee7 r\u1ea5t quan tr\u1ecdng v\u1edbi b\u1ea5t k\u1ef3 ai, \u0111\u1eb7c bi\u1ec7t l\u00e0 c\u00e1c m\u1eb9 b\u1ea7u. Tuy nhi\u00ean, ngh\u00e9n ng\u1ee7 c\u00f3 ph\u1ea3i t\u1ed1t cho m\u1eb9 v\u00e0 b\u00e9. H\u00e3y c\u00f9ng t\u00ecm hi\u1ec3u th\u1eadt k\u1ef9 nh\u00e9!\r\n\r\nNg\u1ee7 \u0111\u1ee7 gi\u1ea5c s\u1ebd \u0111em l\u1ea1i s\u1ee9c kh\u1ecfe v\u00e0 s\u1ef1 ph\u00e1t tri\u1ec3n \u1ed5n \u0111\u1ecbnh cho thai nhi.Tuy nhi\u00ean, n\u1ebfu c\u01a1n bu\u1ed3n ng\u1ee7 li\u00ean t\u1ee5c \u1eadp \u0111\u1ebfn v\u00e0 m\u1eb9 th\u01b0\u1eddng xuy\u00ean ng\u1ee7 th\u00ec kh\u00f4ng h\u1eb3n \u0111\u00f3 l\u00e0 \u0111i\u1ec1u t\u1ed1t. M\u1eb9 b\u1ea7u ng\u1ee7 qu\u00e1 nhi\u1ec1u c\u00f3 th\u1ec3 d\u1eabn \u0111\u1ebfn \u00a0m\u1ed9t s\u1ed1 v\u1ea5n \u0111\u1ec1 nghi\u00eam tr\u1ecdng nh\u01b0:\r\n\r\nN\u1eb1m ng\u1ee7 l\u00e0m cho c\u01a1 th\u1ec3 kh\u00f4ng \u0111\u01b0\u1ee3c v\u1eadn \u0111\u1ed9ng d\u1eabn \u0111\u1ebfn x\u01a1 c\u1ee9ng c\u00e1c kh\u1edbp x\u01b0\u01a1ng. C\u01a1 th\u1ec3 m\u1eb9 x\u1ea3y ra hi\u1ec7n t\u01b0\u1ee3ng \u201c\u00ec\u201d v\u00e0 ng\u1ea1i ho\u1ea1t \u0111\u1ed9ng. Tinh th\u1ea7n l\u00fac n\u00e0o c\u0169ng m\u00ea ng\u1ee7, kh\u00f4ng \u0111\u01b0\u1ee3c s\u00e1ng su\u1ed1t, minh m\u1eabn.\r\n\r\n[caption id=\"attachment_103736\" align=\"alignnone\" width=\"660\"]<img class=\"size-full wp-image-103736\" src=\"https:\/\/big.vn\/wp-content\/uploads\/2018\/01\/me-bau-dat-tay-len-bung-nam-ngu.jpg\" alt=\"m\u1eb9 b\u1ea7u \u0111\u1eb7t tay l\u00ean b\u1ee5ng n\u1eb1m ng\u1ee7\" width=\"660\" height=\"440\" \/> Ng\u1ee7 qu\u00e1 nhi\u1ec1u kh\u00f4ng t\u1ed1t cho s\u1ee9c kh\u1ecfe c\u1ee7a m\u1eb9 v\u00e0 b\u00e9. \u1ea2nh: Internet[\/caption]\r\n\r\nGi\u00e3n t\u0129nh m\u1ea1ch l\u00e0 hi\u1ec7n t\u01b0\u1ee3ng r\u1ea5t nguy hi\u1ec3m th\u01b0\u1eddng g\u1eb7p \u1edf m\u1eb9 b\u1ea7u. Ng\u1ee7 nhi\u1ec1u c\u00e0ng l\u00e0m cho t\u1ef7 l\u1ec7 b\u1ecb gi\u00e3n t\u0129nh m\u1ea1ch gia t\u0103ng. V\u00ec th\u1ebf, c\u00e1c m\u1eb9 n\u00ean ch\u00fa \u00fd gi\u1edd gi\u1ea5c ng\u1ee7 ngh\u1ec9 c\u1ee7a b\u1ea3n th\u00e2n nh\u00e9!\r\n<h2>3. M\u1ed9t s\u1ed1 c\u00e1ch kh\u1eafc ph\u1ee5c vi\u1ec7c ngh\u00e9n ng\u1ee7 \u1edf b\u00e0 b\u1ea7u<\/h2>\r\nNgh\u00e9n ng\u1ee7 \u1edf b\u00e0 b\u1ea7u \u0111\u00f4i khi \u1ea3nh h\u01b0\u1edfng kh\u00f4ng nh\u1ecf \u0111\u1ebfn sinh ho\u1ea1t th\u01b0\u1eddng nh\u1eadt c\u1ee7a m\u1eb9 c\u0169ng nh\u01b0 s\u1ee9c kh\u1ecfe c\u1ee7a thai nhi. Do \u0111\u00f3, n\u1ebfu t\u00ecnh tr\u1ea1ng n\u00e0y tr\u1edf n\u00ean nghi\u00eam tr\u1ecdng, m\u1eb9 c\u1ea7n ph\u1ea3i t\u00ecm c\u00e1ch kh\u1eafc ph\u1ee5c ngay.\r\n\r\nCh\u1ebf \u0111\u1ed9 \u0103n ng\u1ee7, ngh\u1ec9 c\u1ee7a m\u1eb9 b\u1ea7u s\u1ebd c\u00f3 s\u1ef1 x\u00e1o tr\u1ed9n khi mang thai, c\u00e0ng l\u1ed9n x\u1ed9n n\u1ebfu m\u1eb9 m\u1eafc ph\u1ea3i ch\u1ee9ng ngh\u00e9n ng\u1ee7. Do \u0111\u00f3, vi\u1ec7c c\u00e2n b\u1eb1ng c\u00e1c ho\u1ea1t \u0111\u1ed9ng, s\u1eafp x\u1ebfp l\u1ecbch \u0103n \u2013 ng\u1ee7 h\u1ee3p l\u00fd v\u00e0 khoa h\u1ecdc l\u00e0 \u0111i\u1ec1u c\u00e1c m\u1eb9 c\u1ea7n l\u00e0m ngay. V\u00e0o bu\u1ed5i t\u1ed1i m\u1eb9 n\u00ean ng\u1ee7 s\u1edbm, c\u00f2n bu\u1ed5i tr\u01b0a n\u00ean d\u00e0nh ra t\u1eeb 15 ph\u00fat \u0111\u1ebfn n\u1eeda ti\u1ebfng \u0111\u1ec3 ch\u1ee3p m\u1eaft nh\u1eb1m kh\u00f4ng l\u00e0m \u1ea3nh h\u01b0\u1edfng \u0111\u1ebfn c\u00e1c sinh ho\u1ea1t th\u01b0\u1eddng nh\u1eadt kh\u00e1c.\r\n\r\n[caption id=\"attachment_103737\" align=\"alignnone\" width=\"660\"]<img class=\"size-full wp-image-103737\" src=\"https:\/\/big.vn\/wp-content\/uploads\/2018\/01\/me-bau-dang-ngap-met-moi.jpg\" alt=\"m\u1eb9 b\u1ea7u \u0111ang ng\u00e1p m\u1ec7t m\u1ecfi\" width=\"660\" height=\"440\" \/> X\u00e2y d\u1ef1ng l\u1ecbch sinh ho\u1ea1t h\u1ee3p l\u00fd s\u1ebd gi\u1ea3m tri\u1ec7u ch\u1ee9ng bu\u1ed3n ng\u1ee7 \u1edf m\u1eb9 b\u1ea7u. \u1ea2nh: Internet[\/caption]\r\n\r\nH\u1ea1n ch\u1ebf u\u1ed1ng n\u01b0\u1edbc nhi\u1ec1u v\u00e0o bu\u1ed5i t\u1ed1i c\u0169ng l\u00e0 \u0111i\u1ec1u c\u00e1c m\u1eb9 n\u00ean l\u00e0m. Th\u1ee9c d\u1eady \u0111\u1ec3 ti\u1ec3u \u0111\u00eam \u1ea3nh h\u01b0\u1edfng r\u1ea5t nhi\u1ec1u \u0111\u1ebfn gi\u1ea5c ng\u1ee7 v\u00e0 s\u1ee9c kh\u1ecfe c\u1ee7a m\u1eb9 b\u1ea7u. V\u00ec v\u1eady, vi\u1ec7c c\u00e2n nh\u1eafc l\u01b0\u1ee3ng n\u01b0\u1edbc b\u1ed5 sung cho c\u01a1 th\u1ec3 v\u00e0o ban \u0111\u00eam c\u1ea7n \u0111\u01b0\u1ee3c t\u00ednh to\u00e1n k\u1ef9 l\u01b0\u1ee1ng.\r\n\r\nTh\u01b0\u1eddng xuy\u00ean t\u1eadp luy\u1ec7n c\u00e1c b\u00e0i th\u1ec3 d\u1ee5c \u0111\u1eb7c bi\u1ec7t thi\u1ebft k\u1ebf cho m\u1eb9 b\u1ea7u l\u00e0 m\u1ed9t trong nh\u1eefng c\u00e1ch \u0111\u1ec3 h\u1ea1n ch\u1ebf c\u01a1n th\u00e8m ng\u1ee7, v\u00ec v\u1eadn \u0111\u1ed9ng s\u1ebd gi\u00fap c\u01a1 th\u1ec3 m\u1eb9 t\u1ec9nh t\u00e1o v\u00e0 tinh th\u1ea7n c\u0169ng s\u1ea3ng kho\u00e1i h\u01a1n. Tuy nhi\u00ean, c\u00e1c m\u1eb9 n\u00ean ch\u1ecdn c\u00e1c b\u00e0i t\u1eadp nh\u1eb9 nh\u00e0nh, h\u1ee3p l\u00fd \u0111\u1ec3 kh\u00f4ng \u1ea3nh h\u01b0\u1edfng \u0111\u1ebfn b\u00e9 c\u01b0ng trong b\u1ee5ng.\r\n<h2>4. L\u00e0m th\u1ebf n\u00e0o \u0111\u1ec3 m\u1eb9 b\u1ea7u c\u00f3 gi\u1ea5c ng\u1ee7 h\u1ee3p l\u00fd?<\/h2>\r\nNgh\u00e9n ng\u1ee7 \u1edf b\u00e0 b\u1ea7u \u0111em l\u1ea1i nhi\u1ec1u phi\u1ec1n to\u00e1i trong cu\u1ed9c s\u1ed1ng v\u00e0 \u1ea3nh h\u01b0\u1edfng \u0111\u1ebfn s\u1ee9c kh\u1ecfe c\u1ee7a thai nhi. V\u00ec v\u1eady, m\u1eb9 b\u1ea7u c\u1ea7n ph\u1ea3i c\u00f3 bi\u1ec7n ph\u00e1p \u0111\u1ec3 \u0111\u1ea3m b\u1ea3o gi\u1ea5c ng\u1ee7\u00a0 cho b\u1ea3n th\u00e2n v\u00e0 b\u00e9 y\u00eau.\r\n\r\nTr\u01b0\u1edbc h\u1ebft, gi\u1ea5c ng\u1ee7 c\u1ee7a m\u1eb9 b\u1ea7u ph\u1ea3i \u0111\u01b0\u1ee3c c\u00e2n b\u1eb1ng \u1edf c\u1ea3 ban ng\u00e0y v\u00e0 ban \u0111\u00eam. B\u1edfi v\u00ec gi\u1ea5c ng\u1ee7 \u0111\u1ed1i v\u1edbi m\u1eb9 b\u1ea7u \u0111\u1eb7c bi\u1ec7t quan tr\u1ecdng khi m\u00e0 \u201cm\u1ed9t ng\u01b0\u1eddi ng\u1ee7 hai ng\u01b0\u1eddi kh\u1ecfe\u201d. Do \u0111\u00f3, m\u1eb9 n\u00ean l\u01b0u \u00fd v\u1ec1 ch\u1ebf \u0111\u1ed9 ng\u1ee7 ngh\u1ec9 c\u1ee7a b\u1ea3n th\u00e2n nh\u00e9.\r\n\r\nNgo\u00e0i ra,vi\u1ec7c ng\u1ee7 tr\u01b0a c\u1ee7a m\u1eb9 c\u0169ng kh\u00f4ng \u0111\u01b0\u1ee3c xem nh\u1eb9 v\u00e0 b\u1ecf qua. V\u00ec gi\u1ea5c ng\u1ee7 tr\u01b0a gi\u00fap c\u01a1 th\u1ec3 ph\u1ee5c h\u1ed3i n\u0103ng l\u01b0\u1ee3ng v\u00e0 t\u0103ng c\u01b0\u1eddng th\u1ec3 l\u1ef1c \u0111\u1ec3 l\u00e0m vi\u1ec7c v\u00e0o bu\u1ed5i chi\u1ec1u. Tuy nhi\u00ean, m\u1eb9 b\u1ea7u ch\u1ec9 n\u00ean ng\u1ee7 t\u1eeb 30 ph\u00fat \u0111\u1ebfn 45 ph\u00fat v\u00e0o gi\u1ea5c tr\u01b0a.\r\n\r\n[caption id=\"attachment_103738\" align=\"alignnone\" width=\"660\"]<img class=\"size-full wp-image-103738\" src=\"https:\/\/big.vn\/wp-content\/uploads\/2018\/01\/me-bau-ngu-say.jpg\" alt=\"m\u1eb9 b\u1ea7u ng\u1ee7 say\" width=\"660\" height=\"440\" \/> Ng\u1ee7 \u0111\u1ee7 gi\u1ea5c v\u00e0 khoa h\u1ecdc s\u1ebd gi\u00fap m\u1eb9 v\u00e0 b\u00e9 \u0111\u1ec1u kh\u1ecfe. \u1ea2nh: Internet[\/caption]\r\n\r\nTr\u00e1nh vi\u1ec7c ng\u1ee7 tr\u01b0a qu\u00e1 l\u00e2u c\u0169ng nh\u01b0 ng\u1ee7 qu\u00e1 nhi\u1ec1u gi\u1ea5c v\u00e0o ban ng\u00e0y. \u0110i\u1ec1u n\u00e0y s\u1ebd gi\u1ea3m vi\u1ec7c bu\u1ed3n ng\u1ee7 v\u00e0o ban \u0111\u00eam d\u1eabn \u0111\u1ebfn ng\u1ee7 kh\u00f4ng \u0111\u1ee7 gi\u1ea5c ho\u1eb7c th\u1ee9c qu\u00e1 khuya. Th\u1eddi \u0111i\u1ec3m th\u00edch h\u1ee3p \u0111\u1ec3 m\u1eb9 b\u1ea7u ng\u1ee7 v\u00e0o bu\u1ed5i l\u00e0 v\u00e0o l\u00fac 10 gi\u1edd ho\u1eb7c mu\u1ed9n nh\u1ea5t l\u00e0 10 gi\u1edd 30 ph\u00fat.\r\n\r\n<strong>Ngh\u00e9n ng\u1ee7 \u1edf b\u00e0 b\u1ea7u <\/strong>kh\u00f4ng ph\u1ea3i l\u00e0 hi\u1ec7n t\u01b0\u1ee3ng hi\u1ebfm l\u1ea1 nh\u01b0ng c\u00e1c m\u1eb9 c\u0169ng c\u1ea7n ph\u1ea3i bi\u1ebft \u0111\u01b0\u1ee3c th\u00f4ng tin ch\u00ednh x\u00e1c. B\u1edfi v\u00ec n\u1ebfu kh\u00f4ng hi\u1ec3u r\u00f5 v\u1ec1 v\u1ea5n \u0111\u1ec1 n\u00e0y, c\u00e1c m\u1eb9 s\u1ebd c\u00f3 xu h\u01b0\u1edbng \u0111\u1ec3 n\u00f3 t\u1ef1 nhi\u00ean v\u00e0 \u0111i\u1ec1u n\u00e0y s\u1ebd kh\u00f4ng t\u1ed1t cho b\u00e9. Do \u0111\u00f3, c\u00e1c m\u1eb9 n\u00ean c\u00f3 ch\u1ebf \u0111\u1ed9 ng\u1ee7 ngh\u1ec9 h\u1ee3p l\u00fd \u0111\u1ec3 \u0111\u1ea3m b\u1ea3o s\u1ee9c kh\u1ecfe cho c\u1ea3 hai m\u1eb9 con nh\u00e9!\r\n<p style=\"text-align: right;\"><strong>Minh H\u1ea1 (T\u1ed5ng h\u1ee3p)<\/strong><\/p>"}