{"title":"C\u00e1ch l\u00e0m b\u1eafp n\u01b0\u1edbng \u1edbt chanh ngon gi\u00f2n tan","categories":["N\u1ea5u \u0103n"],"tags":["b\u1eafp","b\u1eafp n\u01b0\u1edbng \u1edbt chanh","b\u1eafp n\u01b0\u1edbng \u1edbt chanh \u0111\u01a1n gi\u1ea3n","c\u00e1ch l\u00e0m b\u1eafp n\u01b0\u1edbng \u1edbt chanh","ng\u00f4","ng\u00f4 n\u01b0\u1edbng"],"featureImage":"https:\/\/big.vn\/wp-content\/uploads\/2017\/08\/cach-lam-bap-nuong-ot-chanh-gion-tan-hinh-2.jpg","excerpt":"H\u00e3y \u0111\u1ebfn v\u1edbi Big.vn ch\u1ec9 v\u1edbi 3 b\u01b0\u1edbc \u0111\u01a1n gi\u1ea3n b\u1ea1n \u0111\u00e3 c\u00f3 1\u00a0c\u00e1ch l\u00e0m\u00a0b\u1eafp n\u01b0\u1edbng \u1edbt chanh\u00a0ngon h\u1ea3o h\u1ea1ng r\u1ed3i nh\u00e9!\r\n\r\n\r\nNguy\u00ean li\u1ec7u l\u00e0m b\u1eafp n\u01b0\u1edbng \u1edbt chanh l\u1ea1 mi\u1ec7ng\r\n\r\n \t\u00a04 tr\u00e1i b\u1eafp.\r\n \t\u00a01 th\u00eca \u1edbt b\u1ed9t.\r\n \t\u00a0\u00bd th\u00eca mu\u1ed1i.\r\n \t\u00a080gr b\u01a1 \u0111un ch\u1ea3y.\r\n \t\u00a0\u00bd th\u00eca ti\u00eau.\r\n \t\u00a01 qu\u1ea3 chanh b\u00e0o l\u1ea5y v\u1ecf.\r\n\r\n\r\nD\u1ee5ng c\u1ee5 l\u00e0m b\u1eafp n\u01b0\u1edb","slug":"cach-lam-bap-nuong-ot-chanh-ngon-gion-tan","content":"H\u00e3y \u0111\u1ebfn v\u1edbi Big.vn ch\u1ec9 v\u1edbi 3 b\u01b0\u1edbc \u0111\u01a1n gi\u1ea3n b\u1ea1n \u0111\u00e3 c\u00f3 1<span style=\"color: #ff0000;\"><strong>\u00a0c\u00e1ch l\u00e0m<span style=\"color: #ff0000;\">\u00a0b\u1eaf<\/span>p n\u01b0\u1edbng \u1edbt chanh<\/strong><\/span>\u00a0ngon h\u1ea3o h\u1ea1ng r\u1ed3i nh\u00e9!\r\n\r\n<img class=\"aligncenter size-full wp-image-83202\" src=\"https:\/\/big.vn\/wp-content\/uploads\/2017\/08\/cach-lam-bap-nuong-ot-chanh-gion-tan-hinh-2.jpg\" alt=\"C\u00e1ch l\u00e0m b\u1eafp n\u01b0\u1edbng \u1edbt chanh gi\u00f2n tan h\u00ecnh 2\" width=\"640\" height=\"640\" \/>\r\n<h3>Nguy\u00ean li\u1ec7u l\u00e0m b\u1eafp n\u01b0\u1edbng \u1edbt chanh l\u1ea1 mi\u1ec7ng<\/h3>\r\n<ol>\r\n \t<li>\u00a04 tr\u00e1i b\u1eafp.<\/li>\r\n \t<li>\u00a01 th\u00eca \u1edbt b\u1ed9t.<\/li>\r\n \t<li>\u00a0\u00bd th\u00eca mu\u1ed1i.<\/li>\r\n \t<li>\u00a080gr b\u01a1 \u0111un ch\u1ea3y.<\/li>\r\n \t<li>\u00a0\u00bd th\u00eca ti\u00eau.<\/li>\r\n \t<li>\u00a01 qu\u1ea3 chanh b\u00e0o l\u1ea5y v\u1ecf.<\/li>\r\n<\/ol>\r\n<img class=\"aligncenter size-full wp-image-83204\" src=\"https:\/\/big.vn\/wp-content\/uploads\/2017\/08\/cach-lam-bap-nuong-ot-chanh-gion-tan-hinh-3.jpg\" alt=\"C\u00e1ch l\u00e0m b\u1eafp n\u01b0\u1edbng \u1edbt chanh gi\u00f2n tan h\u00ecnh 3\" width=\"500\" height=\"332\" \/>\r\n<h3>D\u1ee5ng c\u1ee5 l\u00e0m b\u1eafp n\u01b0\u1edbng \u1edbt chanh l\u1ea1 mi\u1ec7ng<\/h3>\r\n<ol>\r\n \t<li>\u00a0N\u1ed3i.<\/li>\r\n \t<li>\u00a0T\u00f4.<\/li>\r\n \t<li>\u00a0Khay n\u01b0\u1edbng.<\/li>\r\n \t<li>\u00a0L\u00f2 n\u01b0\u1edbng.<\/li>\r\n \t<li>\u00a0C\u1ecd ph\u1ebft.<\/li>\r\n<\/ol>\r\n<img class=\"aligncenter size-full wp-image-83209\" src=\"https:\/\/big.vn\/wp-content\/uploads\/2017\/08\/cach-lam-bap-nuong-ot-chanh-gion-tan-hinh-1.jpg\" alt=\"c\u00e1ch l\u00e0m b\u1eafp n\u01b0\u1edbng \u1edbt chanh gi\u00f2n tan h\u00ecnh 1\" width=\"640\" height=\"360\" \/>\r\n<h3>C\u00e1ch l\u00e0m b\u1eafp n\u01b0\u1edbng \u1edbt chanh l\u1ea1 mi\u1ec7ng<\/h3>\r\n<h4>B\u01b0\u1edbc 1: S\u01a1 ch\u1ebf nguy\u00ean li\u1ec7u c\u00e1ch l\u00e0m b\u1eafp n\u01b0\u1edbng \u1edbt chanh<\/h4>\r\nB\u1eafp mua v\u1ec1 cho v\u00e0o n\u1ed3i lu\u1ed9c kho\u1ea3ng 10 ph\u00fat, sau \u0111\u00f3 v\u1edbt ra, \u0111\u1ec3 ngu\u1ed9i.\r\n<h4>B\u01b0\u1edbc 2: Ti\u1ebfn h\u00e0nh c\u00e1ch l\u00e0m b\u1eafp n\u01b0\u1edbng \u1edbt chanh<\/h4>\r\nTr\u1ed9n \u0111\u1ec1u b\u01a1 \u0111un ch\u1ea3y, \u1edbt b\u1ed9t, ti\u00eau, mu\u1ed1i v\u00e0 v\u1ecf chanh b\u00e0o l\u1ea1i v\u1edbi nhau trong 1 c\u00e1i t\u00f4 nh\u1ecf.\r\n<h4>B\u01b0\u1edbc 3: Ho\u00e0n th\u00e0nh m\u00f3n b\u1eafp n\u01b0\u1edbng \u1edbt chanh<\/h4>\r\nB\u1eafp lu\u1ed9c xong b\u00f3c v\u1ecf, ph\u1ebft n\u01b0\u1edbc s\u1ed1t l\u00ean kh\u1eafp m\u1eb7t b\u1eafp r\u1ed3i \u0111em n\u01b0\u1edbng trong l\u00f2 \u1edf nhi\u1ec7t \u0111\u1ed9 220 \u0111\u1ed9 C trong kho\u1ea3ng 15 ph\u00fat l\u00e0 ho\u00e0n th\u00e0nh\r\n\r\n<img class=\"aligncenter size-full wp-image-83216\" src=\"https:\/\/big.vn\/wp-content\/uploads\/2017\/08\/cach-lam-bap-nuong-ot-chanh-gion-tan-hinh-5.jpg\" alt=\"c\u00e1ch l\u00e0m b\u1eafp n\u01b0\u1edbng \u1edbt chanh gi\u00f2n tan h\u00ecnh 5\" width=\"391\" height=\"500\" \/>\r\n\r\n<em>Nh\u1eefng ng\u00e0y cu\u1ed1i tu\u1ea7n \u0111\u01b0\u1ee3c qu\u00e2y qu\u1ea7n b\u00ean gia \u0111\u00ecnh v\u00e0 b\u1ea1n b\u00e8, v\u1eeba xem phim v\u1eeba nh\u00e2m nhi nh\u1eefng qu\u1ea3 b\u1eafp n\u01b0\u1edbng \u1edbt chanh gi\u00f2n tan th\u01a1m ph\u1ee9c n\u00e0y th\u00ec c\u00f2n g\u00ec tuy\u1ec7t v\u1eddi h\u01a1n? V\u1eady h\u00e3y d\u00e0nh cu\u1ed1i tu\u1ea7n n\u00e0y l\u00e0m cho gia \u0111\u00ecnh m\u00ecnh m\u00f3n\u00a0b\u1eafp n\u01b0\u1edbng \u1edbt chanh gi\u00f2n tan \u0111\u1ec3 m\u1ecdi ng\u01b0\u1eddi g\u1ea7n nhau h\u01a1n.<\/em>"}