{"title":"C\u00e1ch l\u00e0m b\u00e1nh trung thu \u0111\u1eadu xanh d\u1eeba v\u1ee5n ngon m\u00ea li","categories":["N\u1ea5u \u0103n"],"tags":["b\u00e1nh trung thu","b\u00e1nh trung thu \u0111\u1eadu xanh","b\u00e1nh trung thu \u0111\u1eadu xanh d\u1eeba v\u1ee5n","b\u00e1nh trung thu \u0111\u1eadu xanh d\u1eeba v\u1ee5n b\u00e9o ng\u1eady","banh trung thu ngon","c\u00e1ch l\u00e0m b\u00e1nh trung thu","c\u00e1ch l\u00e0m b\u00e1nh trung thu \u0111\u1eadu xanh d\u1eeba v\u1ee5n"],"featureImage":"https:\/\/big.vn\/wp-content\/uploads\/2017\/08\/cach-lam-banh-trung-thu-dau-xanh-dua-vun-ngon-me-li-hinh-6.jpg","excerpt":"H\u00e3y \u0111\u1ec3 Big.vn th\u00eam v\u00e0o s\u1ed5 tay n\u1ea5u \u0103n c\u1ee7a c\u00e1c b\u1ea1n c\u00f4ng th\u1ee9c l\u00e0m b\u00e1nh trung thu \u0111\u1eadu xanh d\u1eeba v\u1ee5n nh\u00e9!\r\n\r\n\r\nNguy\u00ean li\u1ec7u l\u00e0m b\u00e1nh trung thu \u0111\u1eadu xanh d\u1eeba v\u1ee5n\r\n\r\n \t\u00a0300 gram \u0111\u1eadu xanh kh\u00f4ng v\u1ecf\r\n \t\u00a0160 gram \u0111\u01b0\u1eddng tr\u1eafng\r\n \t\u00a0400 ml n\u01b0\u1edbc c\u1ed1t d\u1eeba th\u01a1m\r\n \tD\u1eeba v\u1ee5n ( S\u1ed1 l\u01b0\u1ee3ng t\u00f9y th\u00edch)\r\n \t1 tsp vanilla hay 1 g\u00f3i ","slug":"cach-lam-banh-trung-thu-dau-xanh-dua-vun-ngon-li","content":"H\u00e3y \u0111\u1ec3 Big.vn th\u00eam v\u00e0o s\u1ed5 tay n\u1ea5u \u0103n c\u1ee7a c\u00e1c b\u1ea1n <span style=\"color: #ff0000;\"><strong>c\u00f4ng th\u1ee9c l\u00e0m b\u00e1nh trung thu \u0111\u1eadu xanh d\u1eeba v\u1ee5n<\/strong><\/span> nh\u00e9!\r\n\r\n<img class=\"aligncenter size-full wp-image-83305\" src=\"https:\/\/big.vn\/wp-content\/uploads\/2017\/08\/cach-lam-banh-trung-thu-dau-xanh-dua-vun-ngon-me-li-hinh-6.jpg\" alt=\"c\u00e1ch l\u00e0m b\u00e1nh trung thu \u0111\u1eadu xanh d\u1eeba v\u1ee5n ngon m\u00ea li h\u00ecnh 6\" width=\"500\" height=\"436\" \/>\r\n<h3>Nguy\u00ean li\u1ec7u l\u00e0m b\u00e1nh trung thu \u0111\u1eadu xanh d\u1eeba v\u1ee5n<\/h3>\r\n<ol>\r\n \t<li>\u00a0300 gram \u0111\u1eadu xanh kh\u00f4ng v\u1ecf<\/li>\r\n \t<li>\u00a0160 gram \u0111\u01b0\u1eddng tr\u1eafng<\/li>\r\n \t<li>\u00a0400 ml n\u01b0\u1edbc c\u1ed1t d\u1eeba th\u01a1m<\/li>\r\n \t<li>D\u1eeba v\u1ee5n ( S\u1ed1 l\u01b0\u1ee3ng t\u00f9y th\u00edch)<\/li>\r\n \t<li>1 tsp vanilla hay 1 g\u00f3i vanilla sugar<\/li>\r\n \t<li>1\/2 tsp mu\u1ed1i<\/li>\r\n<\/ol>\r\n<img class=\"aligncenter size-full wp-image-83300\" src=\"https:\/\/big.vn\/wp-content\/uploads\/2017\/08\/cach-lam-banh-trung-thu-dau-xanh-dua-vun-ngon-me-li-hinh-3.jpg\" alt=\"c\u00e1ch l\u00e0m b\u00e1nh trung thu \u0111\u1eadu xanh d\u1eeba v\u1ee5n ngon m\u00ea li h\u00ecnh 3\" width=\"500\" height=\"406\" \/>\r\n<h3><span style=\"line-height: inherit;\">D\u1ee5ng c\u1ee5 l\u00e0m b\u00e1nh trung thu \u0111\u1eadu xanh d\u1eeba v\u1ee5n<\/span><\/h3>\r\n<ol>\r\n \t<li>\u00a0B\u00e1t l\u1edbn, nh\u1ecf<\/li>\r\n \t<li>\u00a0R\u1ed5, gi\u00e1, th\u00eca, \u2026<\/li>\r\n \t<li>\u00a0M\u00e1y xay<\/li>\r\n \t<li>\u00a0N\u1ed3i h\u1ea5p<\/li>\r\n \t<li>\u00a0Ch\u1ea3o \u0111\u1ec3 s\u00ean nh\u00e2n<\/li>\r\n \t<li>\u00a0C\u00e2y c\u00e1n b\u1ed9t<\/li>\r\n \t<li><span style=\"line-height: inherit;\">\u00a0Khu\u00f4n b\u00e1nh trung thu<\/span><\/li>\r\n<\/ol>\r\n<h3>C\u00e1ch l\u00e0m b\u00e1nh trung thu \u0111\u1eadu xanh d\u1eeba v\u1ee5n<\/h3>\r\n<h4>B\u01b0\u1edbc 1: S\u01a1 ch\u1ebf nguy\u00ean li\u1ec7u c\u00e1ch l\u00e0m b\u00e1nh trung thu \u0111\u1eadu xanh d\u1eeba v\u1ee5n<\/h4>\r\n\u0110\u1eadu xanh khi mua v\u1ec1 b\u1ea1n c\u1ea7n \u0111em cho v\u00e0o ch\u1eadu v\u00e0 ng\u00e2m \u00edt nh\u1ea5t l\u00e0 3 gi\u1edd \u0111\u1ed3ng h\u1ed3 cho \u0111\u1eadu m\u1ec1m. M\u00e0 t\u1ed1t nh\u1ea5t n\u1ebfu c\u00f3 \u0111i\u1ec1u ki\u1ec7n h\u00e3y ng\u00e2m qua \u0111\u00eam nh\u00e9!\r\n\r\nSau \u0111\u00f3 \u0111em cho v\u00e0o gi\u00e1 vo s\u1ea1ch. \u0110em v\u00e0o n\u1ed3i h\u1ea5p ch\u00edn.\r\n<h4>B\u01b0\u1edbc 2: Ti\u1ebfn h\u00e0nh c\u00e1ch l\u00e0m b\u00e1nh trung thu \u0111\u1eadu xanh d\u1eeba v\u1ee5n<\/h4>\r\nKhi \u0111\u1eadu \u0111\u00e3 \u0111\u01b0\u1ee3c h\u1ea5p ch\u00edn v\u00e0 c\u00f2n n\u00f3ng, h\u00e3y cho ch\u00fang v\u00e0o c\u00f9ng v\u1edbi n\u01b0\u1edbc c\u1ed1t d\u1eeba, \u0111\u01b0\u1eddng, mu\u1ed1i v\u00e0o m\u00e1y xay v\u00e0 xay nhuy\u1ec5n.\r\n\r\n<img class=\"aligncenter size-full wp-image-83307\" src=\"https:\/\/big.vn\/wp-content\/uploads\/2017\/08\/cach-lam-banh-trung-thu-dau-xanh-dua-vun-ngon-me-li-hinh-1-1.jpg\" alt=\"c\u00e1ch l\u00e0m b\u00e1nh trung thu \u0111\u1eadu xanh d\u1eeba v\u1ee5n ngon m\u00ea li h\u00ecnh 1\" width=\"640\" height=\"480\" \/>\r\n\r\nCh\u1edd khi \u0111\u1eadu \u0111\u00e3 \u0111\u01b0\u1ee3c xay nhuy\u1ec5n, b\u1ea1n \u0111\u1ed5 ch\u00fang c\u00f9ng d\u1eeba v\u1ee5n, vanilla v\u00e0o ch\u1ea3o, sau \u0111\u00f3 b\u1eafc l\u00ean b\u1ebfp s\u00ean v\u1edbi l\u1eeda nh\u1ecf cho \u0111\u1ebfn khi n\u00e0o \u0111\u1eadu xanh quy\u1ec7n th\u00e0nh 1 kh\u1ed1i kh\u00f4ng d\u00ednh ch\u1ea3o th\u00ec t\u1eaft b\u1ebfp. Th\u1eddi gian s\u00ean kho\u1ea3ng 30 \u2013 40 ph\u00fat .\r\n\r\nCh\u1edd khi \u0111\u1eadu xanh ngu\u1ed9i th\u00ec ta ti\u1ebfn h\u00e0nh \u0111\u00f3ng b\u00e1nh\r\n<h4>B\u01b0\u1edbc 3: Ho\u00e0n th\u00e0nh c\u00e1ch l\u00e0m b\u00e1nh trung thu \u0111\u1eadu xanh d\u1eeba v\u1ee5n<\/h4>\r\n\u0110\u1eb7t \u0111\u1eadu xanh l\u00ean m\u1ed9t m\u1eb7t ph\u1eb3ng s\u1ea1ch, d\u00f9ng pin \u0111\u1ec3 c\u00e1n \u0111\u1ec1u.\r\n\r\n<img class=\"aligncenter size-full wp-image-83309\" src=\"https:\/\/big.vn\/wp-content\/uploads\/2017\/08\/cach-lam-banh-trung-thu-dau-xanh-dua-vun-ngon-me-li-hinh-4-2.jpg\" alt=\"c\u00e1ch l\u00e0m b\u00e1nh trung thu \u0111\u1eadu xanh d\u1eeba v\u1ee5n ngon m\u00ea li h\u00ecnh 4\" width=\"500\" height=\"393\" \/>\r\n\r\nC\u1ee9 c\u00e2n m\u1ed7i ph\u1ea7n b\u1ed9t kho\u1ea3ng 100 gram l\u00e0 \u0111\u01b0\u1ee3c. B\u1ea1n c\u0169ng c\u00f3 th\u1ec3 \u0111i\u1ec1u ch\u1ec9nh t\u00f9y s\u1edf th\u00edch gia \u0111\u00ecnh. Sau \u0111\u00f3 vi\u00ean tr\u00f2n l\u1ea1i r\u1ed3i cho v\u00e0o khu\u00f4n b\u00e1nh Trung Thu \u1ea5n m\u1ea1nh r\u1ed3i nh\u1eb9 nh\u00e0ng l\u1ea5y b\u00e1nh ra.\r\n\r\n<em>Trong cu\u1ed9c s\u1ed1ng, d\u00f9 th\u01b0\u1eddng ng\u00e0y c\u00f3 n\u1ebfm tr\u1ea3i qua bao nhi\u00eau \u0111\u1eafng cay kh\u1ed5 s\u1edf th\u00ec v\u1eabn c\u00f3 nh\u1eefng ng\u01b0\u1eddi th\u00e2n lu\u00f4n b\u00ean ta, bao b\u1ecdc ch\u1edf che ta, v\u00e0 trao cho ta v\u1ecb ng\u1ecdt c\u1ee7a cu\u1ed9c s\u1ed1ng, c\u1ee7a t\u00ecnh th\u01b0\u01a1ng. C\u0169ng gi\u1ed1ng nh\u01b0 chi\u1ebfc b\u00e1nh Trung thu, trong m\u1eb7n c\u00f3 ng\u1ecdt, t\u1ea1o n\u00ean h\u01b0\u01a1ng v\u1ecb \u0111\u1eadm \u0111\u00e0 c\u1ee7a cu\u1ed9c s\u1ed1ng h\u00e3y trao t\u1eb7ng cho nh\u1eefng ng\u01b0\u1eddi m\u00ecnh th\u01b0\u01a1ng 1 chi\u1ebfc b\u00e1nh trung thu v\u00e0o d\u1ecbp n\u00e0y nh\u00e9<\/em>"}