{"title":"C\u00e1ch l\u00e0m m\u00f3n b\u00e1nh trung thu \u0111\u1eadu xanh 1 nh\u00e2n ngon h\u01a1n c\u1eeda h\u00e0ng","categories":["N\u1ea5u \u0103n"],"tags":["b\u00e1nh trung thu","b\u00e1nh trung thu \u0111\u1eadu xanh 1 nh\u00e2n","b\u00e1nh trung thu \u0111\u1eadu xanh kh\u00f4ng c\u1ea7n n\u01b0\u1edbng","c\u00e1ch l\u00e0m b\u00e1nh trung thu","c\u00e1ch l\u00e0m b\u00e1nh trung thu \u0111\u1eadu xanh","c\u00e1ch l\u00e0m b\u00e1nh trung thu \u0111\u1eadu xanh 1 nh\u00e2n","c\u00e1ch l\u00e0m b\u00e1nh trung thu kh\u00f4ng c\u1ea7n n\u01b0\u1edbng"],"featureImage":"https:\/\/big.vn\/wp-content\/uploads\/2017\/08\/cach-lam-banh-trung-thu-nhan-dau-xanh-1-nhan-ngon-nhu-tiem-hinh-2.jpg","excerpt":"H\u00e3y c\u00f9ng Big.vn kh\u00e1m ph\u00e1 c\u00f4ng th\u1ee9c m\u00f3n\u00a0b\u00e1nh trung thu \u0111\u1eadu xanh 1 nh\u00e2n ngon tuy\u1ec7t v\u00e0o t\u1ebft trung thu n\u00e0y nh\u00e9!\r\n\r\n\r\nNguy\u00ean li\u1ec7u l\u00e0m b\u00e1nh trung thu \u0111\u1eadu xanh 1 nh\u00e2n\r\n\r\n \t\u00a0250 gram \u0111\u1eadu xanh kh\u00f4ng v\u1ecf\r\n \t\u00a050 gram m\u1eadt ong\r\n \t\u00a070 gram \u0111\u01b0\u1eddng tr\u1eafng\r\n \t\u00a070 ml kem whipping\r\n \t\u00a01 ch\u00fat x\u00edu mu\u1ed1i \u0103n\r\n\r\n\r\nD\u1ee5ng c\u1ee5 l\u00e0m ","slug":"cach-lam-mon-banh-trung-thu-dau-xanh-1-nhan-ngon-hon-cua-hang","content":"H\u00e3y c\u00f9ng Big.vn kh\u00e1m ph\u00e1 <span style=\"color: #ff0000;\"><strong>c\u00f4ng th\u1ee9c m\u00f3n\u00a0b\u00e1nh trung thu \u0111\u1eadu xanh 1 nh\u00e2n<\/strong><\/span> ngon tuy\u1ec7t v\u00e0o t\u1ebft trung thu n\u00e0y nh\u00e9!\r\n\r\n<img class=\"aligncenter size-full wp-image-83286\" src=\"https:\/\/big.vn\/wp-content\/uploads\/2017\/08\/cach-lam-banh-trung-thu-nhan-dau-xanh-1-nhan-ngon-nhu-tiem-hinh-1.jpeg\" alt=\"C\u00e1ch l\u00e0m m\u00f3n b\u00e1nh trung thu \u0111\u1eadu xanh 1 nh\u00e2n ngon nh\u01b0 ti\u1ec7m h\u00ecnh 1\" width=\"704\" height=\"501\" \/>\r\n<h4>Nguy\u00ean li\u1ec7u l\u00e0m b\u00e1nh trung thu \u0111\u1eadu xanh 1 nh\u00e2n<\/h4>\r\n<ol>\r\n \t<li>\u00a0250 gram \u0111\u1eadu xanh kh\u00f4ng v\u1ecf<\/li>\r\n \t<li>\u00a050 gram m\u1eadt ong<\/li>\r\n \t<li>\u00a070 gram \u0111\u01b0\u1eddng tr\u1eafng<\/li>\r\n \t<li>\u00a070 ml kem whipping<\/li>\r\n \t<li>\u00a01 ch\u00fat x\u00edu mu\u1ed1i \u0103n<\/li>\r\n<\/ol>\r\n<img class=\"aligncenter size-full wp-image-83287\" src=\"https:\/\/big.vn\/wp-content\/uploads\/2017\/08\/cach-lam-banh-trung-thu-nhan-dau-xanh-1-nhan-ngon-nhu-tiem-hinh-3.jpg\" alt=\"C\u00e1ch l\u00e0m m\u00f3n b\u00e1nh trung thu \u0111\u1eadu xanh 1 nh\u00e2n ngon nh\u01b0 ti\u1ec7m h\u00ecnh 3\" width=\"704\" height=\"425\" \/>\r\n<h3>D\u1ee5ng c\u1ee5 l\u00e0m b\u00e1nh trung thu \u0111\u1eadu xanh 1 nh\u00e2n<\/h3>\r\n<ol>\r\n \t<li>B\u00e1t l\u1edbn, nh\u1ecf<\/li>\r\n \t<li>\u00a0\u0110\u0129a, th\u00eca, \u0111\u0169a, gi\u00e1, \u2026<\/li>\r\n \t<li>\u00a0N\u1ed3i th\u01b0\u1eddng, ch\u1ea3o ch\u1ed1ng d\u00ednh<\/li>\r\n \t<li>\u00a0M\u00e1y xay<\/li>\r\n \t<li>\u00a0H\u1ed9p c\u00f3 n\u1eafp \u0111\u1eady<\/li>\r\n \t<li>\u00a0Ph\u1edbi l\u01b0\u1edbi tr\u1ed9n<\/li>\r\n \t<li>\u00a0Khu\u00f4n b\u00e1nh trung thu<\/li>\r\n<\/ol>\r\n<h3>C\u00e1ch l\u00e0m b\u00e1nh trung thu \u0111\u1eadu xanh 1 nh\u00e2n<\/h3>\r\n<h4>B\u01b0\u1edbc 1: S\u01a1 ch\u1ebf nguy\u00ean li\u1ec7u c\u00e1ch l\u00e0m \u00a0b\u00e1nh trung thu \u0111\u1eadu xanh 1 nh\u00e2n<\/h4>\r\n\u0110\u1eadu xanh mua v\u1ec1 b\u1ea1n c\u1ea7n r\u1eeda s\u1ea1ch, \u0111\u00e3i b\u1ecf h\u1ea1t s\u00e2u, h\u1ea1t n\u00e9p, sau \u0111\u00f3 \u0111em ng\u00e2m kho\u1ea3ng 2 gi\u1edd \u0111\u1ed3ng h\u1ed3.\r\n\r\nSau khi ng\u00e2m xong, b\u1ea1n vo s\u1ea1ch \u0111\u1eadu. Cho v\u00e0o m\u1ed9t c\u00e1i gi\u00e1 cho r\u00e1o n\u01b0\u1edbc.\r\n\r\n<img class=\"aligncenter size-full wp-image-83291\" src=\"https:\/\/big.vn\/wp-content\/uploads\/2017\/08\/cach-lam-banh-trung-thu-nhan-dau-xanh-1-nhan-ngon-nhu-tiem-hinh-5.jpg\" alt=\"C\u00e1ch l\u00e0m m\u00f3n b\u00e1nh trung thu \u0111\u1eadu xanh 1 nh\u00e2n ngon nh\u01b0 ti\u1ec7m h\u00ecnh 5\" width=\"704\" height=\"573\" \/>\r\n\r\n\u0110\u1eb7t m\u1ed9t c\u00e1i n\u1ed3i th\u01b0\u1eddng l\u00ean b\u1ebfp v\u00e0 b\u1eadt l\u1eeda v\u1eeba, cho \u0111\u1eadu xanh v\u00e0o n\u1ed3i c\u00f9ng 700 ml n\u01b0\u1edbc. B\u1ea1n n\u1ea5u cho \u0111\u1ebfn khi \u0111\u1eadu ch\u00edn nh\u1eeb, n\u01b0\u1edbc c\u1ea1n s\u00e1nh th\u00ec t\u1eaft b\u1ebfp. \u0110\u1ec3 cho \u0111\u1eadu \u0111\u01b0\u1ee3c ngu\u1ed9i b\u1edbt.\r\n<h4>B\u01b0\u1edbc 2: Ti\u1ebfn h\u00e0nh\u00a0c\u00e1ch l\u00e0m \u00a0b\u00e1nh trung thu \u0111\u1eadu xanh 1 nh\u00e2n<\/h4>\r\nTrong m\u1ed9t c\u00e1i m\u00e1y xay, b\u1ea1n \u0111\u1ed5 \u0111\u1eadu xanh c\u00f9ng \u0111\u01b0\u1eddng tr\u1eafng v\u00e0o \u0111\u00f3 v\u00e0 xay th\u1eadt nhuy\u1ec5n h\u1ed7n h\u1ee3p n\u00e0y.\r\n\r\n<img class=\"aligncenter size-full wp-image-83288\" src=\"https:\/\/big.vn\/wp-content\/uploads\/2017\/08\/cach-lam-banh-trung-thu-nhan-dau-xanh-1-nhan-ngon-nhu-tiem-hinh-4.jpg\" alt=\"C\u00e1ch l\u00e0m m\u00f3n b\u00e1nh trung thu \u0111\u1eadu xanh 1 nh\u00e2n ngon nh\u01b0 ti\u1ec7m h\u00ecnh 4\" width=\"346\" height=\"242\" \/>\r\n\r\nSau khi c\u00f3 \u0111\u01b0\u1ee3c h\u1ed7n h\u1ee3p nhuy\u1ec5n m\u1ecbn th\u00ec b\u1ea1n ti\u1ebfp t\u1ee5c \u0111\u1ed5 ra ch\u1ea3o kh\u00f4ng d\u00ednh c\u00f9ng m\u1eadt ong v\u00e0 kem whipping tr\u1ed9n \u0111\u1ec1u.\r\n\r\nB\u1eafc ch\u1ea3o \u0111\u1eadu l\u00ean b\u1ebfp, s\u00ean l\u1eeda v\u1eeba cho \u0111\u1ebfn khi \u0111\u1eadu s\u00e1nh m\u1ecbn kh\u00f4ng d\u00ednh ch\u1ea3o th\u00ec t\u1eaft b\u1ebfp.\r\n<h4>B\u01b0\u1edbc 3: Ho\u00e0n th\u00e0nh\u00a0c\u00e1ch l\u00e0m \u00a0b\u00e1nh trung thu \u0111\u1eadu xanh 1 nh\u00e2n<\/h4>\r\nB\u1ea1n \u0111\u1ec3 \u0111\u1eadu ngu\u1ed9i kho\u1ea3ng 10 ph\u00fat th\u00ec b\u1eaft \u0111\u1ea7u ti\u1ebfn h\u00e0nh \u0111\u00f3ng b\u00e1nh trung thu.\r\n\r\n\u0110\u1ea7u ti\u00ean, h\u00e3y chia b\u1ed9t \u0111\u1eadu n\u00e0y th\u00e0nh t\u1eebng ph\u1ea7n nh\u1ecf, kho\u1ea3ng 50 gram l\u00e0 \u0111\u1eb9p. D\u00f9ng tay vo tr\u00f2n r\u1ed3i cho v\u00e0o khu\u00f4n \u1ea5n nh\u1eb9, tr\u01b0\u1edbc khi \u0111\u1ea9y b\u00e1nh ra.\r\n\r\nC\u1ee9 l\u00e0m nh\u01b0 th\u1ebf cho \u0111\u1ebfn h\u1ebft s\u1ed1 \u0111\u1eadu xanh m\u00e0 b\u1ea1n c\u00f3.\r\n\r\nB\u00e1nh \u0111\u1eadu xanh v\u00f4 c\u00f9ng th\u01a1m ngon, h\u1ea5p d\u1eabn l\u1ea1i \u0111\u01a1n gi\u1ea3n trong c\u00e1ch l\u00e0m cu\u1ed1i c\u00f9ng \u0111\u00e3 ho\u00e0n th\u00e0nh r\u1ed3i \u0111\u1ea5y!\r\n\r\nB\u00e2y gi\u1edd b\u1ea1n ch\u1ec9 c\u1ea7n cho b\u00e1nh v\u00e0o h\u1ed9p c\u00f3 n\u1eafp \u0111\u1eady r\u1ed3i \u0111em b\u1ea3o qu\u1ea3n trong ng\u0103n m\u00e1t t\u1ee7 l\u1ea1nh l\u00e0 \u0111\u01b0\u1ee3c nha! B\u00e1nh s\u1ebd h\u01a1i ng\u1ea3 m\u00e0u xanh \u0111\u1eb9p m\u1eaft!\r\n\r\n<img class=\"aligncenter size-full wp-image-83289\" src=\"https:\/\/big.vn\/wp-content\/uploads\/2017\/08\/cach-lam-banh-trung-thu-nhan-dau-xanh-1-nhan-ngon-nhu-tiem-hinh-2.jpg\" alt=\"C\u00e1ch l\u00e0m m\u00f3n b\u00e1nh trung thu \u0111\u1eadu xanh 1 nh\u00e2n ngon nh\u01b0 ti\u1ec7m h\u00ecnh 2\" width=\"704\" height=\"491\" \/>\r\n\r\n<em>V\u1edbi 3 b\u01b0\u1edbc \u0111\u01a1n gi\u1ea3n b\u1ea1n c\u00f3 th\u1ec3 tha h\u1ed3 t\u1ef1 tay l\u00e0m n\u00ean nh\u1eefng chi\u1ebfc b\u00e1nh trung thu \u0111\u1ec3 t\u1eb7ng gia \u0111\u00ecnh, b\u1ea1n b\u00e8 \u00a0v\u1edbi \u00fd ngh\u0129a ch\u00fac cho m\u1ecdi \u0111i\u1ec1u trong cu\u1ed9c s\u1ed1ng \u0111\u01b0\u1ee3c tr\u00f2n \u0111\u1ea7y, vi\u00ean m\u00e3n, ch\u00ednh b\u1edfi \u0111i\u1ec1u n\u00e0y m\u00e0 chi\u1ebfc b\u00e1nh l\u00e0 m\u00f3n \u0103n, m\u00f3n qu\u00e0 c\u00f3 gi\u00e1 tr\u1ecb tinh th\u1ea7n kh\u00f4ng th\u1ec3 thi\u1ebfu trong ng\u00e0y T\u1ebft Trung thu.<\/em>\r\n\r\n&nbsp;"}