{"title":"Xem b\u00f3i n\u1ed1t ru\u1ed3i \u1edf c\u1ed5 cho nam n\u1eef \u0111i\u1ec1m b\u00e1o v\u1eadn may hay xui & \u00dd ngh\u0129a n\u00f3i l\u00ean \u0111i\u1ec1u g\u00ec","categories":["alongay"],"tags":["n\u1ed1t ru\u1ed3i \u1edf c\u1ed5","n\u1ed1t ru\u1ed3i \u1edf c\u1ed5 \u0111\u00e0n \u00f4ng","xem b\u00f3i n\u1ed1t ru\u1ed3i","xem t\u01b0\u1edbng n\u1ed1t ru\u1ed3i \u1edf c\u1ed5 ph\u1ee5 n\u1eef"],"featureImage":"https:\/\/big.vn\/wp-content\/uploads\/2017\/08\/xem-boi-not-ruoi-o-co-cho-nam-nu.jpg","excerpt":"H\u00e3y c\u00f9ng big.vn t\u00ecm hi\u1ec3u xem b\u00f3i n\u1ed1t ru\u1ed3i \u1edf c\u1ed5 cho nam n\u1eef d\u01b0\u1edbi \u0111\u00e2y \u0111\u1ec3 xem nh\u1eefng n\u1ed1t ru\u1ed3i n\u00e0y l\u00e0 \u0111i\u1ec1m b\u00e1o c\u1ee7a \u0111i\u1ec1u g\u00ec nh\u00e9.\r\n1. Xem t\u01b0\u1edbng n\u1ed1t ru\u1ed3i \u1edf c\u1ed5 ph\u1ee5 n\u1eef\r\n\r\n \t1.1. N\u1ed1t ru\u1ed3i \u1edf tr\u01b0\u1edbc v\u00e0 ch\u00ednh gi\u1eefa c\u1ed5\r\n\r\nNh\u00e2n di\u1ec7n h\u1ecdc coi \u0111\u00e2y l\u00e0 n\u1ed1t ru\u1ed3i ph\u00fa qu\u00fd, mang l\u1ea1i nhi\u1ec1u may m\u1eafn v\u1ec1 t\u00e0i l\u1ed9c. Ch\u1ee7 nh\u00e2n c\u1ee7a n\u1ed1t r","slug":"xem-boi-not-ruoi-o-co-cho-nam-nu__trashed","content":"H\u00e3y c\u00f9ng big.vn t\u00ecm hi\u1ec3u xem b\u00f3i n\u1ed1t ru\u1ed3i \u1edf c\u1ed5 cho nam n\u1eef d\u01b0\u1edbi \u0111\u00e2y \u0111\u1ec3 xem nh\u1eefng n\u1ed1t ru\u1ed3i n\u00e0y l\u00e0 \u0111i\u1ec1m b\u00e1o c\u1ee7a \u0111i\u1ec1u g\u00ec nh\u00e9.\r\n<h3>1. Xem t\u01b0\u1edbng n\u1ed1t ru\u1ed3i \u1edf c\u1ed5 ph\u1ee5 n\u1eef<\/h3>\r\n<ul>\r\n \t<li>1.1.<strong> N\u1ed1t ru\u1ed3i \u1edf tr\u01b0\u1edbc v\u00e0 ch\u00ednh gi\u1eefa c\u1ed5<\/strong><\/li>\r\n<\/ul>\r\nNh\u00e2n di\u1ec7n h\u1ecdc coi \u0111\u00e2y l\u00e0 n\u1ed1t ru\u1ed3i ph\u00fa qu\u00fd, mang l\u1ea1i nhi\u1ec1u may m\u1eafn v\u1ec1 t\u00e0i l\u1ed9c. Ch\u1ee7 nh\u00e2n c\u1ee7a n\u1ed1t ru\u1ed3i n\u00e0y kh\u00f4ng nh\u1eefng d\u1ec5 d\u00e0ng g\u1eb7t h\u00e1i \u0111\u01b0\u1ee3c th\u00e0nh c\u00f4ng trong s\u1ef1 nghi\u1ec7p v\u00ec c\u00f3 ng\u01b0\u1eddi gi\u00fap \u0111\u1ee1 m\u00e0 c\u00f2n kh\u00e1 h\u1ea1nh ph\u00fac trong t\u00ecnh y\u00eau.\r\n\r\n<img class=\"aligncenter size-full wp-image-83242\" src=\"https:\/\/big.vn\/wp-content\/uploads\/2017\/08\/xem-boi-not-ruoi-o-co-cho-nam-nu-1.jpg\" alt=\"Xem b\u00f3i n\u1ed1t ru\u1ed3i \u1edf c\u1ed5 cho nam n\u1eef \u0111i\u1ec1m b\u00e1o v\u1eadn may hay xui ph\u1ea7n 1\" width=\"500\" height=\"333\" \/>\r\n<ul>\r\n \t<li>1.2.<strong> N\u1ed1t ru\u1ed3i m\u1ecdc \u1edf v\u1ecb tr\u00ed hai b\u00ean x\u01b0\u01a1ng \u0111\u00f2n<\/strong><\/li>\r\n<\/ul>\r\n\u0110\u1ed1i v\u1edbi c\u1ea3 nam v\u00e0 n\u1eef, n\u1ebfu c\u00f3 n\u1ed1t ru\u1ed3i m\u1ecdc \u1edf v\u1ecb tr\u00ed x\u01b0\u01a1ng \u0111\u00f2n (hay c\u00f2n g\u1ecdi l\u00e0 x\u01b0\u01a1ng quai xanh), \u0111\u1ec1u l\u00e0 ng\u01b0\u1eddi ch\u00e2n th\u00e0nh, t\u1ed1t t\u00ednh, l\u00e0m vi\u1ec7c g\u00ec c\u0169ng c\u1ea9n tr\u1ecdng v\u00e0 \u1ed5n \u0111\u1ecbnh. H\u01a1n n\u1eefa, t\u00ednh kh\u00ed c\u1ee7a h\u1ecd r\u1ea5t h\u00e0i h\u00f2a, d\u1ec5 h\u00f2a \u0111\u1ed3ng v\u00e0 \u0111\u01b0\u1ee3c nhi\u1ec1u ng\u01b0\u1eddi y\u00eau m\u1ebfn, tin t\u01b0\u1edfng.\r\n\r\n<img class=\"aligncenter size-full wp-image-83243\" src=\"https:\/\/big.vn\/wp-content\/uploads\/2017\/08\/xem-boi-not-ruoi-o-co-cho-nam-nu-2.jpg\" alt=\"Xem b\u00f3i n\u1ed1t ru\u1ed3i \u1edf c\u1ed5 cho nam n\u1eef \u0111i\u1ec1m b\u00e1o v\u1eadn may hay xui ph\u1ea7n 2\" width=\"500\" height=\"261\" \/>\r\n<ul>\r\n \t<li>1.3.<strong> N\u1ed1t ru\u1ed3i \u1edf ph\u00eda c\u1ed1 tr\u00e1i<\/strong><\/li>\r\n<\/ul>\r\nPh\u1ee5 n\u1eef c\u00f3 n\u1ed1t ru\u1ed3i \u1edf ph\u00eda c\u1ed5 tr\u00e1i th\u01b0\u1eddng c\u00f3 th\u1ebf gi\u1edbi t\u00ecnh c\u1ea3m phong ph\u00fa v\u00e0 kh\u00e1 l\u1eadn \u0111\u1eadn v\u1ec1 chuy\u1ec7n t\u00ecnh duy\u00ean.\u0110\u1eb7c bi\u1ec7t trong chuy\u1ec7 t\u00ecnh c\u1ea3m ng\u1eddi n\u00e0y th\u01b0\u1eddng r\u01a1i v\u00e0o th\u1ebf gi\u1edb b\u1ecb \u0111\u1ed9ng, d\u1ec5 b\u1ecb ng\u01b0\u1eddi kh\u00e1c l\u1ee3i d\u1ee5ng v\u00e0 l\u00e0m t\u1ed5n th\u01b0\u01a1ng tinh th\u1ea7n.\r\n\r\nCu\u1ed9c s\u1ed1ng h\u00f4n nh\u00e2n th\u01b0\u1eddng kh\u00f4ng thu\u1eadn l\u1ee3i, th\u01b0\u1eddng ch\u1ecbu \u00e1p l\u1ef1c t\u1eeb ph\u00eda nh\u00e0 ch\u1ed3ng.Tuy nhi\u00ean c\u00f4ng vi\u1ec7c c\u1ee7a ng\u01b0\u1eddi n\u00e0y l\u1ea1i kh\u00e1 thu\u1eadn l\u1ee3i, sau n\u00e0y s\u1ebd l\u00e0 kinh t\u1ebf c\u1ee7a tr\u1ee5 c\u1ed9t gia \u0111\u00ecnh.\r\n<ul>\r\n \t<li>1.4.<strong> N\u1ed1t ru\u1ed3i \u1edf ph\u00eda c\u1ed5 ph\u1ea3i<\/strong><\/li>\r\n<\/ul>\r\nNg\u01b0\u1eddi ph\u1ee5 n\u1eef c\u00f3 n\u1ed1t ru\u1ed3i \u1edf ph\u00eda c\u1ed5 ph\u1ea3i th\u01b0\u1eddng l\u00e0 nh\u1eefng ng\u01b0\u1eddi r\u1ea5t n\u0103ng \u0111\u1ed9ng, th\u00edch \u0111i \u0111\u00e2u \u0111\u00f3 \u0111\u1ec3 kh\u00e1m ph\u00e1 nh\u1eefng \u0111i\u1ec1u m\u1edbi l\u1ea1. Ng\u01b0\u1eddi n\u00e0y c\u00f3 c\u00e1 t\u00ednh \u0111\u1ed9c l\u1eadp, th\u01b0\u1eddng r\u1ea5t t\u1ef1 tin v\u00e0o b\u1ea3n th\u00e2n, \u0111\u1ea1t \u0111\u01b0\u1ee3c th\u00e0nh c\u00f4ng nh\u1ea5t \u0111\u1ecbnh trong s\u1ef1 nghi\u1ec7p nh\u01b0ng ti\u00eau x\u00e0i ph\u00f3ng kho\u00e1ng n\u00ean r\u1ea5t kh\u00f3 \u0111\u1ec3 tr\u1ee5 t\u00e0i, t\u00edch l\u0169y kh\u00f4ng nhi\u1ec1u t\u00e0i s\u1ea3n.\r\n\r\nCu\u1ed9c s\u1ed1ng h\u00f4n nh\u00e2n c\u1ee7a ng\u01b0\u1eddi n\u00e0y kh\u00e1 y\u00ean \u1ed5n, c\u00f3 v\u1ecb tr\u00ed quan tr\u1ecdng trong gia \u0111\u00ecnh nh\u01b0ng t\u00ecnh c\u1ea3m v\u1ee3 ch\u00f2ng k qu\u00e1 m\u1eb7n n\u1ed3ng, cu\u1ed9c s\u1ed1ng y\u00ean b\u00ecnh tr\u00f4i \u0111i.\r\n\r\n<img class=\"aligncenter size-full wp-image-83244\" src=\"https:\/\/big.vn\/wp-content\/uploads\/2017\/08\/xem-boi-not-ruoi-o-co-cho-nam-nu-3.jpg\" alt=\"Xem b\u00f3i n\u1ed1t ru\u1ed3i \u1edf c\u1ed5 cho nam n\u1eef \u0111i\u1ec1m b\u00e1o v\u1eadn may hay xui ph\u1ea7n 3\" width=\"500\" height=\"375\" \/>\r\n<ul>\r\n \t<li>1.5.<strong> N\u1ed1t ru\u1ed3i m\u1ecdc \u1edf m\u1eb7t tr\u01b0\u1edbc hai vai (thu\u1ed9c v\u00f9ng ng\u1ef1c)<\/strong><\/li>\r\n<\/ul>\r\nXem b\u00f3i n\u1ed1t ru\u1ed3i t\u1ea1i v\u1ecb tr\u00ed n\u00e0y kh\u00f4ng \u0111\u01b0\u1ee3c y\u00eau th\u00edch b\u1edfi n\u00f3 h\u00e0m \u00fd v\u1ea5t v\u1ea3 v\u1ec1 v\u1eadt ch\u1ea5t. Ch\u1ee7 nh\u00e2n c\u1ee7a n\u1ed1t ru\u1ed3i n\u00e0y c\u0169ng kh\u00f3 g\u1eb7p su\u00f4n s\u1ebb trong \u0111\u1eddi s\u1ed1ng tinh th\u1ea7n v\u00ec ph\u1ea3i suy ngh\u0129 qu\u00e1 nhi\u1ec1u.\r\n\r\nN\u1ebfu s\u1edf h\u1eefu n\u1ed1t ru\u1ed3i n\u00e0y, b\u1ea1n c\u00f3 th\u1ec3 s\u1ebd ph\u1ea3i g\u1ed3ng g\u00e1nh r\u1ea5t nhi\u1ec1u vi\u1ec7c. Do v\u1eady, l\u00fac n\u00e0o b\u1ea1n c\u0169ng r\u01a1i v\u00e0o tr\u1ea1ng th\u00e1i t\u1ea5t b\u1eadt, kh\u00f3 nh\u1ecdc. Tuy nhi\u00ean, \u0111\u00e2y kh\u00f4ng ph\u1ea3i l\u00e0 n\u1ed1t ru\u1ed3i ngh\u00e8o kh\u1ed5. Khi n\u1ed7 l\u1ef1c v\u00e0 c\u1ed1 g\u1eafng h\u1ebft m\u00ecnh, b\u1ea1n s\u1ebd s\u1edbm c\u00f3 c\u01a1 h\u1ed9i \u0111\u1ec3 th\u00e0nh c\u00f4ng.\r\n<ul>\r\n \t<li>1.6.<strong> N\u1ed1t ru\u1ed3i ph\u00eda sau c\u1ed5<\/strong><\/li>\r\n<\/ul>\r\nNg\u01b0\u1eddi c\u00f3 n\u1ed1t ru\u1ed3i n\u00e0y th\u00ec t\u00ednh t\u00ecnh th\u1eb3ng th\u1eafn, ch\u00e2n th\u00e0nh nh\u01b0ng h\u01a1i l\u01b0\u1eddi nh\u00e1c vi\u1ec7c nh\u00e0 v\u00e0 chuy\u1ec7n b\u00e0i v\u1edf. Tuy nhi\u00ean cu\u1ed9c s\u1ed1ng c\u1ee7a ng\u01b0\u1eddi n\u00e0y kh\u00e1 y\u00ean b\u00ecnh, kh\u00f4ng ph\u1ea3i tr\u1ea3i qua nhi\u1ec1u s\u00f3ng gi\u00f3.\r\n<ul>\r\n \t<li>1.7.<strong> N\u1ed1t ru\u1ed3i ch\u00ednh gi\u1eefa g\u00e1y<\/strong><\/li>\r\n<\/ul>\r\n\u0110\u00e2y l\u00e0 \u0111i\u1ec1m b\u00e1o cho th\u1ea5y b\u1ea1n s\u1ebd g\u1eb7p xui x\u1ebbo v\u00e0 nhi\u1ec1u tr\u1edf ng\u1ea1i trong cu\u1ed9c s\u1ed1ng. H\u01a1n th\u1ebf, t\u00ednh c\u00e1ch nh\u1eb9 d\u1ea1 c\u1ea3 tin c\u1ee7a b\u1ea1n c\u00f3 ng\u00e0y s\u1ebd b\u1ecb ng\u01b0\u1eddi kh\u00e1c l\u1ee3i d\u1ee5ng \u0111\u1ec3 l\u1eeba g\u1ea1t t\u00ecnh c\u1ea3m v\u00e0 ti\u1ec1n b\u1ea1c. Do \u0111\u00f3, l\u00e0m vi\u1ec7c g\u00ec b\u1ea1n c\u0169ng ph\u1ea3i h\u1ebft s\u1ee9c th\u1eadn tr\u1ecdng \u0111\u00f3 nha.\r\n\r\n<img class=\"aligncenter size-full wp-image-83245\" src=\"https:\/\/big.vn\/wp-content\/uploads\/2017\/08\/xem-boi-not-ruoi-o-co-cho-nam-nu-4.jpg\" alt=\"Xem b\u00f3i n\u1ed1t ru\u1ed3i \u1edf c\u1ed5 cho nam n\u1eef \u0111i\u1ec1m b\u00e1o v\u1eadn may hay xui ph\u1ea7n 4\" width=\"500\" height=\"325\" \/>\r\n<h3>2. Xem t\u01b0\u1edbng n\u1ed5i ru\u1ed3i \u1edf c\u1ed5 nam gi\u1edbi<\/h3>\r\n<ul>\r\n \t<li>2.1.<strong> N\u1ed1t ru\u1ed3i \u1edf ph\u00eda c\u1ed5 tr\u00e1i<\/strong><\/li>\r\n<\/ul>\r\nN\u1ebfu ph\u00eda tr\u00e1i c\u1ed5 \u0111\u00e0n \u00f4ng xu\u1ea5t hi\u1ec7n n\u1ed1t ru\u1ed3i, \u0111i\u1ec1u n\u00e0y b\u00e1o hi\u1ec7u ph\u01b0\u01a1ng di\u1ec7n gia \u0111\u00ecnh v\u00e0 t\u00e0i ch\u00ednh d\u1ec5 x\u1ea3y ra chuy\u1ec7n b\u1ea5t \u1ed5n, \u0111\u1eb7c bi\u1ec7t l\u00e0 v\u00e0o trung v\u1eadn. V\u1edbi nh\u1eefng ng\u01b0\u1eddi \u0111\u1ea7u t\u01b0, kinh doanh bu\u00f4n b\u00e1n c\u1ea7n ph\u1ea3i suy x\u00e9t k\u0129 t\u00ecnh h\u00ecnh th\u1ef1c t\u1ebf tr\u01b0\u1edbc khi quy\u1ebft \u0111\u1ecbnh b\u1ecf ti\u1ec1n \u0111\u1ec3 ti\u1ebfn h\u00e0nh s\u1ef1 vi\u1ec7c, tr\u00e1nh l\u00e0m vi\u1ec7c theo c\u1ea3m t\u00ednh m\u1ed9t c\u00e1ch m\u00f9 qu\u00e1ng s\u1ebd c\u00f3 nguy c\u01a1 ph\u00e1 t\u00e0i.\r\n\r\nNgo\u00e0i ra, \u0111\u00e2y c\u00f2n l\u00e0 d\u1ea5u hi\u1ec7u cho th\u1ea5y h\u00f4n nh\u00e2n c\u1ee7a ng\u01b0\u1eddi \u0111\u00e0n \u00f4ng n\u00e0y kh\u00f4ng h\u00f2a h\u1ee3p, c\u1ea7n d\u00e0nh nhi\u1ec1u th\u1eddi gian \u0111\u1ec3 chia s\u1ebb v\u00e0 quan t\u00e2m v\u1edbi ng\u01b0\u1eddi v\u1ee3 th\u00ec t\u00ecnh c\u1ea3m m\u1edbi \u0111\u01b0\u1ee3c c\u1ea3i thi\u1ec7n.\r\n<ul>\r\n \t<li>2.2.<strong> N\u1ed1t ru\u1ed3i \u1edf ph\u00eda c\u1ed5 ph\u1ea3i<\/strong><\/li>\r\n<\/ul>\r\nPh\u00eda c\u1ed5 ph\u1ea3i nam gi\u1edbi c\u00f3 n\u1ed1t ru\u1ed3i cho th\u1ea5y \u0111\u00e2y l\u00e0 ng\u01b0\u1eddi kh\u00f4ng bi\u1ebft quan t\u00e2m ch\u0103m s\u00f3c gia \u0111\u00ecnh, h\u1ea7u nh\u01b0 kh\u00f4ng c\u00f3 kh\u00e1i ni\u1ec7m v\u1ec1 cu\u1ed9c s\u1ed1ng h\u00f4n nh\u00e2n v\u00e0 gia \u0111\u00ecnh. L\u00e0m v\u1ee3 c\u1ee7a ng\u01b0\u1eddi \u0111\u00e0n \u00f4ng n\u00e0y th\u01b0\u1eddng ph\u1ea3i ch\u1ecbu cu\u1ed9c s\u1ed1ng v\u1ea5t v\u1ea3 v\u00e0 nhi\u1ec1u s\u1ee9c \u00e9p v\u1ec1 t\u00e2m l\u00ed. M\u1ed1i quan h\u1ec7 v\u1ee3 ch\u1ed3ng kh\u00f4ng h\u00f2a h\u1ee3p, hay tranh lu\u1eadn, c\u00e3i v\u00e3.\r\n\r\nB\u00ean c\u1ea1nh \u0111\u00f3, nam gi\u1edbi c\u00f3 n\u1ed1t ru\u1ed3i \u1edf v\u1ecb tr\u00ed n\u00e0y kh\u00f4ng th\u00edch h\u1ee3p v\u1edbi vi\u1ec7c \u0111i l\u00e0m \u0103n xa, t\u1ec9 l\u1ec7 th\u00e0nh c\u00f4ng khi l\u1eadp nghi\u1ec7p \u1edf qu\u00ea h\u01b0\u01a1ng cao h\u01a1n khi ph\u1ea3i tha h\u01b0\u01a1ng c\u1ea7u th\u1ef1c. N\u1ebfu \u0111i xa l\u1eadp nghi\u1ec7p ho\u1eb7c l\u00e0m \u0103n bu\u00f4n b\u00e1n th\u00ec gian nan \u0111\u1ee7 \u0111\u01b0\u1eddng.\r\n\r\n<img class=\"aligncenter size-full wp-image-83246\" src=\"https:\/\/big.vn\/wp-content\/uploads\/2017\/08\/xem-boi-not-ruoi-o-co-cho-nam-nu-5.jpg\" alt=\"Xem b\u00f3i n\u1ed1t ru\u1ed3i \u1edf c\u1ed5 cho nam n\u1eef \u0111i\u1ec1m b\u00e1o v\u1eadn may hay xui ph\u1ea7n 5\" width=\"500\" height=\"375\" \/>\r\n<ul>\r\n \t<li>2.3.<strong> N\u1ed1t ru\u1ed3i \u1edf ch\u00ednh gi\u1eefa c\u1ed5<\/strong><\/li>\r\n<\/ul>\r\n\u0110a ph\u1ea7n \u0111\u00e0n \u00f4ng c\u00f3 n\u1ed1t ru\u1ed3i n\u00e0y \u0111\u1ec1u d\u1ec5 thay \u0111\u1ed5i, t\u00ednh t\u00ecnh n\u00f3ng v\u1ed9i, l\u00e0m vi\u1ec7c g\u00ec c\u0169ng thi\u1ebfu ki\u00ean nh\u1eabn. Tuy ng\u01b0\u1eddi n\u00e0y th\u00f4ng minh b\u1ea9m sinh nh\u01b0ng kh\u00f4ng c\u00f3 ch\u00ed ti\u1ebfn th\u1ee7, ki\u00eau ng\u1ea1o n\u00ean d\u1ec5 \u0111\u1ec3 tu\u1ed9t m\u1ea5t c\u01a1 h\u1ed9i t\u1ed1t, cu\u1ed9c \u0111\u1eddi ngh\u00e8o kh\u00f3 v\u1ea5t v\u1ea3.\r\n\r\nTuy nhi\u00ean, n\u1ebfu thay \u0111\u1ed5i t\u00e2m t\u00ednh v\u00e0 t\u00edch c\u1ef1c r\u00e8n luy\u1ec7n t\u00ednh ki\u00ean nh\u1eabn c\u1ee7a b\u1ea3n th\u00e2n, c\u00f3 th\u1ec3 \u0111\u1ea1t \u0111\u01b0\u1ee3c th\u00e0nh c\u00f4ng nh\u1ea5t \u0111\u1ecbnh, cu\u1ed9c s\u1ed1ng s\u1ebd b\u1edbt kh\u00f3 kh\u0103n.\r\n<ul>\r\n \t<li>2.4.<strong> N\u1ed1t ru\u1ed3i \u1edf ph\u00eda sau c\u1ed5<\/strong><\/li>\r\n<\/ul>\r\n\u0110\u00e0n \u00f4ng c\u00f3 n\u1ed1t ru\u1ed3i m\u1ecdc \u1edf ph\u00eda sau c\u1ed5 d\u1ec5 b\u1ecb t\u1ed5n hao t\u00e0i s\u1ea3n, ti\u1ec1n t\u00e0i kh\u00f3 t\u1ee5, kh\u00f4ng bi\u1ebft n\u1eafm b\u1eaft c\u01a1 h\u1ed9i t\u1ed1t. Ng\u01b0\u1eddi n\u00e0y tuy c\u00f3 l\u00ed t\u01b0\u1edfng l\u1edbn v\u00e0 xu\u1ea5t th\u00e2n trong b\u1ed1i c\u1ea3nh gia \u0111\u00ecnh t\u1ed1t \u0111\u1eb9p nh\u01b0ng s\u1ed1 k\u00e9m may m\u1eafn n\u00ean th\u01b0\u1eddng v\u1ea5t v\u1ea3 \u1edf n\u1eeda tr\u01b0\u1edbc c\u1ee7a cu\u1ed9c \u0111\u1eddi. N\u1eeda cu\u1ed1i \u0111\u1eddi l\u1ea1i gi\u00e0u sang ph\u00fa qu\u00fd, danh l\u1ee3i v\u1eb9n to\u00e0n.\r\n\r\nNgo\u00e0i ra, v\u1ecb tr\u00ed n\u1ed1t ru\u1ed3i n\u00e0y c\u00f2n cho th\u1ea5y t\u00ecnh duy\u00ean l\u1eadn \u0111\u1eadn, d\u1ec5 r\u01a1i v\u00e0o t\u00ecnh y\u00eau tay ba ho\u1eb7c ng\u01b0\u1eddi con g\u00e1i m\u00e0 h\u1ecd y\u00eau b\u1ecb ng\u01b0\u1eddi kh\u00e1c c\u01b0\u1edbp m\u1ea5t.\r\n\r\n<em>Tr\u00ean \u0111\u00e2y l\u00e0 xem b\u00f3i n\u1ed1t ru\u1ed3i \u1edf c\u1ed5 cho nam n\u1eef chi ti\u1ebft ch\u00ednh x\u00e1c nh\u1ea5t gi\u00fap b\u1ea1n bi\u1ebft \u0111\u01b0\u1ee3c nh\u1eefng \u0111i\u1ec1m b\u00e1o v\u1eadn m\u1ec7nh c\u1ee7a b\u1ea3n th\u00e2n th\u00f4ng qua c\u00e1c n\u1ed1t ru\u1ed3i tr\u00ean c\u01a1 th\u1ec3, v\u00e0 c\u00f3 quy\u1ebft \u0111\u1ecbnh t\u1ea9y n\u1ed1t ru\u1ed3i hay gi\u1eef l\u1ea1i hi\u1ec7u qu\u1ea3, tr\u00e1nh ph\u00e1 t\u01b0\u1edbng. Ch\u00fac c\u00e1c b\u1ea1n lu\u00f4n vui v\u1ebb h\u1ea1nh ph\u00fac v\u1edbi cu\u1ed9c s\u1ed1ng c\u1ee7a m\u00ecnh v\u00e0 h\u00e3y lu\u00f4n \u0111\u1ed3ng h\u00e0nh c\u00f9ng big.vn \u0111\u1ec3 c\u1eadp nh\u1eadt th\u00eam nhi\u1ec1u th\u00f4ng tin h\u1eefu \u00edch cho b\u1ea3n th\u00e2n nh\u00e9.<\/em>\r\n\r\nt\u1eeb kh\u00f3a:\r\n<ul>\r\n \t<li><em>n\u1ed1t ru\u1ed3i \u1edf c\u1ed5 nam gi\u1edbi<\/em><\/li>\r\n \t<li><em>n\u1ed1t ru\u1ed3i \u1edf c\u1ed5 n\u1eef gi\u1edbi<\/em><\/li>\r\n \t<li><em>n\u1ed1t ru\u1ed3i \u1edf x\u01b0\u01a1ng \u0111\u00f2n<\/em><\/li>\r\n \t<li><em>n\u1ed1t ru\u1ed3i \u1edf y\u1ebft h\u1ea7u<\/em><\/li>\r\n \t<li><em>n\u1ed1t ru\u1ed3i \u1edf gi\u1eefa c\u1ed5<\/em><\/li>\r\n \t<li><em>n\u1ed1t ru\u1ed3i \u1edf c\u1ed5 c\u00f3 l\u1ed7 ti\u1ec1n ch\u00f4n<\/em><\/li>\r\n \t<li><em>n\u1ed1t ru\u1ed3i \u1edf sau g\u00e1y<\/em><\/li>\r\n \t<li><em>n\u1ed1t ru\u1ed3i \u1edf c\u1ed5 n\u00f3i l\u00ean \u0111i\u1ec1u g\u00ec<\/em><\/li>\r\n<\/ul>"}