{"title":"\u0110i\u1ec3m danh 10 nam di\u1ec5n vi\u00ean c\u00f3 g\u01b0\u01a1ng m\u1eb7t \u0111\u1eb9p & baby nh\u1ea5t hi\u1ec7n nay","categories":["Ki\u1ebfn th\u1ee9c"],"tags":["m\u1ef9 nam h\u00e0n qu\u1ed1c","nam di\u1ec5n vi\u00ean"],"featureImage":"https:\/\/big.vn\/wp-content\/uploads\/2017\/08\/diem-danh-10-nam-dien-vien-co-guong-mat-dep-baby-nhat-hien-nay.jpg","excerpt":"\u0110i\u1ec3m danh 10 nam di\u1ec5n vi\u00ean c\u00f3 g\u01b0\u01a1ng m\u1eb7t \u0111\u1eb9p nh\u1ea5t hi\u1ec7n nay\r\nS\u1edf h\u1eefu m\u1ed9t g\u01b0\u01a1ng m\u1eb7t baby v\u00f4 c\u00f9ng \u0111\u00e1ng y\u00eau,\u0111\u1eb7c bi\u1ec7t l\u00e0 l\u00e0n da b\u00fang ra s\u1eefa, Song Joong Ki, D.O, Kim Bum hay c\u1ea3 \u0111\u1ebfn c\u00e1c \"nam th\u1ea7n\" Hoa ng\u1eef nh\u01b0 Chung H\u00e1n L\u01b0\u01a1ng, L\u00e2m Ch\u00ed D\u0129nh, L\u00fd D\u1ecbch Phong th\u01b0\u1eddng b\u1ecb nh\u1ea7m tr\u1ebb h\u01a1n tu\u1ed5i th\u1eadt.\r\nD.O (EXO)\r\n\r\n\r\n\r\nD.O","slug":"diem-danh-10-nam-dien-vien-co-guong-mat-dep-baby-nhat-hien-nay","content":"<h2 style=\"text-align: center;\"><strong>\u0110i\u1ec3m danh 10 nam di\u1ec5n vi\u00ean c\u00f3 g\u01b0\u01a1ng m\u1eb7t \u0111\u1eb9p nh\u1ea5t hi\u1ec7n nay<\/strong><\/h2>\r\nS\u1edf h\u1eefu m\u1ed9t g\u01b0\u01a1ng m\u1eb7t baby v\u00f4 c\u00f9ng \u0111\u00e1ng y\u00eau,\u0111\u1eb7c bi\u1ec7t l\u00e0 l\u00e0n da b\u00fang ra s\u1eefa, Song Joong Ki, D.O, Kim Bum hay c\u1ea3 \u0111\u1ebfn c\u00e1c \"nam th\u1ea7n\" Hoa ng\u1eef nh\u01b0 Chung H\u00e1n L\u01b0\u01a1ng, L\u00e2m Ch\u00ed D\u0129nh, L\u00fd D\u1ecbch Phong th\u01b0\u1eddng b\u1ecb nh\u1ea7m tr\u1ebb h\u01a1n tu\u1ed5i th\u1eadt.\r\n<h3><strong>D.O (EXO)<\/strong><\/h3>\r\n\r\n<img class=\"aligncenter size-full wp-image-83182\" src=\"https:\/\/big.vn\/wp-content\/uploads\/2017\/08\/diem-danh-10-nam-dien-vien-co-guong-mat-dep-baby-nhat-hien-nay-1.jpg\" alt=\"\u0110i\u1ec3m danh 10 nam di\u1ec5n vi\u00ean c\u00f3 g\u01b0\u01a1ng m\u1eb7t \u0111\u1eb9p &amp; baby nh\u1ea5t hi\u1ec7n nay ph\u1ea7n 1\" width=\"500\" height=\"333\" \/>\r\n\r\n<strong>D.O (EXO)<\/strong> l\u00fac n\u00e0o c\u0169ng t\u1ecf ra l\u1ea1nh l\u00f9ng th\u1ebf th\u00f4i nh\u01b0ng g\u01b0\u01a1ng m\u1eb7t anh ch\u00e0ng c\u0169ng l\u00e0 baby ch\u00ednh hi\u1ec7u. V\u00f3c d\u00e1ng nh\u1ecf b\u00e9 c\u00e0ng khi\u1ebfn nam ca s\u0129 th\u00eam \u0111\u00e1ng y\u00eau trong m\u1eaft ng\u01b0\u1eddi h\u00e2m m\u1ed9. C\u00e1c fan c\u1ee7a <strong>EXO<\/strong> l\u00fac n\u00e0o c\u0169ng ph\u1ea3i \u0111\u1ea7u h\u00e0ng tr\u01b0\u1edbc v\u1ebb \u0111\u1eb9p kh\u00f4ng \u0111\u1ed9 tu\u1ed5i c\u1ee7a D.O. Anh ch\u00e0ng gi\u00e0 d\u00f9 \u0111\u00e3 b\u01b0\u1edbc sang tu\u1ed5i 25 nh\u01b0ng to\u00e0n b\u1ecb nh\u1ea7m nh\u01b0... thi\u1ebfu ni\u00ean 15. Hi\u1ec7n D.O \u0111ang h\u00e2m n\u00f3ng t\u00ean tu\u1ed5i tr\u00ean m\u00e0n \u1ea3nh c\u1ee7a m\u00ecnh qua b\u1ed9 phim Pure Love \u0111\u00f3ng c\u00f9ng n\u1eef di\u1ec5n vi\u00ean nh\u00ed xinh \u0111\u1eb9p Kin Soo Huyn.\r\n<h3><strong>Song Joong Ki<\/strong><\/h3>\r\n\r\n<img class=\"aligncenter size-full wp-image-83183\" src=\"https:\/\/big.vn\/wp-content\/uploads\/2017\/08\/diem-danh-10-nam-dien-vien-co-guong-mat-dep-baby-nhat-hien-nay-2.jpg\" alt=\"\u0110i\u1ec3m danh 10 nam di\u1ec5n vi\u00ean c\u00f3 g\u01b0\u01a1ng m\u1eb7t \u0111\u1eb9p &amp; baby nh\u1ea5t hi\u1ec7n nay ph\u1ea7n 2\" width=\"500\" height=\"333\" \/>\r\n\r\nSong Joong Ki<\/strong> v\u1eabn \u0111\u01b0\u1ee3c bi\u1ebft t\u1edbi l\u00e0 \"m\u1ef9 nam c\u00f3 g\u01b0\u01a1ng m\u1eb7t tr\u1ebb th\u01a1\". B\u1edfi kh\u00f3 ai c\u00f3 th\u1ec3 \u0111o\u00e1n \u0111\u01b0\u1ee3c anh ch\u00e0ng c\u00f3 g\u01b0\u01a1ng m\u1eb7t \u0111\u00e1ng y\u00eau, b\u00fang ra s\u1eefa kia v\u1edbi 2 n\u0103m d\u00e3i d\u1ea7u trong qu\u00e2n ng\u0169 \u0111\u00e3 b\u01b0\u1edbc qua tu\u1ed5i 31. \u0110\u1eb7c bi\u1ec7t l\u00e0 n\u1ee5 c\u01b0\u1eddi c\u1ee7a anh, ch\u1ec9 c\u1ea7n c\u01b0\u1eddi nh\u1ebfch m\u00e9p th\u00f4i c\u0169ng \u0111\u1ee7 \u0111\u1ec3 fan n\u1eef ng\u00e3 li\u00eau xi\u00eau. Xem th\u00eam ti\u1ec3u s\u1eed Song Joong Ki C\u00f9ng v\u1edbi c\u00e1ch l\u00e0m vi\u1ec7c nghi\u00eam t\u00fac, v\u1edbi s\u1ee9c h\u00fat \u0111\u01b0\u1ee3c ch\u1ee9ng minh t\u1eeb H\u1eadu Du\u1ec7 M\u1eb7t Tr\u1eddi, Song Joong Ki s\u1ebd kh\u00f4ng bao gi\u1edd l\u00e0 \"sao ch\u1ed5i\" - qu\u00e9t qua b\u1ea7u tr\u1eddi v\u00e0 v\u1ee5t t\u1eaft - m\u00e0 m\u00e3i m\u00e3i t\u1ecfa s\u00e1ng v\u00e0 \u0111\u01b0\u1ee3c nh\u1edb \u0111\u1ebfn v\u1edbi ng\u01b0\u1eddi h\u00e2m m\u1ed9 phim H\u00e0n.\r\n<h3><strong>Kim Bum<\/strong><\/h3>\r\n\r\n<img class=\"aligncenter size-full wp-image-83184\" src=\"https:\/\/big.vn\/wp-content\/uploads\/2017\/08\/diem-danh-10-nam-dien-vien-co-guong-mat-dep-baby-nhat-hien-nay-3.jpg\" alt=\"\u0110i\u1ec3m danh 10 nam di\u1ec5n vi\u00ean c\u00f3 g\u01b0\u01a1ng m\u1eb7t \u0111\u1eb9p &amp; baby nh\u1ea5t hi\u1ec7n nay ph\u1ea7n 3\" width=\"500\" height=\"503\" \/>\r\n\r\n\"Ch\u00e0ng F4\" Kim Bum S\u1edf h\u1eefu g\u01b0\u01a1ng m\u1eb7t \u0111\u1eb9p trai, baby c\u00f9ng n\u1ee5 c\u01b0\u1eddi t\u01b0\u01a1i t\u1eafn v\u00e0 th\u00e1i \u0111\u1ed9 th\u00e2n thi\u1ec7n lu\u00f4n gi\u00fap anh ghi \u0111i\u1ec3m v\u1edbi kh\u00e1n gi\u1ea3. Ch\u01b0a k\u1ec3, c\u00e1c fan n\u1eef lu\u00f4n \"ch\u1ebft m\u00ea ch\u1ebft m\u1ec7t\" g\u01b0\u01a1ng m\u1eb7t kh\u00f4ng tu\u1ed5i, kh\u00f4ng ch\u1ec9 \u0111\u1eb9p trai m\u00e0 c\u00f2n c\u00f3 lo\u1ea1t bi\u1ec3u c\u1ea3m r\u1ea5t \"cute\" n\u1eefa. Ch\u1ea3 tr\u00e1ch l\u00fac v\u00e0o vai \u00f4ng t\u1eed h\u00e0o hoa So Ji Yung trong Boy over flower, Kim Bum \u0111\u00e3 k\u1ecbp thu v\u1ec1 cho m\u00ecnh m\u1ed9t l\u01b0\u1ee3ng fan v\u00f4 c\u00f9ng \u0111\u00f4ng \u0111\u00e0o. V\u00e0 anh ch\u00e0ng l\u00fac n\u00e0o c\u0169ng \u0111\u01b0\u1ee3c m\u1eddi \u0111\u00f3ng phim cho nh\u1eefng vai c\u00f4ng t\u1eed nh\u00e0 gi\u00e0u c\u00f3 t\u00ednh l\u00e3ng m\u1ea1n. Nhi\u1ec1u fan n\u1eef \u0111\u00e3 kh\u00f4ng ng\u1ea1i ng\u1ea7n g\u1ecdi anh l\u00e0 \"ch\u00e0ng trai \u0111\u1eb9p h\u01a1n hoa\".\r\n<h3><strong>L Infinite<\/strong><\/h3>\r\n<img class=\"aligncenter size-full wp-image-83185\" src=\"https:\/\/big.vn\/wp-content\/uploads\/2017\/08\/diem-danh-10-nam-dien-vien-co-guong-mat-dep-baby-nhat-hien-nay-4.jpg\" alt=\"\u0110i\u1ec3m danh 10 nam di\u1ec5n vi\u00ean c\u00f3 g\u01b0\u01a1ng m\u1eb7t \u0111\u1eb9p &amp; baby nh\u1ea5t hi\u1ec7n nay ph\u1ea7n 4\" width=\"500\" height=\"400\" \/>\r\n\r\nRa m\u1eaft v\u1edbi vai tr\u00f2 l\u00e0 g\u01b0\u01a1ng m\u1eb7t \u0111\u1ea1i di\u1ec7n c\u1ee7a Infinite, L nhanh ch\u00f3ng chi\u1ebfm \u0111\u01b0\u1ee3c tr\u00e1i tim c\u1ee7a ng\u01b0\u1eddi h\u00e2m m\u1ed9 v\u1edbi nhan s\u1eafc \"\u0111\u1eb9p nghi\u00ean n\u01b0\u1edbc nghi\u00eang th\u00e0nh\", c\u00f9ng l\u00fam \u0111\u1ed3ng ti\u1ec1n ch\u1ebft ng\u01b0\u1eddi. Ch\u01b0a k\u1ec3, nh\u00ecn anh ch\u00e0ng m\u00e0 nhi\u1ec1u ng\u01b0\u1eddi h\u00e2m m\u1ed9 ch\u1ec9 c\u00f3 th\u1ec3 th\u1ea7m ghen t\u1ecb kh\u00f4ng hi\u1ec3u \u0103n g\u00ec m\u00e0 \u0111\u1eb9p v\u00e0 tr\u1ebb \"dai\" \u0111\u1ebfn v\u1eady. N\u0103m 2011, L b\u1eaft \u0111\u1ea7u l\u1ea5n s\u00e2n sang l\u0129nh v\u1ef1c phim \u1ea3nh t\u1eeb b\u1ed9 phim Nh\u1eadt B\u1ea3n JIU, sau \u0111\u00f3 l\u00e0 h\u00e0ng lo\u1ea1t vai di\u1ec5n trong Shut Up Flower Boy Band, Master's Sun, My Lovely Girl,...\r\n<h3><strong>L\u00e2m Ch\u00ed D\u0129nh<\/strong><\/h3>\r\n<img class=\"aligncenter size-full wp-image-83186\" src=\"https:\/\/big.vn\/wp-content\/uploads\/2017\/08\/diem-danh-10-nam-dien-vien-co-guong-mat-dep-baby-nhat-hien-nay-5.png\" alt=\"\u0110i\u1ec3m danh 10 nam di\u1ec5n vi\u00ean c\u00f3 g\u01b0\u01a1ng m\u1eb7t \u0111\u1eb9p &amp; baby nh\u1ea5t hi\u1ec7n nay ph\u1ea7n 5\" width=\"500\" height=\"504\" \/>\r\n\r\nL\u00e2m Ch\u00ed D\u0129nh g\u00e2y \u1ea5n t\u01b0\u1ee3ng v\u1edbi kh\u00e1n gi\u1ea3 khi s\u1edf h\u1eefu khu\u00f4n m\u1eb7t baby c\u00f9ng n\u1ee5 c\u01b0\u1eddi l\u00fam \u0111\u1ed3ng ti\u1ec1n ng\u1ecdt ng\u00e0o. D\u00f9 \u0111\u00e3 qua tu\u1ed5i 40 nh\u01b0ng d\u01b0\u1eddng nh\u01b0 khu\u00f4n m\u1eb7t m\u1ef9 nam kh\u00f4ng h\u1ec1 thay \u0111\u1ed5i sau bao n\u0103m th\u00e1ng, ch\u1eb3ng c\u00f3 m\u1ed9t n\u1ebfp nh\u0103n n\u00e0o cho th\u1ea5y d\u1ea5u hi\u1ec7u c\u1ee7a tu\u1ed5i t\u00e1c. Trong \u1ea5n t\u01b0\u1ee3ng c\u1ee7a c\u00e1c fan girl \"8x, 9x\", L\u00e2m Ch\u00ed D\u0129nh v\u1eabn \"c\u1ee9\" tr\u1ebb trung nh\u01b0 th\u00e1ch th\u1ee9c th\u1eddi gian. \u0110\u00e3 c\u00f3 m\u1ed9t th\u1eddi c\u00e1i t\u00ean L\u00e2m Ch\u00ed D\u0129nh \u0111\u00e1nh g\u1ee5c nhi\u1ec1u tr\u00e1i tim thi\u1ebfu n\u1eef.\r\n<h3><strong>Chung H\u00e1n L\u01b0\u01a1ng<\/strong><\/h3>\r\n<img class=\"aligncenter size-full wp-image-83187\" src=\"https:\/\/big.vn\/wp-content\/uploads\/2017\/08\/diem-danh-10-nam-dien-vien-co-guong-mat-dep-baby-nhat-hien-nay-6.jpg\" alt=\"\u0110i\u1ec3m danh 10 nam di\u1ec5n vi\u00ean c\u00f3 g\u01b0\u01a1ng m\u1eb7t \u0111\u1eb9p &amp; baby nh\u1ea5t hi\u1ec7n nay ph\u1ea7n 6\" width=\"500\" height=\"530\" \/>\r\n\r\nNam di\u1ec5n vi\u00ean c\u1ee7a \"B\u00ean nhau tr\u1ecdn \u0111\u1eddi\" l\u00e0 th\u1ea7n t\u01b0\u1ee3ng n\u1ed5i ti\u1ebfng c\u1ee7a kh\u00f4ng \u00edt c\u00f4 g\u00e1i theo d\u00f5i nh\u1eefng b\u1ed9 phim chuy\u1ec3n th\u1ec3 t\u1eeb ng\u00f4n t\u00ecnh. Chung H\u00e1n L\u01b0\u01a1ng li\u00ean t\u1ee5c \u0111\u1ee9ng trong top \u0111\u1ea7u danh s\u00e1ch \"M\u1ef9 nam tu\u1ed5i t\u1ee9 tu\u1ea7n\" c\u1ee7a Hoa Ng\u1eef. Th\u1eadm ch\u00ed trong vai di\u1ec5n \"H\u00e0 D\u0129 Th\u00e2m\" th\u1eddi \u0111\u1ea1i h\u1ecdc, kh\u00e1n gi\u1ea3 s\u1ebd ch\u1eb3ng th\u1ec3 t\u00ecm th\u1ea5y s\u1ef1 kh\u00e1c bi\u1ec7t gi\u1eefa ng\u01b0\u1eddi \u0111\u00e0n \u00f4ng 40 tu\u1ed5i v\u00e0 ch\u00e0ng trai tr\u1ebb tu\u1ed5i \u0111\u00f4i m\u01b0\u01a1i. \"\u0110\u1ea1i lu\u1eadt s\u01b0\" ngo\u00e0i \u0111\u1eddi l\u00e0 ng\u01b0\u1eddi lu\u00f4n v\u00f4 t\u01b0, c\u00f3 ph\u1ea7n nh\u1eafng nh\u00edt. M\u1ed9t trong nh\u1eefng b\u00ed quy\u1ebft gi\u1eef g\u00ecn nhan s\u1eafc c\u1ee7a anh l\u00e0 lu\u00f4n vui v\u1ebb, tho\u1ea3i m\u00e1i v\u00e0 kh\u00f4ng ngh\u0129 nhi\u1ec1u t\u1edbi tu\u1ed5i th\u1eadt c\u1ee7a m\u00ecnh.\r\n<h3><strong>L\u00fd D\u1ecbch Phong<\/strong><\/h3>\r\n<img class=\"aligncenter size-full wp-image-83188\" src=\"https:\/\/big.vn\/wp-content\/uploads\/2017\/08\/diem-danh-10-nam-dien-vien-co-guong-mat-dep-baby-nhat-hien-nay-7.jpg\" alt=\"\u0110i\u1ec3m danh 10 nam di\u1ec5n vi\u00ean c\u00f3 g\u01b0\u01a1ng m\u1eb7t \u0111\u1eb9p &amp; baby nh\u1ea5t hi\u1ec7n nay ph\u1ea7n 7\" width=\"500\" height=\"333\" \/>\r\n\r\nL\u00fd D\u1ecbch Phong hi\u1ec7n \u0111ang l\u00e0 nam di\u1ec5n vi\u00ean tr\u1ebb nh\u1eadn \u0111\u01b0\u1ee3c nhi\u1ec1u s\u1ef1 \u00e1i m\u1ed9 c\u1ee7a kh\u00e1n gi\u1ea3, \u0111\u1eb7c bi\u1ec7t l\u00e0 kh\u00e1n gi\u1ea3 n\u1eef b\u1edfi v\u1ebb ngo\u00e0i \u0111i\u1ec3n trai, c\u00f3 ch\u00fat l\u1ea1nh l\u00f9ng l\u1ea1i c\u00f2n mang m\u1ed9t v\u1ebb ng\u00e2y th\u01a1 \"v\u00f4 s\u1ed1 t\u1ed9i\" kh\u00f3 t\u1ea3, gi\u00fap anh nhanh ch\u00f3ng \u0111\u01b0\u1ee3c phong t\u1eb7ng bi\u1ec7t danh \"Nam th\u1ea7n ng\u00e2y th\u01a1\"\r\n\r\nC\u00e1c fan c\u00f2n b\u00e0y t\u1ecf, L\u00fd D\u1ecbch Phong kh\u00f4ng ch\u1ec9 \u0111\u1eb9p trai m\u00e0 c\u00f3 phong c\u00e1ch th\u1eddi trang ri\u00eang r\u1ea5t \u1ea5n t\u01b0\u1ee3ng. D\u00f9 \u0111\u00e3 27 tu\u1ed5i nh\u01b0ng tr\u00ean khu\u00f4n m\u1eb7t c\u1ee7a ch\u00e0ng \"so\u00e1i ca\" n\u00e0y kh\u00f4ng h\u1ec1 c\u00f3 t\u00ed n\u1ebfp nh\u0103n n\u00e0o. B\u00ean c\u1ea1nh \u0111\u00f3, r\u1ea5t nhi\u1ec1u ng\u01b0\u1eddi h\u00e2m m\u1ed9 \u0111\u00e3 \u0111\u1ed5 g\u1ee5c tr\u01b0\u1edbc t\u00ednh c\u00e1ch h\u00e0i h\u01b0\u1edbc c\u1ee7a nam di\u1ec5n vi\u00ean v\u00e0 L\u00fd D\u1ecbch Phong lu\u00f4n l\u00e0 l\u1ef1a ch\u1ecdn h\u00e0ng \u0111\u1ea7u c\u1ee7a c\u00e1c c\u00f4 g\u00e1i trong vi\u1ec7c h\u1eb9n h\u00f2.\r\n<h3><strong>Ng\u00f4 Di\u1ec7c Ph\u00e0m<\/strong><\/h3>\r\n<img class=\"aligncenter size-full wp-image-83189\" src=\"https:\/\/big.vn\/wp-content\/uploads\/2017\/08\/diem-danh-10-nam-dien-vien-co-guong-mat-dep-baby-nhat-hien-nay-8.jpg\" alt=\"\u0110i\u1ec3m danh 10 nam di\u1ec5n vi\u00ean c\u00f3 g\u01b0\u01a1ng m\u1eb7t \u0111\u1eb9p &amp; baby nh\u1ea5t hi\u1ec7n nay ph\u1ea7n 8\" width=\"500\" height=\"467\" \/>\r\n\r\nD\u00f9 ch\u1ec9 m\u1edbi gia nh\u1eadp showbiz Hoa ng\u1eef nh\u01b0ng Ng\u00f4 Di\u1ec7c Ph\u00e0m lu\u00f4n l\u00e0 m\u1ed9t c\u00e1i t\u00ean hot khi xu\u1ea5t hi\u1ec7n \u1edf b\u1ea5t c\u1ee9 n\u01a1i \u0111\u00e2u. C\u00f3 chi\u1ec1u cao chu\u1ea9n si\u00eau m\u1eabu 1m87 c\u00f9ng g\u01b0\u01a1ng m\u1eb7t \u0111\u1eb9p nh\u01b0 t\u1ea1c t\u01b0\u1ee3ng, Ng\u00f4 Di\u1ec7c Ph\u00e0m ph\u00f9 h\u1ee3p v\u1edbi ch\u00e2n dung c\u1ee7a kha kh\u00e1 so\u00e1i ca ng\u00f4n t\u00ecnh.\r\n\r\nT\u1eeb nh\u00e2n v\u1eadt t\u1ed5ng gi\u00e1m \u0111\u1ed1c l\u1ea1nh l\u00f9ng cho \u0111\u1ebfn nam sinh tr\u1ebb trung, Ng\u00f4 Di\u1ec7c Ph\u00e0m \u0111\u1ec1u c\u00f3 kh\u1ea3 n\u0103ng h\u00f3a th\u00e2n ho\u00e0n h\u1ea3o. \u0110\u1eb7c bi\u1ec7t, \u00e1nh m\u1eaft th\u00e2m tr\u1ea7m c\u1ee7a anh ch\u00e0ng khi\u1ebfn nhi\u1ec1u ch\u1ecb em \u0111\u1ed9c gi\u1ea3 ng\u00f4n t\u00ecnh s\u1eb5n s\u00e0ng \"xin ch\u1ebft\". Tuy ch\u1ec9 l\u00e0 g\u01b0\u01a1ng m\u1eb7t l\u00ednh m\u1edbi, kh\u1ea3 n\u0103ng v\u00e0 kinh nghi\u1ec7m nh\u1eadp vai c\u00f2n non, th\u1ebf nh\u01b0ng ng\u00f4i sao sinh n\u0103m 1990 \u0111\u01b0\u1ee3c \u0111\u00e1nh gi\u00e1 c\u00f3 t\u01b0\u01a1ng lai v\u00f4 c\u00f9ng h\u1ee9a h\u1eb9n.\r\n<h3><strong>H\u1ee9a Ng\u1ee5y Ch\u00e2u<\/strong><\/h3>\r\n<img class=\"aligncenter size-full wp-image-83190\" src=\"https:\/\/big.vn\/wp-content\/uploads\/2017\/08\/diem-danh-10-nam-dien-vien-co-guong-mat-dep-baby-nhat-hien-nay-9.jpg\" alt=\"\u0110i\u1ec3m danh 10 nam di\u1ec5n vi\u00ean c\u00f3 g\u01b0\u01a1ng m\u1eb7t \u0111\u1eb9p &amp; baby nh\u1ea5t hi\u1ec7n nay ph\u1ea7n 9\" width=\"500\" height=\"750\" \/>\r\n\r\nN\u1ebfu nh\u01b0 Ho\u00e0ng C\u1ea3nh Du s\u1edf h\u1eefu v\u1ebb ngo\u00e0i nam t\u00ednh, thu h\u00fat th\u00ec ch\u00e0ng \"B\u1ea1ch L\u1ea1c Nh\u00e2n\" c\u1ee7a Th\u01b0\u1ee3ng \u1ea8n H\u1ee9a Ng\u1ee5y Ch\u00e2u c\u00f2n c\u00f3 g\u01b0\u01a1ng m\u1eb7t khi\u1ebfn c\u00e1c c\u00f4 g\u00e1i ph\u1ea3i \"\u0111\u1ee9ng ng\u1ed3i kh\u00f4ng y\u00ean\". Nam di\u1ec5n vi\u00ean s\u1edf h\u1eefu nh\u1eefng \u0111\u01b0\u1eddng n\u00e9t tr\u00ean khu\u00f4n m\u1eb7t khi\u1ebfn ph\u00e1i \u0111\u1eb9p ph\u1ea3i th\u1ea7m ao \u01b0\u1edbc v\u00e0 ganh t\u1ecb. C\u00f3 m\u1ed9t \u0111\u00f4i m\u00f4i d\u00e0y, cong tr\u00f4ng \"quy\u1ebfn r\u0169\" kh\u00f4ng thua k\u00e9m ph\u00e1i \u0111\u1eb9p, n\u01b0\u1edbc da tr\u1eafng h\u1ed3ng gi\u00fap hai ch\u00e0ng trai c\u00e0ng tr\u1edf n\u00ean thu h\u00fat v\u00e0 kh\u1eafc h\u1ecda r\u00f5 n\u00e9t h\u00ecnh t\u01b0\u1ee3ng th\u01b0 sinh, nho nh\u00e3.\r\n\r\nNgo\u00e0i \u0111\u1eddi H\u1ee9a Ng\u1ee5y Ch\u00e2u l\u00e0 m\u1ed9t anh ch\u00e0ng r\u1ea5t d\u1ec5 th\u01b0\u01a1ng, hay c\u01b0\u1eddi. Vi\u1ec7c s\u1edf h\u1eefu chi\u1ec1u cao 1m85 c\u0169ng gi\u00fap cho H\u1ee9a Ng\u1ee5y Ch\u00e2u c\u00f3 th\u1ec3 n\u1ed5i b\u1eadt \u1edf b\u1ea5t c\u1ee9 n\u01a1i n\u00e0o c\u1eadu \u0111i qua.\r\n\r\n<em>Tr\u00ean \u0111\u00e2y l\u00e0 danh s\u00e1ch nam di\u1ec5n vi\u00ean c\u00f3 g\u01b0\u01a1ng m\u1eb7t \u0111\u1eb9p v\u00e0 baby nh\u1ea5t trong showbiz hi\u1ec7n nay, nh\u1eefng di\u1ec5n vi\u00ea n\u00e0y kh\u00f4ng ch\u1ec9 c\u00f3 t\u00e0i n\u0103ng di\u1ec5n xu\u1ea5t m\u00e0 ngo\u1ea1i h\u00ecnh c\u0169ng c\u1ef1c \u1ea5n t\u01b0\u1ee3ng, tr\u1ebb trung khi\u1ebfn fan h\u00e2m m\u1ed9 m\u00ea m\u1ec7t. Ch\u00fac c\u00e1c b\u1ea1n \u0111\u1ecdc tin vui v\u1ebb v\u00e0 h\u00e3y lu\u00f4n \u0111\u1ed3ng h\u00e0nh c\u00f9ng big.vn \u0111\u1ec3 c\u1eadp nh\u1eadt th\u00eam nhi\u1ec1u th\u00f4ng tin h\u1eefu \u00edch nh\u00e9.<\/em>"}