{"title":"V\u00ec sao \u0111\u00e0n b\u00e0 ngo\u1ea1i t\u00ecnh ng\u00e0y c\u00e0ng nhi\u1ec1u h\u01a1n tr\u01b0\u1edbc?","categories":["Uncategorized"],"tags":["d\u1ea5u hi\u1ec7u ngo\u1ea1i t\u00ecnh \u1edf ph\u1ee5 n\u1eef","\u0111\u00e0n b\u00e0 ngo\u1ea1i t\u00ecnh","ngo\u1ea1i t\u00ecnh","ph\u1ee5 n\u1eef \u0111\u00e3 c\u00f3 ch\u1ed3ng"],"featureImage":"https:\/\/big.vn\/wp-content\/uploads\/2017\/08\/vi-sao-dan-ba-ngoai-tinh-ngay-cang-nhieu-hon-truoc.jpg","excerpt":"H\u00e3y c\u00f9ng big.vn ch\u00fang t\u00f4i t\u00ecm hi\u1ec3u xem v\u00ec sao \u0111\u00e0n b\u00e0 ngo\u1ea1i t\u00ecnh ng\u00e0y c\u00e0ng nhi\u1ec1u h\u01a1n \u0111\u00e0n \u00f4ng qua nh\u1eefng gi\u1ea3i \u0111\u00e1p b\u00ean d\u01b0\u1edbi nh\u00e9!\r\nV\u00ec sao ch\u1ecb em ngo\u1ea1i t\u00ecnh ng\u00e0y c\u00e0ng nhi\u1ec1u?\r\n\u0110\u1ea1o Ph\u1eadt v\u00ed ng\u01b0\u1eddi v\u1ee3 ngo\u1ea1i t\u00ecnh l\u00e0 \"k\u1ebb s\u00e1t nh\u00e2n\", kh\u00f4ng ch\u1ec9 gi\u1ebft ch\u1ebft h\u1ea1nh ph\u00fac gia \u0111\u00ecnh, g\u00e2y \u0111au kh\u1ed5 cho ch\u1ed3ng con m\u00e0 cho c\u1ea3 ch\u00ednh","slug":"vi-sao-dan-ba-ngoai-tinh-ngay-cang-nhieu-hon-truoc__trashed","content":"H\u00e3y c\u00f9ng big.vn ch\u00fang t\u00f4i t\u00ecm hi\u1ec3u xem v\u00ec sao \u0111\u00e0n b\u00e0 ngo\u1ea1i t\u00ecnh ng\u00e0y c\u00e0ng nhi\u1ec1u h\u01a1n \u0111\u00e0n \u00f4ng qua nh\u1eefng gi\u1ea3i \u0111\u00e1p b\u00ean d\u01b0\u1edbi nh\u00e9!\r\n<h3>V\u00ec sao ch\u1ecb em ngo\u1ea1i t\u00ecnh ng\u00e0y c\u00e0ng nhi\u1ec1u?<\/h3>\r\n\u0110\u1ea1o Ph\u1eadt v\u00ed ng\u01b0\u1eddi v\u1ee3 ngo\u1ea1i t\u00ecnh l\u00e0 \"k\u1ebb s\u00e1t nh\u00e2n\", kh\u00f4ng ch\u1ec9 gi\u1ebft ch\u1ebft h\u1ea1nh ph\u00fac gia \u0111\u00ecnh, g\u00e2y \u0111au kh\u1ed5 cho ch\u1ed3ng con m\u00e0 cho c\u1ea3 ch\u00ednh b\u1ea3n th\u00e2n m\u00ecnh. Th\u1ebf nh\u01b0ng c\u00f3 m\u1ed9t t\u00ecnh tr\u1ea1ng \u0111\u00e1ng lo ng\u1ea1i hi\u1ec7n nay l\u00e0 ng\u00e0y c\u00e0ng nhi\u1ec1u nhi\u1ec1u ph\u1ee5 n\u1eef ngo\u1ea1i t\u00ecnh.\r\n\r\nTheo th\u1ed1ng k\u00ea c\u1ee7a ch\u00fang t\u00f4i v\u1ec1 \u0111i\u1ec1u tra v\u1ea5n n\u1ea1n ngo\u1ea1i t\u00ecnh, ng\u00e0y n\u00e0o chuy\u00ean m\u1ee5c c\u0169ng c\u00f3 h\u00e0ng ch\u1ee5c cu\u1ed9c g\u1ecdi v\u00e0 email mu\u1ed1n t\u01b0 v\u1ea5n v\u1ec1 chuy\u1ec7n ngo\u1ea1i t\u00ecnh trong h\u00f4n nh\u00e2n. Kh\u00f4ng ch\u1ec9 l\u00e0 c\u00e1c b\u00e0 v\u1ee3 \u0111i\u1ec1u tra \u0111\u1ee9c lang qu\u00e2n c\u1ee7a m\u00ecnh m\u00e0 c\u00f3 1 l\u01b0\u1ee3ng kh\u00f4ng nh\u1ecf ng\u01b0\u1ee3c l\u1ea1i c\u00e1c \u00f4ng ch\u1ed3ng c\u00f3 nguy\u1ec7n v\u1ecdng \u0111i\u1ec1u tra s\u1ef1 l\u0103ng nh\u0103ng c\u1ee7a v\u1ee3.\r\n\r\nHi\u1ec7n nay t\u1ef7 l\u1ec7 ch\u1ecb em ngo\u1ea1i t\u00ecnh \u0111ang ng\u00e0y c\u00e0ng t\u0103ng l\u00ean r\u00f5 r\u1ec7t. Theo c\u00e1c chuy\u00ean gia ph\u1ee5 n\u1eef ngo\u1ea1i t\u00ecnh c\u00f3 thi\u00ean v\u1ec1 \u0111\u1ed9ng c\u01a1 t\u00ecnh c\u1ea3m n\u00ean r\u1ea5t d\u1ec5 say \u0111\u1eafm si m\u00ea, \u0111i\u1ec1u n\u00e0y l\u00e0 r\u1ea5t nguy hi\u1ec3m kh\u00e1c v\u1edbi c\u00e1c \u00f4ng ch\u1ed3ng h\u1ea7u h\u1ebft l\u00e0 do nhu c\u1ea7u sinh l\u00fd. Do v\u1eady vi\u1ec7c ph\u1ee5 n\u1eef ngo\u1ea1i t\u00ecnh th\u1ef1c t\u1ebf \u0111\u00e3 c\u00f3 kh\u00f4ng \u00edt ng\u01b0\u1eddi b\u1ecf ch\u1ed3ng con \u0111i theo ng\u01b0\u1eddi t\u00ecnh m\u1ed9t c\u00e1ch m\u00f9 qu\u00e1ng.\r\n\r\nCh\u00fang t\u00f4i xin \u0111\u01b0a ra nh\u1eefng nguy\u00ean nh\u00e2n c\u1ee5 th\u1ec3 \u0111\u1ec3 gi\u1ea3i th\u00edch v\u00ec sao ph\u1ee5 n\u1eef ngo\u1ea1i t\u00ecnh:\r\n<ul>\r\n \t<li><strong>B\u1ea1n kh\u00f4ng quan t\u00e2m t\u1edbi c\u00f4 \u1ea5y n\u1eefa:<\/strong><\/li>\r\n<\/ul>\r\n\u0110\u1ed1i v\u1edbi ph\u1ee5 n\u1eef, s\u1ef1 quan t\u00e2m hay nh\u1eefng l\u1eddi khen c\u1ee7a n\u1eeda kia c\u0169ng c\u1ea7n thi\u1ebft nh\u01b0 kh\u00f4ng kh\u00ed \u0111\u1ec3 th\u1edf v\u1eady, \u0111\u1eb7c bi\u1ec7t khi c\u00f4 \u1ea5y v\u1eeba c\u00f3 m\u1ed9t s\u1ef1 thay \u0111\u1ed5i n\u00e0o \u0111\u00f3. N\u1ebfu b\u1ea1n v\u00f4 t\u00e2m \u0111\u1ebfn m\u1ee9c kh\u00f4ng \u0111\u1ec3 \u00fd \u0111\u1ebfn ki\u1ec3u t\u00f3c m\u1edbi ho\u1eb7c b\u1ed9 \u0111\u1ea7m m\u1edbi c\u1ee7a n\u00e0ng th\u00ec r\u1ea5t c\u00f3 th\u1ec3 m\u1ed9t anh ch\u00e0ng n\u00e0o \u0111\u00f3 \u0111\u00e3 ki\u1ebfm \u0111i\u1ec3m v\u1edbi n\u00e0ng b\u1eb1ng nh\u1eefng l\u1eddi ca ng\u1ee3i c\u00f3 c\u00e1nh r\u1ed3i \u0111\u1ea5y.\r\n\r\n<strong>* Gi\u1ea3i ph\u00e1p:<\/strong>\r\n\r\nCho d\u00f9 c\u00f3 th\u00e2n thi\u1ebft \u0111\u1ebfn m\u1ea5y, \u0111\u1eebng bao gi\u1edd ti\u1ebft ki\u1ec7m nh\u1eefng l\u1eddi khen v\u00e0 s\u1ef1 quan t\u00e2m \u0111\u1ebfn v\u1ebb b\u1ec1 ngo\u00e0i c\u1ee7a c\u00f4 \u1ea5y. Ngay c\u1ea3 khi kh\u00f4ng c\u00f3 g\u00ec thay \u0111\u1ed5i, h\u00e3y d\u00e0nh nh\u1eefng l\u1eddi hay \u00fd \u0111\u1eb9p nh\u1ea5t m\u00e0 b\u1ea1n c\u00f3 th\u1ec3 ngh\u0129 ra khi n\u00f3i v\u1ec1 \u0111\u00f4i m\u1eaft, m\u00e1i t\u00f3c ho\u1eb7c d\u00e1ng ng\u01b0\u1eddi c\u1ee7a n\u00e0ng.\r\n\r\n<img class=\"aligncenter wp-image-83235\" src=\"https:\/\/big.vn\/wp-content\/uploads\/2017\/08\/vi-sao-dan-ba-ngoai-tinh-ngay-cang-nhieu-hon-truoc-1.jpg\" alt=\"V\u00ec sao \u0111\u00e0n b\u00e0 ngo\u1ea1i t\u00ecnh ng\u00e0y c\u00e0ng nhi\u1ec1u h\u01a1n tr\u01b0\u1edbc? ph\u1ea7n 1\" width=\"500\" height=\"276\" \/>\r\n<ul>\r\n \t<li>\u00a0<strong>V\u1ee3 ch\u1ed3ng g\u1eb7p v\u1ea5n \u0111\u1ec1 trong vi\u1ec7c ch\u0103n g\u1ed1i:<\/strong><\/li>\r\n<\/ul>\r\n\u201cChuy\u1ec7n \u1ea5y\u201d s\u1ebd tr\u1edf n\u00ean t\u1ebb nh\u1ea1t n\u1ebfu b\u1ea1n qu\u00e1 b\u1ea3o th\u1ee7 v\u00e0 l\u01b0\u1eddi bi\u1ebfng. M\u00e3i m\u1ed9t t\u01b0 th\u1ebf c\u0169, tu\u1ea7n n\u00e0o c\u0169ng v\u00e0o ng\u00e0y \u1ea5y, gi\u1edd \u1ea5y\u2026 khi\u1ebfn n\u00e0ng c\u1ea3m th\u1ea5y vi\u1ec7c \u201cy\u00eau\u201d qu\u00e1 v\u00f4 v\u1ecb. V\u00e0 r\u1ea5t c\u00f3 th\u1ec3 c\u00f4 \u1ea5y s\u1ebd t\u00ecm s\u1ef1 phi\u00eau l\u01b0u v\u00e0 nh\u1eefng c\u1ea3m gi\u00e1c m\u1edbi l\u1ea1, m\u00e3nh li\u1ec7t v\u1edbi m\u1ed9t ng\u01b0\u1eddi kh\u00e1c, \u1edf n\u01a1i kh\u00e1c. \u0110\u1ec3 tr\u00e1nh \u0111i\u1ec1u n\u00e0y, b\u1ea1n h\u00e3y c\u1ed1 g\u1eafng \u0111\u1eebng \u0111\u1ec3 chuy\u1ec7n ch\u0103n g\u1ed1i c\u1ee7a m\u00ecnh th\u00e0nh l\u1ed1i m\u00f2n.\r\n\r\n* Gi\u1ea3i ph\u00e1p: B\u1ea1n c\u00f3 th\u1ec3 \u0111\u01b0a c\u00f4 \u1ea5y \u0111i ch\u01a1i v\u00e0o cu\u1ed1i tu\u1ea7n, hai v\u1ee3 ch\u1ed3ng r\u1ee7 nhau \u0111i xem phim hay \u0111\u01a1n gi\u1ea3n l\u00e0 t\u1ef1 d\u01b0ng h\u00f4n n\u00e0ng m\u00e0 kh\u00f4ng c\u1ea7n c\u00f3 l\u00fd do\u2026Nh\u1eefng h\u00e0nh \u0111\u1ed9ng b\u1ea5t ng\u1edd s\u1ebd t\u1ea1o s\u1ef1 k\u00edch th\u00edch cho n\u00e0ng.\r\n<ul>\r\n \t<li><strong>Ai \u0111\u00f3 l\u00e0m c\u00f4 \u1ea5y ch\u00fa \u00fd h\u01a1n l\u00e0 b\u1ea1n:<\/strong><\/li>\r\n<\/ul>\r\nN\u1ebfu \u0111\u00e3 xem b\u1ed9 phim Unfaithful (Ph\u1ea3n b\u1ed9i) b\u1ea1n s\u1ebd th\u1ea5y \u0111\u00f4i khi ph\u1ee5 n\u1eef c\u0169ng ngo\u1ea1i t\u00ecnh v\u00ec nh\u1eefng c\u00e1m d\u1ed7 kh\u00f4ng th\u1ec3 b\u1ecf qua. C\u00f3 th\u1ec3 c\u00f4 \u1ea5y c\u1ea3m th\u1ea5y m\u1ed1i quan h\u1ec7 gi\u1eefa hai b\u1ea1n \u0111\u00e3 nh\u00e0m ch\u00e1n ho\u1eb7c c\u00f3 th\u1ec3 \u0111\u00e3 g\u1eb7p g\u1ee1 m\u1ed9t \u201cqu\u00fd \u00f4ng ho\u00e0n h\u1ea3o\u201d.\r\n\r\n* Gi\u1ea3i ph\u00e1p: Kh\u00f4ng c\u00f3 gi\u1ea3i ph\u00e1p c\u1ee5 th\u1ec3 n\u00e0o cho t\u00ecnh hu\u1ed1ng \u0111\u00e1ng bu\u1ed3n n\u00e0y nh\u01b0ng c\u1ed1 g\u1eafng duy tr\u00ec vi\u1ec7c \u0111\u1ed1i tho\u1ea1i v\u1edbi c\u00f4 \u1ea5y \u0111\u1ec3 \u0111o\u00e1n \u0111\u01b0\u1ee3c nh\u1eefng g\u00ec \u0111ang di\u1ec5n ra trong \u0111\u1ea7u n\u00e0ng c\u00f3 th\u1ec3 l\u00e0 vi\u1ec7c n\u00ean l\u00e0m nh\u1ea5t. Khi t\u00ean m\u1ed9t anh ch\u00e0ng n\u00e0o \u0111\u00f3 th\u01b0\u1eddng xuy\u00ean xen v\u00e0o cu\u1ed9c tr\u00f2 chuy\u1ec7n gi\u1eefa hai ng\u01b0\u1eddi, b\u1ea1n s\u1ebd bi\u1ebft r\u1eb1ng m\u00ecnh s\u1eafp c\u00f3 nhi\u1ec1u vi\u1ec7c \u0111\u1ec3 l\u00e0m r\u1ed3i \u0111\u1ea5y.\r\n<ul>\r\n \t<li><strong>B\u1ea1n l\u00e0 ng\u01b0\u1eddi kh\u00f4ng chung th\u1ee7y:<\/strong><\/li>\r\n<\/ul>\r\nKh\u00f4ng ph\u1ea3i ng\u01b0\u1eddi ph\u1ee5 n\u1eef n\u00e0o c\u0169ng mu\u1ed1n tr\u1ea3 th\u00f9 khi b\u1ecb l\u1eeba d\u1ed1i, nh\u01b0ng trong nh\u1eefng t\u00ecnh hu\u1ed1ng nh\u01b0 th\u1ebf n\u00e0y, h\u1ea7u h\u1ebft ph\u1ee5 n\u1eef \u0111\u1ec1u cho m\u00ecnh c\u00e1i quy\u1ec1n \u0111\u01b0\u1ee3c ngo\u1ea1i t\u00ecnh.\r\n\r\nS\u1eed d\u1ee5ng c\u00e1ch n\u00e0y g\u1ea7n nh\u01b0 \u0111\u1ed3ng ngh\u0129a v\u1edbi vi\u1ec7c h\u1ecd \u0111\u00e3 kh\u1eb3ng \u0111\u1ecbnh r\u1eb1ng h\u1ecd s\u1ebd kh\u00f4ng n\u00edu k\u00e9o t\u00ecnh c\u1ea3m c\u1ee7a ch\u1ed3ng n\u1eefa. N\u1ebfu m\u1ed9t ng\u00e0y m\u1ecdi chuy\u1ec7n v\u1ee1 l\u1edf, thay v\u00ec n\u00f3i \u201cem th\u1ec1 s\u1ebd kh\u00f4ng l\u1eb7p l\u1ea1i chuy\u1ec7n \u0111\u00f3\u201d h\u1ecd s\u1ebd n\u00f3i \u201cem th\u1eadt s\u1ef1 y\u00eau anh \u1ea5y, b\u1edfi anh \u1ea5y y\u00eau v\u00e0 tr\u00e2n tr\u1ecdng em h\u01a1n anh g\u1ea5p tr\u0103m l\u1ea7n\u201d.\r\n\r\n* Gi\u1ea3i ph\u00e1p: B\u1ea1n n\u00ean ch\u1ea5m d\u1ee9t m\u1ed1i quan h\u1ec7 ngo\u00e0i lu\u1ed3ng \u0111\u1ec3 c\u1ed1 g\u1eafng gi\u1eef g\u00ecn h\u1ea1nh ph\u00fac gia \u0111\u00ecnh.\r\n<ul>\r\n \t<li><strong>Do b\u1ea3n ch\u1ea5t l\u1eb3ng l\u01a1 c\u1ee7a ph\u1ee5 n\u1eef:<\/strong><\/li>\r\n<\/ul>\r\nNh\u1eefng c\u00e2u h\u1ecfi \u0111\u1eb7t ra: Ng\u01b0\u1eddi ph\u1ee5 n\u1eef ngo\u1ea1i t\u00ecnh khi n\u00e0o? \u0110\u1ed1i v\u1edbi nh\u1eefng ng\u01b0\u1eddi l\u1eb3ng l\u01a1, h\u1ecd lu\u00f4n mu\u1ed1n chinh ph\u1ee5c b\u1ea5t c\u1ee9 ng\u01b0\u1eddi \u0111\u00e0n \u00f4ng n\u00e0o, h\u1ecd thu\u1ed9c d\u1ea1ng ph\u1ee5 n\u1eef kh\u00f4ng chung th\u1ee7y, h\u1ecd lu\u00f4n t\u00ecm ki\u1ebfm s\u1ef1 m\u1edbi m\u1ebb trong t\u00ecnh y\u00eau, t\u00ecnh d\u1ee5c, ch\u1ea1y theo s\u1ef1 m\u1edbi l\u1ea1 \u1edf n\u01a1i kh\u00e1c theo ki\u1ec3u \u201cc\u1ea3 th\u00e8m ch\u00f3ng ch\u00e1n\u201d. H\u1ecd kh\u00f4ng tr\u00e2n tr\u1ecdng nh\u1eefng \u0111i\u1ec1u b\u00ean c\u1ea1nh m\u00e0 mu\u1ed1n t\u00ecm nh\u1eefng \u0111i\u1ec1u kh\u00e1c m\u1edbi l\u1ea1 h\u01a1n. Ch\u1ec9 c\u1ea7n c\u00f3 c\u01a1 h\u1ed9i l\u00e0 h\u1ecd s\u1eb5n s\u00e0ng lao v\u00e0o nh\u1eefng m\u1ed1i quan h\u1ec7 y\u00eau \u0111\u01b0\u01a1ng. Do \u0111\u00f3, n\u1ebfu tr\u00f3t chung s\u1ed1ng v\u1edbi m\u1ed9t ng\u01b0\u1eddi ph\u1ee5 n\u1eef l\u1eb3ng l\u01a1 th\u00ec vi\u1ec7c n\u00e0ng ngo\u1ea1i t\u00ecnh ch\u1ec9 l\u00e0 m\u1ed9t s\u1edbm m\u1ed9t chi\u1ec1u.\r\n\r\nNgo\u1ea1i t\u00ecnh l\u00e0 h\u00e0nh vi t\u00e0 d\u00e2m, l\u00e0 h\u00e0nh vi vi ph\u1ea1m 5 gi\u1edbi c\u1ea5m nghi\u00eam tr\u1ecdng v\u1ec1 m\u1eb7t \u0111\u1ea1o \u0111\u1ee9c l\u00e0m ng\u01b0\u1eddi (s\u00e1t sinh, tr\u1ed9m c\u1eafp, t\u00e0 d\u00e2m, n\u00f3i d\u1ed1i, u\u1ed1ng r\u01b0\u1ee3u say v\u00e0 d\u00f9ng ch\u1ea5t k\u00edch th\u00edch). Ng\u01b0\u1eddi ph\u1ea1m v\u00e0o 1 trong nh\u1eefng gi\u1edbi c\u1ea5m n\u00e0y l\u00e0 \u0111ang gieo nghi\u1ec7p ch\u01b0\u1edbng cho m\u00ecnh v\u00e0 tha nh\u00e2n. H\u1ecd th\u01b0\u1eddng ch\u1ecbu qu\u1ea3 b\u00e1o n\u1eb7ng n\u1ec1 kh\u00f4ng ch\u1ec9 cho ki\u1ebfp sau m\u00e0 ngay t\u1ea1i ki\u1ebfp s\u1ed1ng n\u00e0y. V\u1ee3 hay ch\u1ed3ng ph\u1ea1m v\u00e0o t\u1ed9i t\u00e0 d\u00e2m tr\u01b0\u1edbc sau c\u0169ng g\u00e1nh l\u1ea5y nh\u1eefng oan tr\u00e1i kh\u1ed5 \u0111au, kh\u00f4ng ch\u00f3ng th\u00ec ch\u1ea7y, kh\u00f4ng s\u1edbm th\u00ec mu\u1ed9n. Do v\u1eady, mu\u1ed1n \u0111\u01b0\u1ee3c b\u00ecnh an h\u1ea1nh ph\u00fac, \u0110\u1ee9c Ph\u1eadt khuy\u00ean v\u1ee3 ch\u1ed3ng h\u00e3y tr\u00e1nh xa t\u00e0 d\u00e2m, n\u00ean chung th\u1ee7y m\u1ed9t v\u1ee3 m\u1ed9t ch\u1ed3ng.\r\n\r\n<img class=\"aligncenter wp-image-83236\" src=\"https:\/\/big.vn\/wp-content\/uploads\/2017\/08\/vi-sao-dan-ba-ngoai-tinh-ngay-cang-nhieu-hon-truoc-2.jpg\" alt=\"V\u00ec sao \u0111\u00e0n b\u00e0 ngo\u1ea1i t\u00ecnh ng\u00e0y c\u00e0ng nhi\u1ec1u h\u01a1n tr\u01b0\u1edbc? ph\u1ea7n 2\" width=\"500\" height=\"352\" \/>\r\n<h3>V\u00ec sao ph\u1ee5 n\u1eef th\u00edch ngo\u1ea1i t\u00ecnh?<\/h3>\r\nX\u01b0a nay, ng\u01b0\u1eddi ta lu\u00f4n quan ni\u1ec7m nam gi\u1edbi c\u00f3 xu h\u01b0\u1edbng ngo\u1ea1i t\u00ecnh nhi\u1ec1u h\u01a1n v\u1edbi n\u1eef gi\u1edbi. Nh\u01b0ng m\u1ed9t c\u00e2u h\u1ecfi ng\u01b0\u1ee3c l\u1ea1i, n\u1ebfu kh\u00f4ng c\u00f3 ph\u1ee5 n\u1eef h\u1ecd ngo\u1ea1i t\u00ecnh v\u1edbi ai? T\u1ea1i sao m\u1ecdi l\u1ed7i \u0111\u1ec1u \u0111\u1ed5 l\u00ean \u0111\u1ea7u nam gi\u1edbi trong khi ngo\u1ea1i t\u00ecnh ph\u1ea3i b\u1eaft ngu\u1ed3n t\u1eeb hai ph\u00eda. V\u1eady, nguy\u00ean nh\u00e2n do \u0111\u00e2u ph\u1ee5 n\u1eef th\u00edch ngo\u1ea1i t\u00ecnh?. M\u1ed9t nghi\u00ean c\u1ee9u m\u1edbi nh\u1ea5t cho bi\u1ebft, ph\u1ee5 n\u1eef th\u00edch ngo\u1ea1i t\u00ecnh l\u00e0 do cu\u1ed9c s\u1ed1ng h\u00f4n nh\u00e2n kh\u00f4ng h\u1ea1nh ph\u00fac, \u201c\u00f4ng \u0103n ch\u1ea3, b\u00e0 \u0103n nem\u201d.\r\n<ul>\r\n \t<li><strong>\u201c\u00d4ng \u0103n ch\u1ea3 b\u00e0 \u0103n nem\u201d:<\/strong><\/li>\r\n<\/ul>\r\nNhi\u1ec1u ph\u1ee5 n\u1eef ngo\u1ea1i t\u00ecnh ch\u1ec9 \u0111\u1ec3 ch\u1ee9ng minh cho ch\u1ed3ng m\u00ecnh bi\u1ebft m\u00ecnh r\u1ea5t c\u00f3 s\u1ee9c h\u00fat \u0111\u1ed1i v\u1edbi ng\u01b0\u1eddi kh\u00e1c gi\u1edbi v\u00e0 ch\u1ed3ng \u0111i c\u1eb7p b\u1ed3 l\u00e0 m\u1ed9t \u0111i\u1ec1u sai l\u1ea7m l\u1edbn.\r\n\r\nH.H l\u00e0 m\u1ed9t v\u00ed d\u1ee5 \u0111i\u1ec3n h\u00ecnh. Y\u00eau ch\u1edbp nho\u00e1ng c\u01b0\u1edbi v\u1ed9i v\u00e3. Nh\u1eefng t\u01b0\u1edfng cu\u1ed9c s\u1ed1ng h\u00f4n nh\u00e2n s\u1ebd h\u1ea1nh ph\u00fac nh\u01b0ng kh\u00f4ng ng\u1edd \u0111\u00e3 \u0111\u1ed5 v\u1ee1 ngay sau khi k\u1ebft h\u00f4n 6 th\u00e1ng. Nguy\u00ean nh\u00e2n c\u1ee7a \u0111\u1ed5 v\u1ee1 gia \u0111\u00ecnh H.H do ch\u1ed3ng c\u00f4 ngo\u1ea1i t\u00ecnh v\u1edbi ng\u01b0\u1eddi y\u00eau c\u0169, c\u00f4 c\u0169ng \u201c\u0103n nem\u201d v\u1edbi ch\u00e0ng \u0111\u1ed3ng nghi\u1ec7p tr\u1ebb \u1edf c\u00f4ng ty.. Sau khi chuy\u1ec7n \u00f4ng \u0103n ch\u1ea3, b\u00e0 \u0103n nem b\u1ecb phanh phui, v\u1ee3 ch\u1ed3ng c\u00f4 s\u1ed1ng ly th\u00e2n m\u1ed9t th\u1eddi gian r\u1ed3i chia tay do m\u1ed1i quan h\u1ec7 kh\u00f4ng th\u1ec3 h\u00e0n g\u1eafn \u0111\u01b0\u1ee3c n\u1eefa.\r\n\r\n\u00dd mu\u1ed1n tr\u1ea3 th\u00f9 l\u00e0 suy ngh\u0129 th\u01b0\u1eddng g\u1eb7p \u1edf nhi\u1ec1u ph\u1ee5 n\u1eef b\u1ecb ch\u1ed3ng b\u1ed9i b\u1ea1c. Tuy nhi\u00ean, s\u1ef1 \u0111au \u0111\u1edbn v\u00e0 th\u1ee9c gi\u1eadn nh\u1ea5t th\u1eddi\u00a0 \u0111\u00e3 \u0111\u01b0a \u0111\u1ebfn nh\u1eefng quy\u1ebft \u0111\u1ecbnh sai l\u1ea7m. Vi\u1ec7c\u00a0ph\u1ee5 n\u1eef th\u00edch ngo\u1ea1i t\u00ecnh\u00a0c\u0169ng b\u1eaft ngu\u1ed3n t\u1eeb nh\u1eefng quy\u1ebft \u0111\u1ecbnh n\u00f3ng v\u1ed9i \u0111\u00f3.\r\n<ul>\r\n \t<li><strong>Ch\u1ed3ng l\u00e0 ng\u01b0\u1eddi ham c\u00f4ng ti\u1ebfc vi\u1ec7c:<\/strong><\/li>\r\n<\/ul>\r\nCh\u1ed3ng l\u00e0 ng\u01b0\u1eddi tham c\u00f4ng ti\u1ebfc vi\u1ec7c c\u0169ng l\u00e0 nguy\u00ean nh\u00e2n d\u1eabn \u0111\u1ebfn ph\u1ee5 n\u1eef ngo\u1ea1i t\u00ecnh b\u1edfi khi ph\u1ee5 n\u1eef c\u1ea7n s\u1ef1 quan t\u00e2m, ch\u0103m s\u00f3c th\u00ec ch\u1ed3ng m\u00ecnh l\u1ea1i th\u1edd \u01a1 v\u00e0 ch\u1ec9 ch\u0103m ch\u0103m ngh\u0129 \u0111\u1ebfn c\u00f4ng vi\u1ec7c \u0111ang c\u00f2n dang d\u1edf c\u1ee7a m\u00ecnh. Nhi\u1ec1u l\u1ea7n nh\u01b0 v\u1eady d\u1eabn \u0111\u1ebfn \u201cgi\u1ecdt n\u01b0\u1edbc tr\u00e0n ly\u201d khi\u1ebfn cho ph\u1ee5 n\u1eef d\u1ec5 ng\u00e3 v\u00e0o l\u00f2ng ng\u01b0\u1eddi \u0111\u00e0n \u00f4ng kh\u00e1c.\r\n\r\nVi\u1ec7c s\u1ed1ng c\u00f4 \u0111\u01a1n trong ch\u00ednh ng\u00f4i nh\u00e0 c\u1ee7a m\u00ecnh, c\u1ea3m th\u1ea5y xa c\u00e1ch ch\u1ed3ng l\u00e0 m\u1ed9t trong nh\u1eefng t\u00ecnh tr\u1ea1ng ph\u1ed5 bi\u1ebfn c\u1ee7a ph\u1ee5 n\u1eef sau khi k\u1ebft h\u00f4n. Do v\u1eady,\u00a0ph\u1ee5 n\u1eef th\u00edch ngo\u1ea1i t\u00ecnh\u00a0v\u00e0 c\u00f3 xu h\u01b0\u1edbng ngo\u1ea1i t\u00ecnh cao h\u01a1n khi c\u00f3 m\u1ed9t ng\u01b0\u1eddi quan t\u00e2m t\u00e2m, ch\u0103m s\u00f3c h\u1ecd h\u01a1n ch\u1ed3ng m\u00ecnh.\r\n<ul>\r\n \t<li><strong>B\u1ea1o l\u1ef1c gia \u0111\u00ecnh:<\/strong><\/li>\r\n<\/ul>\r\nKh\u00f4ng c\u1ea7n n\u00f3i c\u0169ng bi\u1ebft, b\u1ea1o l\u1ef1c gia \u0111\u00ecnh khi\u1ebfn ph\u1ee5 n\u1eef s\u1ee3 h\u00e3i v\u00e0 tr\u00e1nh xa ch\u1ed3ng m\u00ecnh ra. c\u0169ng ch\u00ednh l\u00e0 ngu\u1ed3n c\u01a1n khi\u1ebfn ph\u1ee5 n\u1eef ngo\u1ea1i t\u00ecnh b\u1edfi ai c\u0169ng mu\u1ed1n m\u1ed9t ng\u01b0\u1eddi ch\u1ed3ng bi\u1ebft ch\u0103m s\u00f3c v\u1ee3 con, bi\u1ebft ch\u0103m lo cu\u1ed9c s\u1ed1ng gia \u0111\u00ecnh ch\u1ee9 kh\u00f4ng ph\u1ea3i m\u1ed9t \u00f4ng ch\u1ed3ng gia tr\u01b0\u1edfng, v\u0169 phu v\u00e0 th\u01b0\u1eddng xuy\u00ean tranh c\u00e3i v\u1edbi v\u1ee3 d\u00f9 l\u00e0 nh\u1eefng \u0111i\u1ec1u nh\u1ecf nh\u1ea5t.\r\n<h3>\u0110\u00e0n \u00f4ng v\u00e0 ph\u1ee5 n\u1eef, ai ngo\u1ea1i t\u00ecnh nhi\u1ec1u h\u01a1n?<\/h3>\r\nQuan \u0111i\u1ec3m \u0111\u00e0n \u00f4ng ngo\u1ea1i t\u00ecnh khi\u1ebfn nhi\u1ec1u ng\u01b0\u1eddi qu\u00ean \u0111i \u0111i\u1ec1u c\u00f2n quan tr\u1ecdng h\u01a1n: L\u00fd do n\u00e0o d\u1eabn t\u1edbi \u0111i\u1ec1u \u1ea5y? V\u00e0 c\u00f3 ph\u1ea3i ch\u1ec9 \u0111\u00e0n \u00f4ng trong nh\u1eefng gia \u0111\u00ecnh kh\u00f4ng h\u1ea1nh ph\u00fac m\u1edbi ngo\u1ea1i t\u00ecnh?\r\n\r\nV\u00e0i kh\u1ea3o s\u00e1t cho th\u1ea5y 70% nam gi\u1edbi th\u1eeba nh\u1eadn h\u1ecd \u0111\u00e3 t\u1eebng ph\u1ea3n b\u1ed9i b\u1ea1n \u0111\u1eddi. Nh\u01b0ng \u1edf ph\u00eda b\u00ean kia, con s\u1ed1 ph\u1ee5 n\u1eef ngo\u1ea1i t\u00ecnh c\u0169ng l\u00e0 60%. Kh\u1ea3o s\u00e1t kh\u00e1c th\u00ec cho k\u1ebft qu\u1ea3 t\u01b0\u01a1ng \u0111\u01b0\u01a1ng 10%-20% \u1edf c\u1ea3 nam v\u00e0 n\u1eef. C\u00e0ng ng\u00e0y con s\u1ed1 n\u00e0y c\u00e0ng ti\u1ebfn l\u1ea1i g\u1ea7n nhau. M\u1ed9t nghi\u00ean c\u1ee9u m\u1edbi t\u1ea1i Tr\u01b0\u1eddng \u0110H Indiana cho th\u1ea5y 20% ng\u01b0\u1eddi t\u1eebng ph\u1ea3n b\u1ed9i b\u1ea1n \u0111\u1eddi \u1edf c\u1ea3 hai gi\u1edbi.\r\n\r\nCon ng\u01b0\u1eddi b\u1ecb r\u00e0ng bu\u1ed9c b\u1edfi nh\u1eefng nhu c\u1ea7u v\u1eadt ch\u1ea5t, tinh th\u1ea7n v\u00e0 k\u1ec3 c\u1ea3 th\u1ec3 x\u00e1c. Nam v\u00e0 n\u1eef \u0111\u1ec1u c\u00f3 nhu c\u1ea7u n\u00e0y, tuy nhi\u00ean nam gi\u1edbi th\u01b0\u1eddng c\u00f3 xu h\u01b0\u1edbng mu\u1ed1n th\u00eam ch\u1ee9 kh\u00f4ng mu\u1ed1n b\u1edbt do b\u1ea3n n\u0103ng truy\u1ec1n gi\u1ed1ng ng\u00e0n x\u01b0a. Do \u0111\u00f3 h\u1ecd b\u1ecb th\u00f4i th\u00fac t\u00ecm th\u00eam nhi\u1ec1u b\u1ea1n t\u00ecnh kh\u00e1c nhau, nhu c\u1ea7u lan t\u1ecfa s\u1ef1 h\u1ea5p d\u1eabn t\u1edbi ng\u01b0\u1eddi kh\u00e1c d\u00f9 \u0111\u00e3 k\u1ebft h\u00f4n.\r\n\r\nTuy nhi\u00ean, trong x\u00e3 h\u1ed9i hi\u1ec7n \u0111\u1ea1i v\u00e0 qu\u00e1 tr\u00ecnh b\u00ecnh \u0111\u1eb3ng gi\u1edbi ng\u00e0y nay, khi con ng\u01b0\u1eddi t\u1ef1 do l\u1ef1a ch\u1ecdn b\u1ea1n \u0111\u1eddi d\u1ef1a tr\u00ean t\u00ecnh y\u00eau, c\u1ea3 nam v\u00e0 n\u1eef \u0111\u1ec1u c\u00f3 c\u01a1 h\u1ed9i ti\u1ebfp x\u00fac, l\u1ef1a ch\u1ecdn nhi\u1ec1u \u0111\u1ed1i t\u01b0\u1ee3ng kh\u00e1c nhau. V\u00e0 t\u1eeb \u0111\u00f3, t\u1ec9 l\u1ec7 ngo\u1ea1i t\u00ecnh c\u1ee7a c\u1ea3 hai gi\u1edbi \u0111\u00e3 b\u1eaft \u0111\u1ea7u b\u1ecb san b\u1eb1ng.\r\n\r\nV\u1edbi nam gi\u1edbi, nhi\u1ec1u ng\u01b0\u1eddi ngh\u0129 ho\u1eb7c t\u1ef1 n\u00f3i r\u1eb1ng h\u1ecd ngo\u1ea1i t\u00ecnh v\u00ec h\u00f4n nh\u00e2n kh\u00f4ng h\u1ea1nh ph\u00fac. Tuy v\u1eady, nghi\u00ean c\u1ee9u khoa h\u1ecdc l\u1ea1i ch\u1ec9 ra ngay c\u1ea3 khi y\u00eau v\u1ee3 s\u00e2u \u0111\u1eadm v\u00e0 h\u1ea1nh ph\u00fac trong h\u00f4n nh\u00e2n nh\u01b0ng \u0111\u1eddi s\u1ed1ng t\u00ecnh d\u1ee5c kh\u00f4ng \u0111\u01b0\u1ee3c th\u1ecfa m\u00e3n, ng\u01b0\u1eddi \u0111\u00e0n \u00f4ng v\u1eabn c\u00f3 nhu c\u1ea7u t\u00ecm vui b\u00ean ngo\u00e0i. Mong mu\u1ed1n n\u00e0y c\u00f3 khi v\u01b0\u1ee3t qua c\u1ea3 s\u1ef1 quan tr\u1ecdng c\u1ee7a t\u00ecnh y\u00eau, h\u00f4n nh\u00e2n v\u1edbi h\u1ecd.\r\n\r\n\u0110\u00e0n \u00f4ng c\u0169ng c\u00f3 quan \u0111i\u1ec3m kh\u00e1c ph\u1ee5 n\u1eef v\u1ec1 chuy\u1ec7n quan h\u1ec7 ngo\u00e0i h\u00f4n nh\u00e2n. H\u1ecd ngo\u1ea1i t\u00ecnh v\u00ec m\u1ed9t m\u1ee5c \u0111\u00edch c\u1ee5 th\u1ec3 n\u00e0o \u0111\u1ea5y (v\u00ed d\u1ee5 chuy\u1ec7n \u1ea5y) nh\u01b0ng h\u1ea7u nh\u01b0 kh\u00f4ng ngh\u0129 \u0111\u1ebfn vi\u1ec7c s\u1ebd thay \u0111\u1ed5i h\u00f4n nh\u00e2n hi\u1ec7n t\u1ea1i. H\u1ecd c\u00f3 th\u1ec3 s\u1eed d\u1ee5ng b\u1ea5t c\u1ee9 ph\u01b0\u01a1ng c\u00e1ch n\u00e0o v\u00e0 quan h\u1ec7 v\u1edbi m\u1ed9t ng\u01b0\u1eddi m\u00e0 h\u1ecd ch\u1ecdn ra, kh\u00f4ng nh\u1ea5t thi\u1ebft ph\u1ea3i c\u00f3 t\u00ecnh c\u1ea3m.\r\n\r\nTrong khi \u0111\u00f3, ph\u1ee5 n\u1eef l\u1ea1i c\u00f3 xu h\u01b0\u1edbng t\u00ecm ki\u1ebfm quan h\u1ec7 t\u00ecnh c\u1ea3m th\u1ef1c s\u1ef1 ch\u1ee9 kh\u00f4ng ch\u1ec9 \u0111\u01a1n thu\u1ea7n th\u1ec3 x\u00e1c. H\u1ecd mong mu\u1ed1n t\u00ecm ki\u1ebfm s\u1ef1 quan t\u00e2m m\u00e0 h\u1ecd kh\u00f4ng c\u00f3 trong h\u00f4n nh\u00e2n hi\u1ec7n t\u1ea1i. Chuy\u1ec7n ngo\u1ea1i t\u00ecnh c\u1ee7a ph\u1ee5 n\u1eef th\u01b0\u1eddng kh\u00f4ng t\u1ef1 ch\u1ee7 v\u00e0 hi\u1ebfm khi \u0111\u01b0\u1ee3c t\u00ednh to\u00e1n s\u1eb5n. Nh\u01b0ng c\u0169ng ch\u00ednh v\u00ec th\u1ebf m\u00e0 n\u00f3 kh\u00e1 nguy hi\u1ec3m v\u00ec h\u1ecd lu\u00f4n ngh\u0129 chuy\u1ec7n \u1ea5y l\u00e0 th\u1eadt ch\u1ee9 kh\u00f4ng \u0111\u00f9a.\r\n\r\nHi\u1ec3u r\u00f5 nguy\u00ean do v\u00e0 nhu c\u1ea7u c\u1ee7a c\u1ea3 hai gi\u1edbi c\u00f3 th\u1ec3 gi\u00fap b\u1ea1n gi\u1ea3m thi\u1ec3u \u0111\u01b0\u1ee3c nguy c\u01a1 \u0111\u1ed5 v\u1ee1. \u0110\u1ec3 tr\u00e1nh nam gi\u1edbi ngo\u1ea1i t\u00ecnh, kh\u00f4ng th\u1ec3 l\u01a1 l\u00e0 chuy\u1ec7n g\u1ed1i ch\u0103n. V\u00e0 \u0111\u1ec3 gi\u1eef t\u00ecnh y\u00eau c\u1ee7a v\u1ee3, kh\u00f4ng c\u00f3 g\u00ec kh\u00e1c h\u01a1n ph\u1ea3i cho n\u00e0ng t\u00ecnh y\u00eau \u1ea5y. Nh\u1eefng b\u1ea5t m\u00e3n nh\u1ecf c\u00f3 th\u1ec3 gom g\u00f3p th\u00e0nh \u0111\u1ed1ng l\u1eeda l\u1edbn b\u1ea5t c\u1ee9 khi n\u00e0o.\r\n\r\nKh\u00f4ng ai c\u00f3 th\u1ec3 \u1ef7 y r\u1eb1ng b\u1ea1n \u0111\u1eddi c\u1ee7a m\u00ecnh s\u1ebd ho\u00e0n to\u00e0n kh\u00f4ng c\u00f3 nguy c\u01a1 ngo\u1ea1i t\u00ecnh. Do \u0111\u00f3, h\u00f4n nh\u00e2n c\u1ea7n c\u1ea3 hai ph\u00eda \u0111\u1ec3 x\u00e2y d\u1ef1ng, thay v\u00ec n\u1ed7 l\u1ef1c v\u00e0 s\u1ef1 ch\u1ecbu \u0111\u1ef1ng c\u1ee7a m\u1ed9t b\u00ean nh\u01b0 nhi\u1ec1u ng\u01b0\u1eddi l\u1ea7m t\u01b0\u1edfng tr\u01b0\u1edbc \u0111\u00e2y.\r\n\r\n<em>V\u1eeba r\u1ed3i l\u00e0 nh\u1eefng chia s\u1ebb r\u1ea5t c\u1ee5 th\u1ec3 v\u1ec1 t\u00e2m sinh l\u00fd c\u1ee7a ph\u00e1i \u0111\u1eb9p, hi v\u1ecdng qu\u00fd \u00f4ng \u0111\u00e3 t\u1ef1 tr\u1ea3 l\u1eddi \u0111\u01b0\u1ee3c cho m\u00ecnh c\u00e2u h\u1ecfi \"v\u00ec sao \u0111\u00e0n b\u00e0 ngo\u1ea1i t\u00ecnh ng\u00e0y c\u00e0ng nhi\u1ec1u h\u01a1n tr\u01b0\u1edbc?\". C\u00f3 ai \u0111\u00f3 \u0111\u00e3 t\u1eebng n\u00f3i \"Ph\u1ee5 n\u1eef sinh ra v\u1ed1n \u0111\u00e3 ch\u1ecbu nhi\u1ec1u thi\u1ec7t th\u00f2i n\u00ean c\u1ea7n ph\u1ea3i cho h\u1ecd \u0111\u01b0\u1ee3c h\u01b0\u1edfng m\u1ed9t h\u1ea1nh ph\u00fac th\u1eadt s\u1ef1\", nh\u1eadn \u0111\u1ecbnh n\u00e0y c\u00f3 ph\u1ea7n \u0111\u00fang, c\u00f3 ph\u1ea7n ch\u01b0a \u0111\u00fang. N\u00f3i th\u1ebf c\u00f3 ngh\u0129a l\u00e0 c\u0169ng t\u00f9y v\u00e0o t\u1eebng ho\u00e0n c\u1ea3nh, t\u1eebng tr\u01b0\u1eddng h\u1ee3p m\u00e0 ng\u01b0\u1eddi \u0111\u00e0n \u00f4ng trong gia \u0111\u00ecnh c\u1ea7n ph\u1ea3i s\u00e1ng su\u1ed1t \u0111\u1ec3 c\u01b0 x\u1eed cho ph\u1ea3i \u0111\u1ea1o v\u1ee3 ch\u1ed3ng ngh\u0129a n\u1eb7ng t\u00ecnh th\u00e2m. Ngo\u1ea1i t\u00ecnh l\u00e0 sai nh\u01b0ng b\u1ea1n c\u1ea7n ph\u1ea3i hi\u1ec3u r\u1eb1ng, v\u00ec sao ng\u01b0\u1eddi ph\u1ee5 n\u1eef c\u1ee7a m\u00ecnh l\u1ea1i \u0111i t\u00ecm th\u00fa vui b\u00ean ngo\u00e0i cu\u1ed9c s\u1ed1ng h\u00f4n nh\u00e2n, ph\u1ea3i ch\u0103ng h\u1ecd \u0111ang v\u01b0\u1edbng m\u1eafc hay tr\u1ea7m u\u1ea5t v\u00ec \u0111i\u1ec1u g\u00ec, ch\u1ec9 c\u1ea7n tinh t\u1ebf m\u1ed9t ch\u00fat l\u00e0 b\u1ea1n \u0111\u00e3 c\u00f3 th\u1ec3 n\u00edu gi\u1eef t\u1ed5 \u1ea5m c\u1ee7a m\u00ecnh r\u1ed3i. Ch\u00fac b\u1ea1n lu\u00f4n vui. H\u00e3y chia s\u1ebb v\u1edbi big.vn m\u1ecdi t\u00e2m t\u01b0 th\u1eafc m\u1eafc c\u1ee7a b\u1ea1n b\u1ea5t c\u1ee9 l\u00fac n\u00e0o nh\u00e9!<\/em>\r\n\r\nt\u1eeb kh\u00f3a:\r\n\r\n<em>nguy\u00ean nh\u00e2n ph\u1ee5 n\u1eef ngo\u1ea1i t\u00ecnh<\/em>\r\n\r\n<em>ph\u1ee5 n\u1eef c\u00f3 th\u00edch ngo\u1ea1i t\u00ecnh kh\u00f4ng<\/em>\r\n\r\n<em>ph\u1ee5 n\u1eef c\u00f3 n\u00ean ngo\u1ea1i t\u00ecnh kh\u00f4ng<\/em>\r\n\r\n<em>t\u00e2m tr\u1ea1ng ph\u1ee5 n\u1eef ngo\u1ea1i t\u00ecnh<\/em>\r\n\r\n<em>t\u00e2m s\u1ef1 ng\u01b0\u1eddi ph\u1ee5 n\u1eef ngo\u1ea1i t\u00ecnh<\/em>\r\n\r\n<em>ph\u1ee5 n\u1eef ngo\u1ea1i t\u00ecnh qu\u00e1 nguy hi\u1ec3m<\/em>\r\n\r\n<em>c\u00e1ch d\u1ee5 ph\u1ee5 n\u1eef ngo\u1ea1i t\u00ecnh<\/em>\r\n\r\n<em>ph\u1ee5 n\u1eed ngo\u1ea1i t\u00ecnh h\u1ea5p d\u1eabn<\/em>"}