{"title":"C\u00e1ch l\u00e0m b\u00e1nh Souffle vani ngon t\u1ea1i nh\u00e0","categories":["N\u1ea5u \u0103n"],"tags":["c\u00e1ch l\u00e0m b\u00e1nh souffle vani","C\u00e1ch l\u00e0m b\u00e1nh Souffle vani \u0111\u1eb3ng c\u1ea5p nh\u00e0 h\u00e0ng","C\u00e1ch l\u00e0m b\u00e1nh Souffle vani ngon","C\u00e1ch l\u00e0m b\u00e1nh Souffle vani t\u1ea1i nh\u00e0","souffle","Souffle vani"],"featureImage":"https:\/\/big.vn\/wp-content\/uploads\/2017\/08\/cach-lam-banh-souffle-vani-ngon-tai-nha-hinh-1.jpg","excerpt":"\r\n\r\nH\u00f4m nay big.vn s\u1ebd v\u00e0o b\u1ebfp c\u00f9ng b\u1ea1n th\u1ef1c hi\u1ec7n c\u00e1ch l\u00e0m b\u00e1nh Souffle vani cho c\u1ea3 gia \u0111\u00ecnh b\u1ea1n nh\u00e9\r\nNguy\u00ean li\u1ec7u l\u00e0m b\u00e1nh Souffle vani\r\nPh\u1ea7n ch\u1ed1ng d\u00ednh:\r\n\r\n \tB\u01a1.\r\n \t16gr \u0111\u01b0\u1eddng.\r\n\r\nPh\u1ea7n b\u00e1nh:\r\n\r\n \t10gr b\u1ed9t m\u00ec.\r\n \t120ml s\u1eefa n\u00f3ng.\r\n \t14gr b\u01a1.\r\n \t3ml chi\u1ebft xu\u1ea5t vani.\r\n \t2 l\u00f2ng \u0111\u1ecf tr\u1ee9ng.\r\n \t2 l\u00f2ng tr\u1eafng ","slug":"cach-lam-banh-souffle-vani-ngon-tai-nha","content":"<img class=\"aligncenter size-full wp-image-83294\" src=\"https:\/\/big.vn\/wp-content\/uploads\/2017\/08\/cach-lam-banh-souffle-vani-ngon-tai-nha-hinh-1.jpg\" alt=\"C\u00e1ch l\u00e0m b\u00e1nh Souffle vani ngon t\u1ea1i nh\u00e0 h\u00ecnh 1\" width=\"640\" height=\"640\" \/>\r\n\r\nH\u00f4m nay big.vn s\u1ebd v\u00e0o b\u1ebfp c\u00f9ng b\u1ea1n th\u1ef1c hi\u1ec7n <span style=\"color: #ff0000;\"><strong>c\u00e1ch l\u00e0m b\u00e1nh Souffle vani<\/strong><\/span> cho c\u1ea3 gia \u0111\u00ecnh b\u1ea1n nh\u00e9\r\n<h3>Nguy\u00ean li\u1ec7u l\u00e0m b\u00e1nh Souffle vani<\/h3>\r\n<h4>Ph\u1ea7n ch\u1ed1ng d\u00ednh:<\/h4>\r\n<ol>\r\n \t<li>B\u01a1.<\/li>\r\n \t<li>16gr \u0111\u01b0\u1eddng.<\/li>\r\n<\/ol>\r\n<h4>Ph\u1ea7n b\u00e1nh:<\/h4>\r\n<ol>\r\n \t<li>10gr b\u1ed9t m\u00ec.<\/li>\r\n \t<li>120ml s\u1eefa n\u00f3ng.<\/li>\r\n \t<li>14gr b\u01a1.<\/li>\r\n \t<li>3ml chi\u1ebft xu\u1ea5t vani.<\/li>\r\n \t<li>2 l\u00f2ng \u0111\u1ecf tr\u1ee9ng.<\/li>\r\n \t<li>2 l\u00f2ng tr\u1eafng tr\u1ee9ng.<\/li>\r\n \t<li>30gr \u0111\u01b0\u1eddng.<\/li>\r\n \t<li>2gr mu\u1ed1i.<\/li>\r\n<\/ol>\r\n<h4>D\u1ee5ng c\u1ee5 l\u00e0m b\u00e1nh Souffle vani<\/h4>\r\n<ol>\r\n \t<li>Khay n\u01b0\u1edbng.<\/li>\r\n \t<li>T\u00f4.<\/li>\r\n \t<li>Khu\u00f4n s\u1ee9.<\/li>\r\n \t<li>N\u1ed3i.<\/li>\r\n \t<li>M\u00e1y \u0111\u00e1nh tr\u1ee9ng.<\/li>\r\n \t<li>L\u00f2 n\u01b0\u1edbng.<\/li>\r\n<\/ol>\r\n<h4>C\u00e1ch l\u00e0m b\u00e1nh Souffle vani<\/h4>\r\n<h4>B\u01b0\u1edbc 1: S\u01a1 ch\u1ebf nguy\u00ean li\u1ec7u<\/h4>\r\n<img class=\"aligncenter size-full wp-image-83295\" src=\"https:\/\/big.vn\/wp-content\/uploads\/2017\/08\/cach-lam-banh-souffle-vani-ngon-tai-nha-hinh-2.jpg\" alt=\"C\u00e1ch l\u00e0m b\u00e1nh Souffle vani ngon t\u1ea1i nh\u00e0 h\u00ecnh 2\" width=\"640\" height=\"360\" \/>\r\n\r\n\u2013 \u0110\u1ec3 ch\u1ed1ng d\u00ednh cho b\u00e1nh, \u0111\u1ea7u ti\u00ean b\u1ea1n ph\u1ebft \u0111\u1ec1u b\u01a1 v\u00e0o th\u00e0nh v\u00e0 \u0111\u00e1y khu\u00f4n s\u1ee9.\r\n\r\n\u2013 Sau \u0111\u00f3 r\u1eafc \u0111\u01b0\u1eddng v\u00e0o khu\u00f4n r\u1ed3i v\u1eeba xoay tr\u00f2n, v\u1eeba v\u1ed7 \u0111\u1ec1u \u0111\u1ec3 \u0111\u01b0\u1eddng b\u00e1m v\u00e0o th\u00e0nh v\u00e0 \u0111\u00e1y khu\u00f4n. Cu\u1ed1i c\u00f9ng th\u00ec \u0111\u1ed5 ph\u1ea7n \u0111\u01b0\u1eddng c\u00f2n d\u01b0 ra ngo\u00e0i.\r\n<h4>B\u01b0\u1edbc 2: Ti\u1ebfn h\u00e0nh l\u00e0m b\u00e1nh Souffle vani<\/h4>\r\n<img class=\"aligncenter size-full wp-image-83296\" src=\"https:\/\/big.vn\/wp-content\/uploads\/2017\/08\/cach-lam-banh-souffle-vani-ngon-tai-nha-hinh-3.jpg\" alt=\"C\u00e1ch l\u00e0m b\u00e1nh Souffle vani ngon t\u1ea1i nh\u00e0 h\u00ecnh 3\" width=\"640\" height=\"480\" \/>\r\n\r\n\u2013 \u0110\u1eb7t 1 c\u00e1i n\u1ed3i l\u00ean b\u1ebfp, cho v\u00e0o n\u1ed3i b\u1ed9t m\u00ec v\u00e0 s\u1eefa t\u01b0\u01a1i n\u00f3ng r\u1ed3i khu\u1ea5y \u0111\u1ec1u cho b\u1ed9t m\u00ec tan h\u1ebft.\r\n\r\n\u2013 Nh\u1ea5c n\u1ed3i h\u1ed7n h\u1ee3p s\u1eefa ra kh\u1ecfi b\u1ebfp r\u1ed3i cho th\u00eam b\u01a1, chi\u1ebft xu\u1ea5t vani v\u00e0 l\u00f2ng \u0111\u1ecf tr\u1ee9ng v\u00e0o, v\u1eeba \u0111\u1ed5 nguy\u00ean li\u1ec7u v\u1eeba khu\u1ea5y \u0111\u1ec1u tay sao cho c\u00e1c nguy\u00ean li\u1ec7u quy\u1ec7n \u0111\u1ec1u v\u1edbi nhau.\r\n\r\n\u2013 Cu\u1ed1i c\u00f9ng th\u00ec tr\u00fat h\u1ed7n h\u1ee3p n\u00e0y ra t\u00f4.\r\n\r\n\u2013 L\u1ea5y 1 c\u00e1i t\u00f4 s\u1ea1ch kh\u00e1c, cho v\u00e0o \u0111\u00f3 l\u00f2ng tr\u1eafng tr\u1ee9ng, mu\u1ed1i v\u00e0 \u0111\u01b0\u1eddng r\u1ed3i d\u00f9ng m\u00e1y \u0111\u00e1nh cho h\u1ed7n h\u1ee3p b\u00f4ng c\u1ee9ng l\u1ea1i.\r\n\r\n\u2013 M\u00fac t\u1eeb t\u1eeb h\u1ed7n h\u1ee3p l\u00f2ng tr\u1eafng tr\u1ee9ng \u0111\u00e3 \u0111\u00e1nh b\u00f4ng v\u00e0o t\u00f4 h\u1ed7n h\u1ee3p s\u1eefa \u1edf b\u01b0\u1edbc 3, khu\u1ea5y \u0111\u1ec1u.\r\n<h4>B\u01b0\u1edbc 3: Ho\u00e0n th\u00e0nh l\u00e0m b\u00e1nh Souffle vani<\/h4>\r\n<img class=\"aligncenter size-full wp-image-83297\" src=\"https:\/\/big.vn\/wp-content\/uploads\/2017\/08\/cach-lam-banh-souffle-vani-ngon-tai-nha-hinh-4.jpg\" alt=\"C\u00e1ch l\u00e0m b\u00e1nh Souffle vani ngon t\u1ea1i nh\u00e0 h\u00ecnh 4\" width=\"640\" height=\"480\" \/>\r\n\r\n\u2013 Tr\u00fat h\u1ed7n h\u1ee3p \u1edf b\u01b0\u1edbc 5 v\u00e0o khu\u00f4n \u0111\u00e3 ch\u1ed1ng d\u00ednh tr\u01b0\u1edbc \u0111\u00f3. R\u1ed3i \u0111\u1eb7t khu\u00f4n b\u00e1nh v\u00e0o l\u00f2, n\u01b0\u1edbng \u1edf nhi\u1ec7t \u0111\u1ed9 200 \u0111\u1ed9 C trong v\u00f2ng 15 ph\u00fat l\u00e0 b\u00e1nh ch\u00edn!\r\n\r\n\u2013 L\u1ea5y b\u00e1nh ra kh\u1ecfi l\u00f2, r\u1eafc th\u00eam ch\u00fat \u0111\u01b0\u1eddng b\u1ed9t l\u00ean m\u1eb7t b\u00e1nh \u0111\u1ec3 trang tr\u00ed v\u00e0 th\u01b0\u1edfng th\u1ee9c th\u00f4i!\r\n\r\nB\u1ea1n c\u00f3 th\u1ec3 l\u00e0m theo nh\u1eefng c\u00f4ng \u0111o\u1ea1n h\u01b0\u1edbng d\u1eabn c\u1ee7a ch\u00fang t\u00f4i nh\u01b0 \u1edf tr\u00ean s\u1ebd r\u1ea5t \u0111\u01a1n gi\u1ea3n \u0111\u1ec3 th\u1ef1c hi\u1ec7n m\u00f3n b\u00e1nh <span style=\"color: #ff0000;\"><strong>Souffle vani<\/strong> <\/span>ngay t\u1ea1i nh\u00e0 b\u1ebfp c\u1ee7a m\u00ecnh. Nh\u1eefng nguy\u00ean li\u1ec7u \u1edf tr\u00ean kh\u00f4ng h\u1ec1 kh\u00f3 ki\u1ebfm \u0111a s\u1ed1 s\u1ebd c\u00f3 trong c\u00e1c si\u00eau th\u1ecb g\u1ea7n nh\u00e0 b\u1ea1n. H\u1eb9n g\u1eb7p l\u1ea1i c\u00e1c b\u1ea1n \u1edf c\u00e1c m\u00f3n \u0103n ti\u1ebfp theo c\u00f9ng v\u1edbi big.vn"}