{"title":"G\u1ee3i \u00fd c\u00e1ch \u0111\u1eb7t t\u00ean cho con b\u1eaft \u0111\u1ea7u b\u1eb1ng ch\u1eef T mang nhi\u1ec1u \u00fd ngh\u0129a m\u1edbi l\u1ea1 v\u00e0 th\u00fa v\u1ecb","categories":["M\u1eb9 &amp; B\u00e9"],"tags":[],"featureImage":"https:\/\/big.vn\/wp-content\/uploads\/2018\/01\/con-gai-ten-ch\u1eef-T.jpg","excerpt":"Th\u00f4ng th\u01b0\u1eddng, theo quan ni\u1ec7m v\u1ec1 c\u00e1ch \u0111\u1eb7t t\u00ean, nh\u1eefng ng\u01b0\u1eddi c\u00f3 t\u00ean b\u1eaft \u0111\u1ea7u b\u1eb1ng ch\u1eef T th\u01b0\u1eddng r\u1ea5t \u00f4n h\u00f2a v\u00e0 th\u00e0nh c\u00f4ng trong s\u1ef1 nghi\u1ec7p.\r\n\r\n[caption id=\"attachment_102880\" align=\"alignnone\" width=\"660\"] \u0110\u1eb7t t\u00ean cho con b\u1eaft \u0111\u1ea7u b\u1eb1ng ch\u1eef T mang nhi\u1ec1u \u00fd ngh\u0129a th\u00fa v\u1ecb kh\u00e1c nhau. \u1ea2nh: Internet[\/caption]\r\n1. \u0110","slug":"goi-y-cach-dat-ten-cho-con-bat-dau-bang-chu-t-mang-nhieu-y-nghia-moi-la-va-thu-vi","content":"Th\u00f4ng th\u01b0\u1eddng, theo quan ni\u1ec7m v\u1ec1 c\u00e1ch \u0111\u1eb7t t\u00ean, nh\u1eefng ng\u01b0\u1eddi c\u00f3 t\u00ean b\u1eaft \u0111\u1ea7u b\u1eb1ng ch\u1eef T th\u01b0\u1eddng r\u1ea5t \u00f4n h\u00f2a v\u00e0 th\u00e0nh c\u00f4ng trong s\u1ef1 nghi\u1ec7p.\r\n\r\n[caption id=\"attachment_102880\" align=\"alignnone\" width=\"660\"]<img class=\"size-full wp-image-102880\" src=\"https:\/\/big.vn\/wp-content\/uploads\/2018\/01\/dat-ten-tieng-anh-cho-con-bat-dau-bang-chu-T.jpg\" alt=\"b\u00e9 g\u00e1i gi\u1eefa v\u01b0\u1eddn hoa\" width=\"660\" height=\"440\" \/> \u0110\u1eb7t t\u00ean cho con b\u1eaft \u0111\u1ea7u b\u1eb1ng ch\u1eef T mang nhi\u1ec1u \u00fd ngh\u0129a th\u00fa v\u1ecb kh\u00e1c nhau. \u1ea2nh: Internet[\/caption]\r\n<h2>1. \u0110\u1eb7t t\u00ean cho con trai b\u1eaft \u0111\u1ea7u b\u1eb1ng ch\u1eef T<\/h2>\r\n\u0110\u1eb7t t\u00ean con trai b\u1eaft \u0111\u1ea7u b\u1eb1ng ch\u1eef T th\u01b0\u1eddng mang ng\u1eef ngh\u0129a nam t\u00ednh, ph\u1ea9m \u0111\u1ee9c, c\u00f3 s\u1eafc th\u00e1i m\u1ea1nh m\u1ebd, \u00fd ch\u00ed, c\u00f3 nh\u00e2n, c\u00f3 ngh\u0129a, c\u00f3 hi\u1ebfu, c\u00f3 trung, c\u00f3 ho\u00e0i b\u00e3o v\u00e0 ch\u00ed h\u01b0\u1edbng. M\u1ed9t s\u1ed1 t\u00ean con trai \u0111\u01b0\u1ee3c b\u1eaft \u0111\u1ea7u b\u1eb1ng ch\u1eef T nh\u01b0:\r\n<ul>\r\n \t<li>H\u1eefu T\u00e0i: M\u1ed9t ng\u01b0\u1eddi c\u00f3 t\u00e0i, l\u00e0m \u0111\u01b0\u1ee3c vi\u1ec7c l\u1edbn.<\/li>\r\n \t<li>Minh Tri\u1ebft, Minh Tr\u00ed: M\u1ed9t ng\u01b0\u1eddi th\u00f4ng tu\u1ec7, s\u00e1ng su\u1ed1t, c\u00f3 t\u1ea7m nh\u00ecn xa trong r\u1ed9ng.<\/li>\r\n \t<li>Anh T\u00e0i, T\u00f9ng Th\u1ecd: M\u1ed9t con ng\u01b0\u1eddi th\u00e0nh \u0111\u1ea1t, th\u00f4ng th\u00e1i, l\u00e0 ch\u1ed7 d\u1ef1a v\u1eefng ch\u1eafc cho ng\u01b0\u1eddi kh\u00e1c.<\/li>\r\n<\/ul>\r\n[caption id=\"attachment_102882\" align=\"alignnone\" width=\"660\"]<img class=\"size-full wp-image-102882\" src=\"https:\/\/big.vn\/wp-content\/uploads\/2018\/01\/dat-ten-cho-con-trai-bat-dau-bang-chu-t.jpg\" alt=\"b\u00e9 trai ch\u01a1i \u0111\u1ed3 ch\u01a1i\" width=\"660\" height=\"440\" \/> \u0110\u1eb7t t\u00ean cho con trai b\u1eaft \u0111\u1ea7u b\u1eb1ng ch\u1eef T. \u1ea2nh: Internet[\/caption]\r\n<ul>\r\n \t<li>Trung Tr\u1ef1c: T\u00ednh c\u00e1ch \u00f4n h\u00f2a, th\u1eb3ng th\u1eafng, trung th\u1ef1c, ngay th\u1eb3ng, danh l\u1ee3i v\u1eb9n to\u00e0n, th\u00e0nh c\u00f4ng, h\u01b0ng v\u01b0\u1ee3ng.<\/li>\r\n \t<li>An Tuy\u00ean: An ngh\u0129a l\u00e0 y\u00ean \u0111\u1ecbnh. An Tuy\u00ean l\u00e0 lan t\u1ecfa s\u1ef1 b\u00ecnh \u1ed5n, ch\u1ec9 nh\u1eefng ng\u01b0\u1eddi c\u00f3 n\u0103ng l\u1ef1c th\u1ef1c s\u1ef1 l\u1ea1i \u0111i\u1ec1m t\u0129nh, tr\u1ea7m t\u00ednh.<\/li>\r\n \t<li>Minh Tr\u01b0\u1ee3ng: Ng\u01b0\u1eddi c\u00f3 \u00fd ch\u00ed cao, ho\u00e0i b\u00e3o l\u1edbn, th\u00f4ng tu\u1ec7, s\u00e1ng su\u1ed1t v\u00e0 tr\u01b0\u1ee3ng ngh\u0129a.<\/li>\r\n \t<li>B\u00e1ch T\u00f9ng: L\u00e0 ng\u01b0\u1eddi c\u00f3 h\u1ecdc th\u1ee9c uy\u00ean th\u00e2m, hi\u1ec3u bi\u1ebft s\u00e2u r\u1ed9ng, th\u00e0nh c\u00f4ng trong s\u1ef1 nghi\u1ec7p, chuy\u00ean t\u00e2m theo con \u0111\u01b0\u1eddng h\u1ecdc h\u00e0nh.<\/li>\r\n \t<li>B\u00e1 Th\u1ecbnh: Th\u1ecbnh c\u00f3 ngh\u0129a l\u00e0 \u0111\u1ea7y, nhi\u1ec1u, h\u01b0ng v\u01b0\u1ee3ng, ph\u1ed3n vinh, phong ph\u00fa. Ba\u0301 Thi\u0323nh l\u00e0 mong mu\u1ed1n con c\u00f3 \u0111\u1ee7 t\u00e0i n\u0103ng, cu\u1ed9c s\u1ed1ng sung t\u00fac v\u01b0\u01a1ng gia\u0309, gi\u00e0u sang, \u1ea5m no, h\u1ea1nh ph\u00fac.<\/li>\r\n<\/ul>\r\n[caption id=\"attachment_102884\" align=\"alignnone\" width=\"660\"]<img class=\"size-full wp-image-102884\" src=\"https:\/\/big.vn\/wp-content\/uploads\/2018\/01\/Con-trai-ten-chu-T.jpg\" alt=\"con trai t\u00ean ch\u1eef T\" width=\"660\" height=\"440\" \/> Con trai t\u00ean b\u1eaft \u0111\u1ea7u b\u1eb1ng ch\u1eef T th\u1ec3 hi\u1ec7n s\u1ef1 th\u00f4ng minh, lanh l\u1ee3i. \u1ea2nh: Internet[\/caption]\r\n<ul>\r\n \t<li>Nam Trung: Nam trong kim nam ch\u00e2m c\u1ee7a la b\u00e0n, lu\u00f4n lu\u00f4n ch\u1ec9 \u0111\u00fang v\u1ec1 ph\u00eda nam. \u0110\u1eb7t t\u00ean Nam Trung nh\u1eb1m mong mu\u1ed1n con c\u00f3 s\u1ef1 s\u00e1ng su\u1ed1t v\u00e0 \u0111\u01b0\u1eddng l\u1ed1i \u0111\u00fang \u0111\u1eafn \u0111\u1ec3 tr\u1edf th\u00e0nh m\u1ed9t b\u1eadc nam nhi \u0111\u00fang ngh\u0129a.\r\nC\u00e1i t\u00ean th\u1ec3 hi\u1ec7n s\u1ef1 ki\u00ean trung b\u1ea5t \u0111\u1ecbnh, \u00fd ch\u00ed s\u1eaft \u0111\u00e1, kh\u00f4ng b\u1ecb dao \u0111\u1ed9ng tr\u01b0\u1edbc b\u1ea5t k\u1ef3 ho\u00e0n c\u1ea3nh n\u00e0o.<\/li>\r\n<\/ul>\r\n<h2>2. \u0110\u1eb7t t\u00ean cho con g\u00e1i b\u1eaft \u0111\u1ea7u b\u1eb1ng ch\u1eef T<\/h2>\r\n\u0110\u1ec3 \u0111\u1eb7t t\u00ean cho con g\u00e1i b\u1eaft \u0111\u1ea7u b\u1eb1ng ch\u1eef T th\u00ec trong t\u00ean c\u1ea7n mang nhi\u1ec1u h\u00e0m ngh\u0129a v\u1ec1 s\u1ef1 n\u1eef t\u00ednh, n\u1eef \u0111\u1ee9c, c\u00f3 s\u1eafc th\u00e1i th\u1ec3 hi\u1ec7n s\u1ef1 hi\u1ec1n d\u1ecbu, \u0111\u1eb1m th\u1eafm, \u0111oan trang v\u00e0 tinh khi\u1ebft. M\u1ed9t s\u1ed1 t\u00ean con g\u00e1i b\u1eaft \u0111\u1ea7u b\u1eb1ng ch\u1eef T nh\u01b0:\r\n<ul>\r\n \t<li>Uy\u1ec3n Trinh: M\u1ed9t ng\u01b0\u1eddi con g\u00e1i y\u1ec3u \u0111i\u1ec7u, d\u1ecbu d\u00e0ng, \u0111oan trang, trinh tr\u1eafng, c\u00f3 ph\u1ea9m h\u1ea1nh.<\/li>\r\n \t<li>Ng\u00e2n Thanh: D\u00f2ng s\u00f4ng xanh. T\u00ean Ng\u00e2n Thanh g\u1ee3i \u0111\u1ebfn h\u00ecnh \u1ea3nh m\u1ed9t ng\u01b0\u1eddi con g\u00e1i gi\u1ea3n di, hi\u1ec1n h\u00f2a v\u00e0 thanh t\u00fa.<\/li>\r\n \t<li>Thanh Th\u00fay : Thanh ch\u1ec9 m\u00e0u xanh. Thanh ch\u1ec9 tu\u1ed5i tr\u1ebb ho\u1eb7c thanh ch\u1ec9 s\u1ef1 trong s\u00e1ng, trong s\u1ea1ch...\r\nTh\u00fay: ch\u1ec9 s\u1ef1 thanh t\u00fa, \u00f4n h\u00f2a. Thanh Th\u00fay th\u01b0\u1eddng \u0111\u1ec3 ch\u1ec9 nh\u1eefng ng\u01b0\u1eddi \u00f4n h\u00f2a, d\u1ec5 t\u00ednh, r\u1ea5t g\u1ea7n g\u0169i v\u00e0 th\u00e2n thu\u1ed9c v\u1edbi m\u1ecdi ng\u01b0\u1eddi. T\u00ean Thanh Th\u00fay c\u00f2n mang h\u00e0m ngh\u0129a hy v\u1ecdng \u0111\u01b0\u1ee3c nhi\u1ec1u ng\u01b0\u1eddi y\u00eau m\u1ebfn.<\/li>\r\n<\/ul>\r\n[caption id=\"attachment_102885\" align=\"alignnone\" width=\"660\"]<img class=\"size-full wp-image-102885\" src=\"https:\/\/big.vn\/wp-content\/uploads\/2018\/01\/dat-ten-cho-con-gai-bat-dau-bang-chu-T.jpg\" alt=\"b\u00e9 g\u00e1i d\u1ec5 th\u01b0\u01a1ng\" width=\"660\" height=\"440\" \/> \u0110\u1eb7t t\u00ean cho con g\u00e1i b\u1eaft \u0111\u1ea7u b\u1eb1ng ch\u1eef T ng\u1ee5 \u00fd d\u1ecbu d\u00e0ng th\u01b0\u1edbt tha v\u00e0 xinh \u0111\u1eb9p. \u1ea2nh: Internet[\/caption]\r\n<ul>\r\n \t<li>Thu Th\u1ee7y: N\u01b0\u1edbc m\u00f9a thu. \u0110\u1eb7t t\u00ean Thu Th\u1ee7y \u0111\u1ec3 mong con lu\u00f4n xinh \u0111\u1eb9p, ki\u1ec1u di\u1ec5m v\u00e0 h\u1ea1nh ph\u00fac.<\/li>\r\n \t<li>Kim Thuy\u00ean: Kim mang ngh\u0129a c\u1ee7a s\u1ef1 qu\u00fd gi\u00e1, sang tr\u1ecdng. Thuy\u00ean trong t\u1eeb huy\u00ean thuy\u00ean mang h\u00e0m \u00fd ch\u1ec9 s\u1ef1 lanh l\u1eb9, ho\u1ea1t b\u00e1t. Kim Thuy\u00ean \u00fd ch\u1ec9 nh\u1eefng ng\u01b0\u1eddi linh ho\u1ea1t trong cu\u1ed9c s\u1ed1ng, th\u00f4ng minh v\u00e0 nhanh tr\u00ed trong m\u1ecdi vi\u1ec7c.<\/li>\r\n \t<li>Th\u1ee7y Tr\u00fac: Cu\u1ed9c \u0111\u1eddi thanh nh\u00e0n, lanh l\u1ee3i, \u0111a t\u00e0i nhanh tr\u00ed.<\/li>\r\n \t<li>C\u1ea7m Thi: M\u1ed9t c\u00f4 g\u00e1i xinh \u0111\u1eb9p, d\u1ecbu d\u00e0ng v\u00e0 c\u00f3 n\u0103ng khi\u1ebfu v\u1ec1 \u00e2m nh\u1ea1c.<\/li>\r\n<\/ul>\r\n[caption id=\"attachment_102887\" align=\"alignnone\" width=\"660\"]<img class=\"size-full wp-image-102887\" src=\"https:\/\/big.vn\/wp-content\/uploads\/2018\/01\/be-gai-mac-ao-dam-hong.jpg\" alt=\"b\u00e9 g\u00e1i m\u1eb7c \u00e1o \u0111\u1ea7m h\u1ed3ng\" width=\"660\" height=\"440\" \/> Con g\u00e1i t\u00ean b\u1eaft \u0111\u1ea7u b\u1eb1ng ch\u1eef T th\u1ec3 hi\u1ec7n s\u1ef1 nh\u1eb9 nh\u00e0ng, thanh tho\u00e1t. \u1ea2nh: Internet[\/caption]\r\n<ul>\r\n \t<li>T\u00fa Trinh: M\u1ed9t ng\u01b0\u1eddi con g\u00e1i thanh t\u00fa, hi\u1ec1n h\u1eadu, trinh tr\u1eafng, trong s\u00e1ng, d\u1ecbu d\u00e0ng.<\/li>\r\n \t<li>Nguy\u1ec7t Th\u01b0\u01a1ng: Nguy\u1ec7t l\u00e0 v\u1ea7ng tr\u0103ng. Nguy\u1ec7t Th\u01b0\u01a1ng \u0111\u01b0\u1ee3c \u0111\u1eb7t v\u1edbi \u00fd ngh\u0129a h\u00e0m ch\u1ec9 v\u1ec1 m\u1ed9t ng\u01b0\u1eddi con g\u00e1i c\u00f3 v\u1ebb \u0111\u1eb9p b\u00ecnh d\u1ecb, v\u00f4 t\u01b0, h\u1ed3n nhi\u00ean nh\u01b0ng d\u1ecbu d\u00e0ng, thanh cao. Nguy\u1ec7t Th\u01b0\u01a1ng c\u0169ng ch\u1ec9 m\u1ed9t ng\u01b0\u1eddi con g\u00e1i gi\u00e0u t\u00ecnh th\u01b0\u01a1ng y\u00eau, t\u1ea5m l\u00f2ng bao la, b\u00e1c \u00e1i.<\/li>\r\n<\/ul>\r\nB\u1ea1n c\u00f3 th\u1ec3 tham kh\u1ea3o c\u00e1ch <strong>\u0111\u1eb7t t\u00ean cho con b\u1eaft \u0111\u1ea7u b\u1eb1ng ch\u1eef T<\/strong> tr\u00ean \u0111\u00e2y \u0111\u1ec3 ch\u1ecdn cho b\u00e9 y\u00eau nh\u00e0 m\u00ecnh m\u1ed9t c\u00e1i t\u00ean th\u1eadt \u00fd ngh\u0129a \u0111\u1ec3 b\u00e9 th\u00e0nh c\u00f4ng v\u00e0 h\u1ea1nh ph\u00fac tr\u00ean con \u0111\u01b0\u1eddng m\u00e0 ch\u00fang s\u1ebd ch\u1ecdn v\u1ec1 sau.\r\n<p style=\"text-align: right;\"><strong>Ng\u1ecdc Ho\u00e0i t\u1ed5ng h\u1ee3p<\/strong><\/p>"}