{"title":"M\u1eb9 b\u1ea7u ngh\u00e9n con th\u00f4ng minh c\u00f3 \u0111\u00fang kh\u00f4ng?","categories":["M\u1eb9 &amp; B\u00e9"],"tags":["m\u1eb9 b\u1ea7u ngh\u00e9n","m\u1eb9 b\u1ea7u ngh\u00e9n c\u00f3 t\u1ed1t kh\u00f4ng","m\u1eb9 b\u1ea7u ngh\u00e9n con th\u00f4ng minh","m\u1eb9 b\u1ea7u \u1ed1m ngh\u00e9n"],"featureImage":"https:\/\/big.vn\/wp-content\/uploads\/2018\/01\/me-bau-vui-ve-xoa-bung.jpg","excerpt":"1. V\u00ec sao khi mang thai m\u1eb9 b\u1ea7u l\u1ea1i \u1ed1m ngh\u00e9n?\r\nM\u1eb9 b\u1ea7u ngh\u00e9n con th\u00f4ng minh l\u00e0 c\u00e2u h\u1ecfi \u0111\u01b0\u1ee3c nhi\u1ec1u ng\u01b0\u1eddi \u0111\u1ec1 c\u1eadp. Tuy nhi\u00ean, c\u00e1c m\u1eb9 c\u1ea7n ph\u1ea3i hi\u1ec3u r\u00f5 nguy\u00ean nh\u00e2n g\u00ec d\u1eabn \u0111\u1ebfn t\u00ecnh tr\u1ea1ng \u1ed1m ngh\u00e9n. Ch\u00ednh vi\u1ec7c l\u00e0m r\u00f5 l\u00fd do \u1ed1m ngh\u00e9n s\u1ebd gi\u00fap h\u00ecnh th\u00e0nh c\u01a1 s\u1edf \u0111\u1ec3 ta ph\u00e2n t\u00edch li\u1ec7u m\u1eb9 b\u1ea7u ngh\u00e9n th\u00ec con th\u00f4ng minh ","slug":"bau-nghen-con-thong-minh-co-dung-khong","content":"<h2>1. V\u00ec sao khi mang thai m\u1eb9 b\u1ea7u l\u1ea1i \u1ed1m ngh\u00e9n?<\/h2>\r\nM\u1eb9 b\u1ea7u ngh\u00e9n con th\u00f4ng minh l\u00e0 c\u00e2u h\u1ecfi \u0111\u01b0\u1ee3c nhi\u1ec1u ng\u01b0\u1eddi \u0111\u1ec1 c\u1eadp. Tuy nhi\u00ean, c\u00e1c m\u1eb9 c\u1ea7n ph\u1ea3i hi\u1ec3u r\u00f5 nguy\u00ean nh\u00e2n g\u00ec d\u1eabn \u0111\u1ebfn t\u00ecnh tr\u1ea1ng \u1ed1m ngh\u00e9n. Ch\u00ednh vi\u1ec7c l\u00e0m r\u00f5 l\u00fd do \u1ed1m ngh\u00e9n s\u1ebd gi\u00fap h\u00ecnh th\u00e0nh c\u01a1 s\u1edf \u0111\u1ec3 ta ph\u00e2n t\u00edch li\u1ec7u m\u1eb9 b\u1ea7u ngh\u00e9n th\u00ec con th\u00f4ng minh l\u00e0 \u0111\u00fang hay sai.\r\n\r\n\u1ed0m ngh\u00e9n kh\u00f4ng ph\u1ea3i l\u00fac n\u00e0o c\u0169ng xu\u1ea5t hi\u1ec7n \u1edf c\u00e1c m\u1eb9 \u0111ang mang thai, th\u01b0\u1eddng th\u00ec ch\u1ec9 kho\u1ea3ng 85% m\u1eb9 b\u1ea7u c\u00f3 tri\u1ec7u ch\u1ee9ng n\u00e0y m\u00e0 th\u00f4i. Khi ngh\u00e9n, m\u1eb9 b\u1ea7u th\u01b0\u1eddng xu\u1ea5t hi\u1ec7n m\u1ed9t s\u1ed1 bi\u1ec3u hi\u1ec7n nh\u01b0 bu\u1ed3n n\u00f4n, ho\u1eb7c \u0103n u\u1ed1ng kh\u00f4ng \u0111\u01b0\u1ee3c b\u00ecnh th\u01b0\u1eddng (c\u00f3 khi r\u1ea5t th\u00e8m \u0103n nh\u01b0ng c\u00f3 l\u00fac l\u1ea1i s\u1ee3 ph\u1ea3i \u0103n). Th\u01b0\u1eddng th\u00ec vi\u1ec7c m\u1eb9 b\u1ea7u \u1ed1m ngh\u00e9n ch\u1ec9 xu\u1ea5t hi\u1ec7n \u1edf 3 th\u00e1ng \u0111\u1ea7u c\u1ee7a thai k\u1ef3.\r\n\r\n[caption id=\"attachment_103680\" align=\"alignnone\" width=\"660\"]<img class=\"size-full wp-image-103680\" src=\"https:\/\/big.vn\/wp-content\/uploads\/2018\/01\/me-bau-met-moi-vi-om-nghen.jpg\" alt=\"m\u1eb9 b\u1ea7u m\u1ec7t m\u1ecfi v\u00ec \u1ed1m ngh\u00e9n\" width=\"660\" height=\"440\" \/> \u1ed0m ngh\u00e9n l\u00e0 m\u1ed9t trong nh\u1eefng n\u1ed7i s\u1ee3 \u1edf m\u1eb9 khi mang b\u1ea7u. \u1ea2nh: Internet[\/caption]\r\n\r\nKhi \u0111ang mang thai, c\u01a1 th\u1ec3 c\u1ee7a m\u1eb9 b\u1ea7u th\u01b0\u1eddng s\u1ea3n sinh ra nhi\u1ec1u ho\u00f3c-m\u00f4n \u0111\u1ec3 h\u1ed7 tr\u1ee3 s\u1ef1 ph\u00e1t tri\u1ec3n c\u1ee7a b\u00e0o thai. Ch\u00ednh s\u1ef1 thay \u0111\u1ed5i n\u1ed9i ti\u1ebft t\u1ed1 trong giai \u0111o\u1ea1n mang thai l\u00e0 vi\u1ec7c l\u00e0m cho m\u1eb9 b\u1ea7u \u1ed1m ngh\u00e9n.\r\n\r\nTuy nhi\u00ean, n\u1ebfu m\u1eb9 b\u1ea7u b\u1ecb \u1ed1m ngh\u00e9n tr\u1ea7m tr\u1ecdng th\u00ec ch\u01b0a h\u1eb3n l\u00e0 \u0111i\u1ec1u t\u1ed1t. Khi tri\u1ec7u ch\u1ee9ng \u1ed1m ngh\u00e9n tr\u1edf n\u00ean nghi\u00eam tr\u1ecdng, d\u1ecbch v\u1ecb d\u1ea1 d\u00e0y s\u1ebd ch\u1ee9a nhi\u1ec1u ax\u00edt khi\u1ebfn cho h\u1ec7 ti\u00eau h\u00f3a kh\u00f4ng \u0111\u01b0\u1ee3c t\u1ed1t. N\u00f4n nhi\u1ec1u l\u00e0m cho c\u1ed5 h\u1ecdng c\u1ee7a m\u1eb9 g\u1eaft v\u00e0 r\u00e1t d\u1eabn \u0111\u1ebfn vi\u00eam h\u1ecdng, r\u1ea5t kh\u00f3 ch\u1ecbu.\r\n<h2>2. Th\u1ef1c h\u01b0 chuy\u1ec7n c\u00f3 b\u1ea7u \u1ed1m ngh\u00e9n sinh con th\u00f4ng minh<\/h2>\r\nM\u1eb9 b\u1ea7u ngh\u00e9n con th\u00f4ng minh \u0111\u00e3 \u0111\u01b0\u1ee3c nhi\u1ec1u nh\u00e0 khoa h\u1ecdc, b\u00e1c s\u1ef9 ph\u1ee5 khoa ch\u1ee9ng minh. Li\u1ec7u \u0111i\u1ec1u n\u00e0y c\u00f3 ph\u1ea3i l\u00e0 s\u1ef1 th\u1eadt, h\u00e3y c\u00f9ng t\u00ecm hi\u1ec3u k\u1ef9 h\u01a1n nh\u00e9!\r\n\r\nTheo m\u1ed9t c\u00f4ng tr\u00ecnh nghi\u00ean c\u1ee9u c\u1ee7a B\u1ec7nh vi\u1ec7n tr\u1ebb em t\u1ea1i Toronto (Canada) \u0111\u01b0\u1ee3c \u0111\u0103ng t\u1ea3i tr\u00ean t\u1ea1p ch\u00ed Reproductive Toxicology, c\u00e1c m\u1eb9 b\u1ea7u b\u1ecb \u1ed1m ngh\u00e9n khi mang thai th\u00ec con sinh ra s\u1ebd \u00edt b\u1ecb d\u1ecb d\u1ea1ng v\u1ec1 th\u00e2n th\u1ec3. Nh\u1eefng \u0111\u1ee9a b\u00e9 \u0111\u01b0\u1ee3c sinh ra t\u1eeb m\u1eb9 c\u00f3 tri\u1ec7u ch\u1ee9ng \u1ed1m ngh\u00e9n c\u00f3 s\u1ef1 ph\u00e1t tri\u1ec3n h\u01a1i \u201cnh\u1ec9nh\u201d h\u01a1n v\u1ec1 \u0111\u01b0\u1eddng d\u00e0i.\r\n\r\nNh\u00f3m nghi\u00ean c\u1ee9u tr\u00ean \u0111\u00e3 ti\u1ebfn h\u00e0nh kh\u1ea3o nghi\u1ec7m tr\u00ean 10 c\u00f4ng tr\u00ecnh \u0111\u1ed9c l\u1eadp v\u1edbi nhau, \u0111\u01b0\u1ee3c ti\u1ebfn h\u00e0nh \u1edf kho\u1ea3ng 5 qu\u1ed1c gia t\u1eeb n\u0103m 1992 \u0111\u1ebfn 2012. T\u1ed5ng c\u1ed9ng s\u1ed1 m\u1eb9 b\u1ea7u b\u1ecb ngh\u00e9n l\u00ean \u0111\u1ebfn 850.000 ng\u01b0\u1eddi \u1edf m\u1ecdi c\u1ea5p \u0111\u1ed9 kh\u00e1c nhau.\r\n\r\n[caption id=\"attachment_103682\" align=\"alignnone\" width=\"660\"]<img class=\"size-full wp-image-103682\" src=\"https:\/\/big.vn\/wp-content\/uploads\/2018\/01\/be-dat-tay-len-dau.jpg\" alt=\"b\u00e9 \u0111\u1eb7t tay l\u00ean \u0111\u1ea7u\" width=\"660\" height=\"440\" \/> B\u00e9 c\u00f3 IQ cao h\u01a1n khi \u0111\u01b0\u1ee3c sinh ra t\u1eeb m\u1eb9 b\u1ea7u c\u00f3 tri\u1ec7u ch\u1ee9ng \u1ed1m ngh\u00e9n. \u1ea2nh: Internet[\/caption]\r\n\r\nC\u00e1c m\u1eb9 b\u1ea7u c\u00f3 t\u00ecnh tr\u1ea1ng \u1ed1m ngh\u00e9n th\u01b0\u1eddng s\u1ebd sinh con \u0111\u1ee7 th\u00e1ng, c\u01a1 th\u1ec3 c\u1ee7a \u0111\u1ee9a b\u00e9 kh\u00f4ng qu\u00e1 nh\u1eb9, chi\u1ec1u d\u00e0i c\u01a1 th\u1ec3 kh\u00f4ng h\u1ec1 b\u1ecb ng\u1eafn hay xu\u1ea5t hi\u1ec7n d\u1ecb t\u1eadt. \u0110\u1eb7c bi\u1ec7t, t\u1ef7 l\u1ec7 sinh non \u1edf nh\u1eefng m\u1eb9 b\u1ea7u n\u00e0y c\u1ef1c k\u1ef3 th\u1ea5p. \u1ede m\u1eb9 \u1ed1m ngh\u00e9n t\u1ef7 l\u1ec7 sinh non ch\u1ec9 chi\u1ebfm 6,4%, \u00a0trong khi \u0111\u00f3 nh\u1eefng tr\u01b0\u1eddng h\u1ee3p kh\u00e1c c\u00f3 \u0111\u1ebfn t\u1eadn 9,5%.\r\n\r\nNgo\u00e0i ra, t\u00ecnh tr\u1ea1ng b\u00e9 b\u1ecb d\u1ecb t\u1eadt gi\u1ea3m t\u1eeb 30% \u0111\u1ebfn 80% \u1edf c\u00e1c m\u1eb9 xu\u1ea5t hi\u1ec7n tri\u1ec7u ch\u1ee9ng \u1ed1m ngh\u00e9n khi mang thai. Nguy c\u01a1 s\u1ea9y thai c\u0169ng gi\u1ea3m \u0111i th\u1ea5y r\u00f5 n\u1ebfu m\u1eb9 b\u1ecb ngh\u00e9n khi mang thai. Quan tr\u1ecdng h\u01a1n, c\u00e1c m\u1eb9 kh\u00f4ng xu\u1ea5t hi\u1ec7n tri\u1ec7u ch\u1ee9ng ngh\u00e9n c\u00f3 nguy c\u01a1 s\u1ea9y thai l\u00ean g\u1ea5p 3 l\u1ea7n so v\u1edbi s\u1ed1 m\u1eb9 b\u1ea7u b\u1ecb ngh\u00e9n.\r\n\r\nNgo\u00e0i ra, m\u1ed9t v\u00e0i tr\u01b0\u1eddng h\u1ee3p c\u00e1c b\u00e9 \u0111\u01b0\u1ee3c sinh ra t\u1eeb m\u1eb9 c\u00f3 tri\u1ec7u ch\u1ee9ng \u1ed1m ngh\u00e9n \u0111\u01b0\u1ee3c ghi nh\u1eadn l\u1ea1i trong c\u00e1c b\u00e0i ki\u1ec3m tra th\u00f4ng minh cho th\u1ea5y ch\u1ec9 s\u1ed1 IQ, kh\u1ea3 n\u0103ng ng\u00f4n ng\u1eef v\u00e0 h\u00e0nh vi c\u00f3 s\u1ef1 v\u01b0\u1ee3t tr\u1ed9i h\u01a1n so v\u1edbi c\u00e1c b\u00e9 kh\u00e1c.\r\n<h2>3. M\u1ed9t s\u1ed1 c\u00e1ch tr\u1ecb \u1ed1m ngh\u00e9n trong d\u00e2n gian<\/h2>\r\nM\u1eb9 b\u1ea7u ngh\u00e9n con th\u00f4ng minh v\u1eabn ch\u01b0a \u0111\u01b0\u1ee3c ki\u1ec3m ch\u1ee9ng m\u1ed9t c\u00e1ch \u0111\u1ea7y \u0111\u1ee7 v\u00e0 thuy\u1ebft ph\u1ee5c. Tuy nhi\u00ean, nhi\u1ec1u s\u1ed1 li\u1ec7u cho th\u1ea5y c\u00e1c b\u00e9 \u0111\u01b0\u1ee3c sinh ra t\u1eeb m\u1eb9 c\u00f3 tri\u1ec7u ch\u1ee9ng \u1ed1m ngh\u00e9n \u00edt b\u1ecb d\u1ecb t\u1eadt v\u00e0 c\u00f3 ch\u1ec9 s\u1ed1 th\u00f4ng minh cao h\u01a1n b\u00ecnh th\u01b0\u1eddng. M\u1eb7c d\u00f9 l\u00e0 v\u1eady nh\u01b0ng kh\u00f4ng ph\u1ea3i m\u1eb9 b\u1ea7u n\u00e0o c\u0169ng ch\u1ecbu \u0111\u1ef1ng \u0111\u01b0\u1ee3c nh\u1eefng c\u01a1n ngh\u00e9n \u201ckinh kh\u1ee7ng\u201d. V\u00ec v\u1eady, m\u1eb9 h\u00e3y c\u00f9ng t\u00ecm hi\u1ec3u m\u1ed9t s\u1ed1 c\u00e1ch tr\u1ecb \u1ed1m ngh\u00e9n trong d\u00e2n gian m\u00e0 b\u00e0i vi\u1ebft \u0111\u1ec1 c\u1eadp d\u01b0\u1edbi \u0111\u00e2y nh\u00e9!\r\n\r\n&nbsp;\r\n\r\n[caption id=\"attachment_103684\" align=\"alignnone\" width=\"660\"]<img class=\"size-full wp-image-103684\" src=\"https:\/\/big.vn\/wp-content\/uploads\/2018\/01\/me-bau-uong-nuoc-chanh-1.jpg\" alt=\"m\u1eb9 b\u1ea7u u\u1ed1ng n\u01b0\u1edbc chanh\" width=\"660\" height=\"440\" \/> Chanh t\u01b0\u01a1i l\u00e0 lo\u1ea1i tr\u00e1i c\u00e2y tr\u1ecb \u1ed1m ngh\u00e9n hi\u1ec7u qu\u1ea3. \u1ea2nh: Internet[\/caption]\r\n<h3>3.1 U\u1ed1ng n\u01b0\u1edbc chanh t\u01b0\u01a1i<\/h3>\r\nN\u01b0\u1edbc chanh t\u01b0\u01a1i c\u0169ng r\u1ea5t c\u00f4ng hi\u1ec7u \u0111\u1ea5y nh\u00e9! M\u1ed9t c\u1ed1c n\u01b0\u1edbc l\u1ecdc \u0111\u01b0\u1ee3c pha c\u00f9ng v\u00e0i l\u00e1t chanh t\u01b0\u01a1i s\u1ebd gi\u1ea3i t\u1ecfa b\u1edbt nhi\u1ec7t l\u01b0\u1ee3ng trong c\u01a1 th\u1ec3 m\u1eb9 b\u1ea7u. Kh\u00f4ng nh\u1eefng th\u1ebf, chanh t\u01b0\u01a1i \u0111\u01b0\u1ee3c cho l\u00e0 \u201cth\u1ea7n d\u01b0\u1ee3c\u201d ch\u1eefa n\u00f4n \u00f3i. H\u00e3y nh\u1ea5p v\u00e0i ng\u1ee5m n\u01b0\u1edbc chanh s\u1ebd gi\u00fap m\u1eb9 gi\u1ea3m b\u1edbt c\u01a1n ngh\u00e9n.\r\n<h3>3.2 U\u1ed1ng n\u01b0\u1edbc tr\u00e0 g\u1eebng<\/h3>\r\nN\u01b0\u1edbc tr\u00e0 g\u1eebng n\u1ea5u c\u00f9ng v\u1ecf qu\u00fdt gi\u00fap gi\u1ea3m tri\u1ec7u ch\u1ee9ng \u1ed1m ngh\u00e9n \u1edf m\u1eb9 b\u1ea7u. G\u1eebng \u0111em r\u1eeda s\u1ea1ch, th\u00e1i th\u00e0nh ba l\u00e1t m\u1ecfng. V\u1ecf qu\u00fdt ph\u1ea3i c\u00f2n t\u01b0\u01a1i, \u0111em \u0111i r\u1eeda v\u00e0 c\u1ea1o s\u1ea1ch c\u00e1c l\u1edbp b\u00ean trong. Sau \u0111\u00f3, n\u1ea5u v\u1ecf qu\u00fdt c\u00f9ng v\u1edbi c\u00e1c l\u00e1t g\u1eebng \u0111\u01b0\u1ee3c th\u00e1i nh\u1ecf kho\u1ea3ng 5 ph\u00fat r\u1ed3i \u0111un l\u1eeda nh\u1ecf th\u00eam 20 ph\u00fat n\u1eefa. M\u1eb9 n\u00ean u\u1ed1ng khi c\u00f2n n\u00f3ng th\u00ec hi\u1ec7u qu\u1ea3 s\u1ebd cao h\u01a1n nh\u00e9!\r\n\r\n<strong>M\u1eb9 b\u1ea7u ngh\u00e9n con th\u00f4ng minh<\/strong> v\u1eabn ch\u01b0a \u0111\u01b0\u1ee3c c\u00f4ng b\u1ed1 m\u1ed9t c\u00e1ch ch\u00ednh th\u1ee9c b\u1edfi b\u1ea5t k\u1ef3 nh\u00e0 khoa h\u1ecdc hay b\u00e1c s\u1ef9 ph\u1ee5 khoa n\u00e0o. Tuy nhi\u00ean, nhi\u1ec1u tr\u01b0\u1eddng h\u1ee3p m\u1eb9 b\u1ea7u b\u1ecb ngh\u00e9n \u0111\u01b0\u1ee3c ghi nh\u1eadn l\u00e0 c\u00e1c b\u00e9 sinh ra s\u1ebd c\u00f3 IQ h\u01a1i cao h\u01a1n m\u1ed9t ch\u00fat so v\u1edbi nh\u1eefng tr\u01b0\u1eddng h\u1ee3p kh\u00e1c.\r\n<p style=\"text-align: right;\"><strong>Minh H\u1ea1 (T\u1ed5ng h\u1ee3p)<\/strong><\/p>"}