{"title":"C\u00e1ch l\u00e0m b\u00e1nh \u0111\u00fac l\u1ea1c truy\u1ec1n th\u1ed1ng ngon ng\u1ea5t ng\u00e2y","categories":["N\u1ea5u \u0103n"],"tags":["b\u00e1nh \u0111\u00fac l\u1ea1c","c\u00e1ch l\u00e0m b\u00e1nh \u0111\u00fac l\u1ea1c","C\u00e1ch l\u00e0m b\u00e1nh \u0111\u00fac l\u1ea1c \u0111\u01a1n gi\u1ea3n\u00a0C\u00e1ch l\u00e0m b\u00e1nh \u0111\u00fac l\u1ea1c ngon","C\u00e1ch l\u00e0m b\u00e1nh \u0111\u00fac l\u1ea1c t\u1ea1i nh\u00e0"],"featureImage":"https:\/\/big.vn\/wp-content\/uploads\/2017\/08\/cach-lam-banh-duc-lac-truyen-thong-hinh-1-1.jpg","excerpt":"H\u00f4m nay big.vn s\u1ebd c\u00f9ng v\u1edbi b\u1ea1n th\u1ef1c hi\u1ec7n c\u00e1ch l\u00e0m m\u00f3n b\u00e1nh \u0111\u00fac l\u1ea1c truy\u1ec1n th\u1ed1ng cho gia \u0111\u00ecnh b\u1ea1n c\u00f9ng th\u01b0\u1edfng th\u1ee9c nh\u00e9 !!\r\n\u00a0\r\nNguy\u00ean li\u1ec7u l\u00e0m b\u00e1nh \u0111\u00fac l\u1ea1c\r\n\r\n \t250gr b\u1ed9t t\u1ebb.\r\n \t2gr mu\u1ed1i.\r\n \t10ml d\u1ea7u \u0103n.\r\n \t760ml n\u01b0\u1edbc v\u00f4i trong.\r\n \tD\u1ea7u \u0103n.\r\n \t100gr l\u1ea1c (ng\u00e2m trong n\u01b0\u1edbc kho\u1ea3ng 3 ti\u1ebfng cho n\u1edf ra).\r\n\r\nD\u1ee5","slug":"cach-lam-banh-duc-lac-truyen-thong-ngon-ngat-ngay","content":"H\u00f4m nay big.vn s\u1ebd c\u00f9ng v\u1edbi b\u1ea1n th\u1ef1c hi\u1ec7n <strong><span style=\"color: #ff0000;\">c\u00e1ch l\u00e0m m\u00f3n b\u00e1nh \u0111\u00fac l\u1ea1c truy\u1ec1n th\u1ed1ng<\/span><\/strong> cho gia \u0111\u00ecnh b\u1ea1n c\u00f9ng th\u01b0\u1edfng th\u1ee9c nh\u00e9 !!\r\n<h3>\u00a0<img class=\"aligncenter size-full wp-image-83207\" src=\"https:\/\/big.vn\/wp-content\/uploads\/2017\/08\/cach-lam-banh-duc-lac-truyen-thong-hinh-1.jpg\" alt=\"C\u00e1ch l\u00e0m b\u00e1nh \u0111\u00fac l\u1ea1c truy\u1ec1n th\u1ed1ng h\u00ecnh 1\" width=\"640\" height=\"360\" \/>\r\nNguy\u00ean li\u1ec7u l\u00e0m b\u00e1nh \u0111\u00fac l\u1ea1c<\/h3>\r\n<ol>\r\n \t<li>250gr b\u1ed9t t\u1ebb.<\/li>\r\n \t<li>2gr mu\u1ed1i.<\/li>\r\n \t<li>10ml d\u1ea7u \u0103n.<\/li>\r\n \t<li>760ml n\u01b0\u1edbc v\u00f4i trong.<\/li>\r\n \t<li>D\u1ea7u \u0103n.<\/li>\r\n \t<li>100gr l\u1ea1c (ng\u00e2m trong n\u01b0\u1edbc kho\u1ea3ng 3 ti\u1ebfng cho n\u1edf ra).<\/li>\r\n<\/ol>\r\n<h3>D\u1ee5ng c\u1ee5 l\u00e0m b\u00e1nh \u0111\u00fac l\u1ea1c<\/h3>\r\n<ol>\r\n \t<li>T\u00f4.<\/li>\r\n \t<li>N\u1ed3i.<\/li>\r\n \t<li>Khu\u00f4n.<\/li>\r\n \t<li>C\u1ecd ph\u1ebft.<\/li>\r\n \t<li>Ph\u1edbi l\u1ed3ng.<\/li>\r\n<\/ol>\r\n<h3>C\u00e1ch l\u00e0m b\u00e1nh \u0111\u00fac l\u1ea1c<\/h3>\r\n<h4>B\u01b0\u1edbc 1: S\u01a1 ch\u1ebf nguy\u00ean li\u1ec7u<\/h4>\r\n\u2013 Cho 250gr b\u1ed9t t\u1ebb, 2gr mu\u1ed1i, 10ml d\u1ea7u \u0103n v\u00e0 760ml n\u01b0\u1edbc v\u00f4i trong v\u00e0o 1 c\u00e1i t\u00f4 l\u1edbn r\u1ed3i d\u00f9ng ph\u1edbi l\u1ed3ng \u0111\u1ec3 tr\u1ed9n \u0111\u1ec1u t\u1ea5t c\u1ea3 c\u00e1c nguy\u00ean li\u1ec7u l\u1ea1i v\u1edbi nhau.\r\n<h4>B\u01b0\u1edbc 2: Ti\u1ebfn h\u00e0nh l\u00e0m b\u00e1nh \u0111\u00fac l\u1ea1c<\/h4>\r\n<img class=\"aligncenter size-full wp-image-83210\" src=\"https:\/\/big.vn\/wp-content\/uploads\/2017\/08\/cach-lam-banh-duc-lac-truyen-thong-hinh-2.jpg\" alt=\"C\u00e1ch l\u00e0m b\u00e1nh \u0111\u00fac l\u1ea1c truy\u1ec1n th\u1ed1ng h\u00ecnh 2\" width=\"640\" height=\"427\" \/>\r\n\r\n\u2013 Ph\u1ebft 1 l\u1edbp d\u1ea7u \u0103n m\u1ecfng v\u00e0o th\u00e0nh v\u00e0 \u0111\u00e1y n\u1ed3i, sau \u0111\u00f3 tr\u00fat h\u1ed7n h\u1ee3p b\u1ed9t t\u1ebb \u1edf b\u01b0\u1edbc 1 v\u00e0o, \u0111un v\u1edbi l\u1eeda nh\u1ecf.\r\n\r\n\u2013 Cho l\u1ea1c \u0111\u00e3 ng\u00e2m n\u1edf v\u00e0o n\u1ed3i b\u1ed9t, tr\u1ed9n \u0111\u1ec1u r\u1ed3i \u0111\u1eady n\u1eafp n\u1ed3i l\u1ea1i, \u0111\u1ec3 y\u00ean trong v\u00f2ng 15 ph\u00fat.\r\n\r\n\u2013 Ph\u1ebft 1 l\u1edbp m\u1ecfng d\u1ea7u \u0103n v\u00e0o th\u00e0nh v\u00e0 \u0111\u00e1y khu\u00f4n. Sau \u0111\u00f3 tr\u00fat h\u1ed7n h\u1ee3p b\u00e1nh \u1edf b\u01b0\u1edbc 3 v\u00e0o khu\u00f4n, d\u00e0n \u0111\u1ec1u r\u1ed3i \u0111\u1eb7t khu\u00f4n b\u00e1nh v\u00e0o trong t\u1ee7 l\u1ea1nh 3 ti\u1ebfng.\r\n<h4>B\u01b0\u1edbc 3: Ho\u00e0n th\u00e0nh l\u00e0m b\u00e1nh \u0111\u00fac l\u1ea1c<\/h4>\r\n<img class=\"aligncenter size-full wp-image-83211\" src=\"https:\/\/big.vn\/wp-content\/uploads\/2017\/08\/cach-lam-banh-duc-lac-truyen-thong-hinh-3.jpg\" alt=\"C\u00e1ch l\u00e0m b\u00e1nh \u0111\u00fac l\u1ea1c truy\u1ec1n th\u1ed1ng h\u00ecnh 3\" width=\"640\" height=\"360\" \/>\r\n\r\n\u2013 Sau 3 ti\u1ebfng th\u00ec l\u1ea5y b\u00e1nh ra, d\u00f9ng dao c\u1eaft b\u00e1nh th\u00e0nh nh\u1eefng mi\u1ebfng v\u1eeba \u0103n v\u00e0 th\u01b0\u1edfng th\u1ee9c th\u00f4i!\r\n\r\n<em>B\u00e0i vi\u1ebft tr\u00ean \u0111\u00e2y c\u1ee7a ch\u00fang t\u00f4i \u0111\u00e3 gi\u00fap b\u1ea1n t\u00ecm hi\u1ec3u <span style=\"color: #ff0000;\"><strong>c\u00e1ch l\u00e0m b\u00e1nh \u0111\u00fac l\u1ea1c<\/strong><\/span> ngay t\u1ea1i gian b\u1ebfp c\u1ee7a b\u1ea1n m\u1ed9t c\u00e1ch \u0111\u01a1n gi\u1ea3n nh\u1ea5t. B\u1ea1n c\u00f3 th\u1ec3 th\u1ef1c hi\u1ec7n m\u00f3n b\u00e1nh \u0111\u00fac l\u1ea1c m\u1ed9t c\u00e1ch ngon nh\u1ea5t, ch\u1ea5t l\u01b0\u1ee3ng nh\u1ea5t. Big.vn h\u1eb9n g\u1eb7p l\u1ea1i c\u00e1c b\u1ea1n \u1edf c\u00e1c m\u00f3n \u0103n ti\u1ebfp theo.\u00a0<\/em>"}