{"title":"B\u00e0 b\u1ea7u b\u1ecb s\u1ed5 m\u0169i: C\u00e1ch ch\u1eefa tr\u1ecb hi\u1ec7u qu\u1ea3 b\u1eb1ng c\u00e1c b\u00e0i thu\u1ed1c d\u00e2n gian","categories":["M\u1eb9 &amp; B\u00e9"],"tags":["bi\u1ebfn ch\u1ee9ng thai k\u1ef3","th\u1eafc th\u1eafc thai k\u1ef3"],"featureImage":"https:\/\/big.vn\/wp-content\/uploads\/2018\/01\/ba-bau-bi-so-mui.jpg","excerpt":"C\u00f3 \u0111\u1ebfn 30% b\u00e0 b\u1ea7u b\u1ecb m\u1eafc ch\u1ee9ng c\u1ea3m c\u00fam th\u00f4ng th\u01b0\u1eddng trong qu\u00e1 tr\u00ecnh mang thai. Tuy nhi\u00ean, ch\u1ee9ng b\u1ec7nh n\u00e0y c\u00f3 th\u1ec3 ch\u1ea5m d\u1ee9t nhanh ch\u00f3ng khi b\u00e0 b\u1ea7u bi\u1ebft c\u00e1ch \u00e1p d\u1ee5ng c\u00e1c b\u00e0i thu\u1ed1c d\u00e2n gian. Th\u1ebf n\u00ean, h\u00e3y b\u00ecnh t\u0129nh khi m\u00ecnh \u0111ang m\u1eafc ch\u1ee9ng c\u1ea3m c\u00fam, s\u1ed5 m\u0169i nh\u00e9!\r\n\r\n[caption id=\"attachment_102877\" align=\"alig","slug":"ba-bau-bi-mui-cach-chua-tri-hieu-qua-bang-cac-bai-thuoc-dan-gian","content":"C\u00f3 \u0111\u1ebfn 30% b\u00e0 b\u1ea7u b\u1ecb m\u1eafc ch\u1ee9ng c\u1ea3m c\u00fam th\u00f4ng th\u01b0\u1eddng trong qu\u00e1 tr\u00ecnh mang thai. Tuy nhi\u00ean, ch\u1ee9ng b\u1ec7nh n\u00e0y c\u00f3 th\u1ec3 ch\u1ea5m d\u1ee9t nhanh ch\u00f3ng khi b\u00e0 b\u1ea7u bi\u1ebft c\u00e1ch \u00e1p d\u1ee5ng c\u00e1c b\u00e0i thu\u1ed1c d\u00e2n gian. Th\u1ebf n\u00ean, h\u00e3y b\u00ecnh t\u0129nh khi m\u00ecnh \u0111ang m\u1eafc ch\u1ee9ng c\u1ea3m c\u00fam, s\u1ed5 m\u0169i nh\u00e9!\r\n\r\n[caption id=\"attachment_102877\" align=\"alignnone\" width=\"660\"]<img class=\"size-full wp-image-102877\" src=\"https:\/\/big.vn\/wp-content\/uploads\/2018\/01\/ba-bau-bi-so-mui.jpg\" alt=\"B\u00e0 b\u1ea7u b\u1ecb s\u1ed5 m\u0169i trong thai k\u1ef3 l\u00e0 m\u1ed9t trong nh\u1eefng tr\u01b0\u1eddng h\u1ee3p kh\u00e1 ph\u1ed5 bi\u1ebfn\" width=\"660\" height=\"440\" \/> B\u00e0 b\u1ea7u b\u1ecb s\u1ed5 m\u0169i trong thai k\u1ef3 l\u00e0 m\u1ed9t trong nh\u1eefng tr\u01b0\u1eddng h\u1ee3p kh\u00e1 ph\u1ed5 bi\u1ebfn. \u1ea2nh: Internet[\/caption]\r\n<h2>1. Nguy\u00ean nh\u00e2n g\u00e2y ra ch\u1ee9ng c\u1ea3m, s\u1ed5 m\u0169i cho b\u00e0 b\u1ea7u<\/h2>\r\nNgo\u00e0i y\u1ebfu t\u1ed1 t\u00e1c \u0111\u1ed9ng c\u1ee7a th\u1eddi ti\u1ebft v\u00e0 kh\u00ed h\u1eadu nh\u01b0 tr\u1eddi l\u1ea1nh, th\u1eddi ti\u1ebft giao m\u00f9a th\u00ec ch\u00ednh nh\u1eefng thay \u0111\u1ed5i v\u1ec1 sinh l\u00ed trong qu\u00e1 tr\u00ecnh mang thai khi\u1ebfn b\u00e0 b\u1ea7u b\u1ecb c\u1ea3m, s\u1ed5 m\u0169i.\r\n\r\nTheo nghi\u00ean c\u1ee9u th\u00ec nguy\u00ean nh\u00e2n ch\u00ednh g\u00e2y c\u1ea3m, s\u1ed5 m\u0169i trong thai k\u1ef3 l\u00e0 do h\u00e0m l\u01b0\u1ee3ng cao estrogen l\u00e0m cho c\u00e1c m\u00e0ng m\u0169i b\u1ecb s\u01b0ng v\u00e0 \u0111\u00f3ng th\u00e0nh\u00a0d\u1ecbch nh\u1ea7y. C\u00e1c d\u1ecbch nh\u1ea7y n\u00e0y g\u00e2y kh\u00f3 ch\u1ecbu, th\u1eadm ch\u00ed s\u01b0ng c\u1ed5 h\u1ecdng v\u00e0 g\u00e2y ra ho.\r\n\r\nB\u00ean c\u1ea1nh \u0111\u00f3, \u0111\u1ec3 \u0111\u1ee7 m\u00e1u l\u01b0u th\u00f4ng c\u0169ng nh\u01b0 cung c\u1ea5p cho thai nhi th\u00ec l\u01b0\u1ee3ng m\u00e1u\u00a0t\u0103ng nhanh trong thai k\u1ef3 khi\u1ebfn s\u01b0ng ph\u00f9 nh\u1eefng m\u1ea1ch m\u00e1u nh\u1ecf trong m\u00e0ng m\u0169i. Do \u0111\u00f3, kh\u00ed qu\u1ea3n thu h\u1eb9p v\u00e0 g\u00e2y ra ch\u1ee9ng ngh\u1eb9t m\u0169i, s\u1ed5 m\u0169i. \u0110\u1ed3ng th\u1eddi, s\u1ee9c \u0111\u1ec1 kh\u00e1ng c\u1ee7a b\u00e0 b\u1ea7u c\u0169ng suy gi\u1ea3m r\u1ea5t nhi\u1ec1u khi b\u1eaft \u0111\u1ea7u mang thai. \u0110i\u1ec1u n\u00e0y s\u1ebd t\u1ea1o ra c\u01a1 h\u1ed9i cho s\u1ef1 t\u1ea5n c\u00f4ng c\u1ee7a c\u00e1c lo\u1ea1i virut g\u00e2y b\u1ec7nh.\r\n<h2>2. Nh\u1eefng b\u00e0i thu\u1ed1c ch\u1eefa tr\u1ecb hi\u1ec7u qu\u1ea3 t\u00ecnh tr\u1ea1ng s\u1ed5 m\u0169i cho c\u00e1c m\u1eb9<\/h2>\r\n\u1ede thai k\u1ef3, m\u1ecdi thu\u1ed1c \u0111i\u1ec1u tr\u1ecb b\u1ec7nh \u0111\u1ec1u khuy\u1ebfn c\u00e1o kh\u00f4ng n\u00ean d\u00f9ng ho\u1eb7c n\u1ebfu c\u00f3 d\u00f9ng th\u00ec c\u1ea7n c\u00f3 s\u1ef1 ch\u1ec9 \u0111\u1ecbnh r\u00f5 c\u1ee7a b\u00e1c s\u0129. Do \u0111\u00f3, b\u00e0 b\u1ea7u b\u1ecb s\u1ed5 m\u0169i, c\u1ea3m c\u00fam th\u00f4ng th\u01b0\u1eddng c\u00f3 th\u1ec3 \u00e1p d\u1ee5ng c\u00e1c b\u00e0i thu\u1ed1c d\u00e2n gian v\u1eeba l\u00e0nh t\u00ednh, l\u1ea1i d\u1ec5 t\u00ecm v\u00e0 mang \u0111\u1ebfn hi\u1ec7u qu\u1ea3 cao. M\u1ed9t v\u00e0i b\u00e0i thu\u1ed1c sau \u0111\u00e2y b\u00e0 b\u1ea7u c\u00f3 th\u1ec3 \u00e1p d\u1ee5ng:\r\n<ul>\r\n \t<li>Mu\u1ed1i: mu\u1ed1i kh\u00f4ng ch\u1ec9 l\u00e0 gia v\u1ecb n\u00eam n\u1ebfm trong b\u1eefa \u0103n h\u1eb1ng ng\u00e0y m\u00e0 mu\u1ed1i c\u00f2n gi\u00fap tr\u1ecb \u0111au h\u1ecdng, ngh\u1eb9t m\u0169i. \u0110\u1eb7c bi\u1ec7t v\u1edbi b\u00e0 b\u1ea7u, ch\u1ec9 c\u1ea7n pha lo\u00e3ng mu\u1ed1i v\u00e0 n\u01b0\u1edbc \u1ea5m \u0111\u1ec3 s\u00fac mi\u1ec7ng v\u00e0 ng\u1eadm l\u00e0 t\u00ecnh tr\u1ea1ng s\u1ed5 m\u0169i, \u0111au h\u1ecdng s\u1ebd gi\u1ea3m \u0111\u00e1ng k\u1ec3.<\/li>\r\n \t<li>T\u1ecfi: t\u01b0\u01a1ng t\u1ef1 nh\u01b0 mu\u1ed1i, t\u1ecfi c\u0169ng l\u00e0 gia v\u1ecb n\u00eam n\u1ebfm song n\u00f3 c\u00f2n \u0111\u01b0\u1ee3c g\u1ecdi l\u00e0 \u201cth\u1ea7n d\u01b0\u1ee3c\u201d trong v\u1ecb tr\u1ecb c\u1ea3m c\u00fam, s\u1ed5 m\u0169i. \u0110\u00f3 l\u00e0 nh\u1edd th\u00e0nh ph\u1ea7n c\u1ee7a t\u1ecfi c\u00f3 ch\u1ee9a ch\u1ea5t kh\u00e1ng sinh Allincin, gi\u00fap ch\u1ed1ng l\u1ea1i c\u00e1c virus g\u00e2y b\u1ec7nh. Ngo\u00e0i ra, tinh d\u1ea7u t\u1ecfi gi\u00e0u Glucogen v\u00e0 Aliin, Fitonxit, c\u00f3 c\u00f4ng c\u1ee5 di\u1ec7t khu\u1ea9n, s\u00e1t tr\u00f9ng, ch\u1ed1ng vi\u00eam nhi\u1ec5m r\u1ea5t t\u1ed1t. B\u00e0 b\u1ea7u c\u00f3 th\u1ec3 d\u00f9ng t\u1ecfi nhi\u1ec1u h\u01a1n trong vi\u1ec7c n\u1ebfm n\u1ebfm gia v\u1ecb ho\u1eb7c \u0103n t\u1ecfi s\u1ed1ng \u0111\u1ec3 tr\u1ecb c\u1ea3m, s\u1ed5 m\u0169i.<\/li>\r\n<\/ul>\r\n[caption id=\"attachment_102878\" align=\"alignnone\" width=\"660\"]<img class=\"size-full wp-image-102878\" src=\"https:\/\/big.vn\/wp-content\/uploads\/2018\/01\/cu-toi.jpg\" alt=\"T\u1ecfi l\u00e0 th\u1ea7n d\u01b0\u1ee3c tr\u1ecb c\u1ea3m, s\u1ed5 m\u0169i\" width=\"660\" height=\"440\" \/> T\u1ecfi l\u00e0 th\u1ea7n d\u01b0\u1ee3c tr\u1ecb c\u1ea3m, s\u1ed5 m\u0169i. \u1ea2nh: Internet[\/caption]\r\n<ul>\r\n \t<li>Kinh gi\u1edbi, t\u00eda t\u00f4:\u00a0hai lo\u1ea1i l\u00e1 n\u00e0y c\u00f3 th\u1ec3 ch\u1eefa c\u1ea3m m\u1ea1o phong h\u00e0n, c\u00f3 v\u1ecb cay t\u00ednh \u1ea5m, tr\u1ecb \u0111au n\u1eb7ng \u0111\u1ea7u, s\u01b0ng h\u1ecdng, bu\u1ed3n n\u00f4n do l\u1ea1nh k\u00e8m theo c\u00e1c ch\u1ee9ng s\u1ed5 m\u0169i. B\u00e0 b\u1ea7u c\u00f3 th\u1ec3 s\u1eafc l\u1ea5y n\u01b0\u1edbc u\u1ed1ng ho\u1eb7c cho v\u00e0o ch\u00e1o \u0103n gi\u1ea3i c\u1ea3m, h\u1ebft s\u1ed5 m\u0169i ngay.<\/li>\r\n \t<li>H\u00e0nh: h\u00e0nh bao g\u1ed3m c\u1ea3 h\u00e0nh c\u1ee7 v\u00e0 h\u00e0nh l\u00e1 \u0111\u1ec1u c\u00f3 th\u1ec3 gi\u00fap b\u00e0 b\u1ea7u h\u1ea1n ch\u1ebf t\u00ecnh tr\u1ea1ng ngh\u1eb9t m\u0169i, s\u1ed5 m\u0169i. B\u1ecf h\u00e0nh th\u1eadt nhi\u1ec1u v\u00e0o ch\u00e1o tr\u1ee9ng g\u00e0 v\u00e0 \u0103n ngay ch\u00fang l\u00fac c\u00f2n n\u00f3ng s\u1ebd gi\u00fap gi\u1ea3i c\u1ea3m, tr\u1ecb s\u1ed5 m\u0169i hi\u1ec7u qu\u1ea3.<\/li>\r\n<\/ul>\r\n<h2>3. M\u1ed9t s\u1ed1 c\u00e1ch ng\u1eeba s\u1ed5 m\u0169i, c\u1ea3m c\u00fam kh\u00e1c<\/h2>\r\nNgo\u00e0i c\u00e1c b\u00e0i thu\u1ed1c d\u00e2n gian l\u00e0nh t\u00ednh th\u00ec b\u00e0 b\u1ea7u c\u00f3 th\u1ec3 ng\u0103n ng\u1eeba ch\u1ee9ng c\u1ea3m c\u00fam, s\u1ed5 m\u0169i b\u1eb1ng th\u00f3i quen \u0103n u\u1ed1ng, sinh ho\u1ea1t l\u00e0nh m\u1ea1nh trong thai k\u1ef3.\r\n\r\nTheo \u0111\u00f3, b\u00e0 b\u1ea7u c\u1ea7n \u0103n \u0111\u1ee7 ch\u1ea5t, t\u0103ng c\u01b0\u1eddng c\u00e1c nh\u00f3m th\u1ef1c ph\u1ea9m khi thai nhi d\u1ea7n ph\u00e1t tri\u1ec3n v\u00ec ch\u1ec9 c\u00f3 s\u1ee9c kh\u1ecfe t\u1ed1t, b\u00e0 b\u1ea7u m\u1edbi kh\u00e1ng \u0111\u01b0\u1ee3c c\u00e1c virut g\u00e2y b\u1ec7nh x\u00e2m nh\u1eadp. Khi th\u1eddi ti\u1ebft thay \u0111\u1ed5i, b\u00e0 b\u1ea7u c\u1ea7n gi\u1eef \u1ea5m c\u01a1 th\u1ec3, t\u1eafm b\u1eb1ng n\u01b0\u1edbc \u1ea5m \u0111\u1ec3 tr\u00e1nh b\u1ecb c\u1ea3m.\r\n\r\nB\u00ean c\u1ea1nh \u0111\u00f3, b\u00e0 b\u1ea7u c\u1ea7n u\u1ed1ng \u0111\u1ee7 n\u01b0\u1edbc \u0111\u1ec3 c\u01a1 th\u1ec3 kh\u00f4ng m\u1ea5t n\u01b0\u1edbc, ti\u00eau h\u00f3a t\u1ed1t t\u1eeb \u0111\u00f3 l\u01b0u th\u00f4ng m\u00e1u huy\u1ebft, gi\u1ea3m thi\u1ec3u c\u00e1c ch\u1ee9ng b\u1ec7nh trong thai k\u1ef3, trong \u0111\u00f3 c\u00f3 c\u1ea3m c\u00fam, s\u1ed5 m\u0169i.\r\n\r\n\u0110i\u1ec1u quan tr\u1ecdng nh\u1ea5t gi\u00fap l\u1ea9y l\u00f9i c\u00e1c ch\u1ee9ng b\u1ec7nh c\u1ee7a thai k\u1ef3 l\u00e0 vi\u1ec7c b\u00e0 b\u1ea7u ph\u1ea3i ch\u0103m ch\u1ec9 luy\u1ec7n t\u1eadp th\u1ec3 thao v\u00e0 luy\u1ec7n t\u1eadp \u0111\u00fang c\u00e1ch. C\u00e1c b\u00e0i t\u1eadp yoga hay \u0111i b\u1ed9 c\u00f9ng c\u00e1c \u0111\u1ed9ng t\u00e1c \u0111\u01a1n gi\u1ea3n s\u1ebd gi\u00fap tr\u00e1nh m\u1ecfi m\u1ec7t, c\u0103ng c\u01a1, t\u00edch t\u1ee5 m\u00e1u c\u0169ng nh\u01b0 h\u1ea1n ch\u1ebf ch\u1ee9ng c\u1ea3m c\u00fam.\r\n\r\n[caption id=\"attachment_102881\" align=\"alignnone\" width=\"660\"]<img class=\"size-full wp-image-102881\" src=\"https:\/\/big.vn\/wp-content\/uploads\/2018\/01\/ba-bau-tap-the-duc.jpg\" alt=\"B\u00e0 b\u1ea7u c\u1ea7n t\u1eadp th\u1ec3 d\u1ee5c th\u1ec3 thao \u0111\u1ec3 kh\u1ecfe m\u1ea1nh\" width=\"660\" height=\"440\" \/> B\u00e0 b\u1ea7u c\u1ea7n t\u1eadp th\u1ec3 d\u1ee5c th\u1ec3 thao \u0111\u1ec3 kh\u1ecfe m\u1ea1nh. \u1ea2nh: Internet[\/caption]\r\n\r\nDo \u0111\u00f3, n\u1ebfu <strong>b\u00e0 b\u1ea7u b\u1ecb s\u1ed5 m\u0169i<\/strong> v\u00e0 c\u1ea3m c\u00fam th\u00f4ng th\u01b0\u1eddng th\u00ec kh\u00f4ng c\u00f3 g\u00ec \u0111\u00e1ng lo ng\u1ea1i. H\u00e3y t\u1eadp cho m\u00ecnh l\u1ed1i s\u1ed1ng v\u00e0 sinh ho\u1ea1t \u0111i\u1ec1u \u0111\u1ed9 t\u1eeb \u0103n u\u1ed1ng \u0111\u1ebfn luy\u1ec7n t\u1eadp th\u1ec3 thao v\u00ec c\u00f3 nh\u01b0 v\u1eady, c\u1ea3 thai k\u1ef3 m\u1eb9 v\u00e0 b\u00e9 m\u1edbi kh\u1ecfe m\u1ea1nh.\r\n<p style=\"text-align: right;\"><strong>\u00c1i Qu\u00ea (T\u1ed5ng h\u1ee3p)<\/strong><\/p>"}