{"title":"C\u00e1ch l\u00e0m b\u00e1nh trung thu c\u00e1 n\u01b0\u1edbng nh\u00e2n ru\u1ed1c g\u00e0 ngon \u0111\u00fang \u0111i\u1ec7u","categories":["N\u1ea5u \u0103n"],"tags":["b\u00e1nh trung thu","b\u00e1nh trung thu c\u00e1 n\u01b0\u1edbng nh\u00e2n ru\u1ed1c","c\u00e1ch l\u00e0m b\u00e1nh trung thu","c\u00e1ch l\u00e0m b\u00e1nh trung thu c\u00e1 n\u01b0\u1edbng nh\u00e2n ru\u1ed1c g\u00e0","c\u00e1ch l\u00e0m b\u00e1nh trung thu nh\u00e2n ru\u1ed1c","c\u00e1ch l\u00e0m b\u00e1nh trung thu nh\u00e2n ru\u1ed1c g\u00e0"],"featureImage":"https:\/\/big.vn\/wp-content\/uploads\/2017\/08\/cach-lam-banh-trung-thu-ca-nuong-nhan-ruoc-ga-ngon-dung-dieu-hinh-5.jpg","excerpt":"H\u00e3y \u0111\u1ec3 Big.vn th\u00eam v\u00e0o c\u00f4ng th\u1ee9c s\u1ed5 tay n\u1ea5u \u0103n c\u1ee7a c\u00e1c b\u1ea1n\u00a0c\u00e1ch l\u00e0m b\u00e1nh trung thu c\u00e1 n\u01b0\u1edbng nh\u00e2n ru\u1ed1c g\u00e0 ngon \u0111\u00fang \u0111i\u1ec7u n\u00e0y nh\u00e9.\r\n\r\n\r\nNguy\u00ean li\u1ec7u l\u00e0m b\u00e1nh trung thu c\u00e1 n\u01b0\u1edbng nh\u00e2n ru\u1ed1c g\u00e0\r\n\r\n \t\u00a0Kho\u1ea3ng 750 gram si r\u00f4 v\u00e0ng\r\n \t\u00a0300 ml d\u1ea7u\r\n \t\u00a015 ml n\u01b0\u1edbc dung d\u1ecbch ki\u1ec1m\r\n \t\u00a01 kg b\u1ed9t m\u00ec \u0111a d\u1ee5ng\r\n \t\u00a060 gram","slug":"cach-lam-banh-trung-thu-ca-nuong-nhan-ruoc-ga-ngon-dung-dieu","content":"H\u00e3y \u0111\u1ec3 Big.vn th\u00eam v\u00e0o c\u00f4ng th\u1ee9c s\u1ed5 tay n\u1ea5u \u0103n c\u1ee7a c\u00e1c b\u1ea1n<span style=\"color: #ff0000;\"><strong>\u00a0c\u00e1ch l\u00e0m b\u00e1nh trung thu c\u00e1 n\u01b0\u1edbng nh\u00e2n ru\u1ed1c g\u00e0<\/strong><\/span> ngon \u0111\u00fang \u0111i\u1ec7u n\u00e0y nh\u00e9.\r\n\r\n<img class=\"aligncenter size-full wp-image-83263\" src=\"https:\/\/big.vn\/wp-content\/uploads\/2017\/08\/cach-lam-banh-trung-thu-ca-nuong-nhan-ruoc-ga-ngon-dung-dieu-hinh-0.jpg\" alt=\"C\u00e1ch l\u00e0m b\u00e1nh trung thu c\u00e1 n\u01b0\u1edbng nh\u00e2n ru\u1ed1c g\u00e0 ngon \u0111\u00fang \u0111i\u1ec7u h\u00ecnh 0\" width=\"640\" height=\"480\" \/>\r\n<h3>Nguy\u00ean li\u1ec7u l\u00e0m b\u00e1nh trung thu c\u00e1 n\u01b0\u1edbng nh\u00e2n ru\u1ed1c g\u00e0<\/h3>\r\n<ol>\r\n \t<li>\u00a0Kho\u1ea3ng 750 gram si r\u00f4 v\u00e0ng<\/li>\r\n \t<li>\u00a0300 ml d\u1ea7u<\/li>\r\n \t<li>\u00a015 ml n\u01b0\u1edbc dung d\u1ecbch ki\u1ec1m<\/li>\r\n \t<li>\u00a01 kg b\u1ed9t m\u00ec \u0111a d\u1ee5ng<\/li>\r\n \t<li>\u00a060 gram nh\u00e2n h\u1ea1t d\u01b0a<\/li>\r\n \t<li>\u00a060 gram v\u1eebng tr\u1eafng<\/li>\r\n \t<li>\u00a0Kho\u1ea3ng 700 gram ru\u1ed1c g\u00e0<\/li>\r\n \t<li>1 l\u00f2ng \u0111\u1ecf tr\u1ee9ng + 15ml n\u01b0\u1edbc, \u0111\u00e1nh \u0111\u1ec1u \u0111\u1ec3 ph\u1ebft l\u00ean m\u1eb7t b\u00e1nh cho \u0111\u1eb9p m\u00e0u<\/li>\r\n<\/ol>\r\n<img class=\"aligncenter size-full wp-image-83264\" src=\"https:\/\/big.vn\/wp-content\/uploads\/2017\/08\/cach-lam-banh-trung-thu-ca-nuong-nhan-ruoc-ga-ngon-dung-dieu-hinh-1.jpg\" alt=\"C\u00e1ch l\u00e0m b\u00e1nh trung thu c\u00e1 n\u01b0\u1edbng nh\u00e2n ru\u1ed1c g\u00e0 ngon \u0111\u00fang \u0111i\u1ec7u h\u00ecnh 1\" width=\"640\" height=\"561\" \/>\r\n<h3>D\u1ee5ng c\u1ee5 l\u00e0m b\u00e1nh trung thu c\u00e1 n\u01b0\u1edbng nh\u00e2n ru\u1ed1c g\u00e0<\/h3>\r\n<ol>\r\n \t<li>\u00a0B\u00e1t l\u1edbn, nh\u1ecf<\/li>\r\n \t<li>\u00a0Dao, \u0111\u0129a, th\u00eca, th\u1edbt, \u2026<\/li>\r\n \t<li>\u00a0R\u00e2y l\u1ecdc, ph\u1edbi l\u01b0\u1edbi<\/li>\r\n \t<li>\u00a0Kh\u0103n s\u1ea1ch ho\u1eb7c m\u00e0ng b\u1ecdc th\u1ef1c ph\u1ea9m<\/li>\r\n \t<li>\u00a0C\u1ecd ph\u1ebft<\/li>\r\n \t<li>\u00a0H\u1ed9p k\u00edn c\u00f3 n\u1eafp \u0111\u1eady<\/li>\r\n \t<li>\u00a0Khu\u00f4n b\u00e1nh h\u00ecnh c\u00e1<\/li>\r\n \t<li>\u00a0Khay n\u01b0\u1edbng<\/li>\r\n \t<li>\u00a0L\u00f2 n\u01b0\u1edbng<\/li>\r\n<\/ol>\r\n<h3>C\u00e1ch l\u00e0m b\u00e1nh trung thu c\u00e1 n\u01b0\u1edbng nh\u00e2n ru\u1ed1c g\u00e0<\/h3>\r\n<h4>B\u01b0\u1edbc 1: S\u01a1 ch\u1ebf nguy\u00ean li\u1ec7u\u00a0c\u00e1ch l\u00e0m b\u00e1nh trung thu c\u00e1 n\u01b0\u1edbng nh\u00e2n ru\u1ed1c g\u00e0<\/h4>\r\nB\u1ea1n c\u1ea7n chu\u1ea9n b\u1ecb m\u1ed9t c\u00e1i h\u1ed9p k\u00edn c\u00f3 n\u1eafp \u0111\u1eady \u0111\u1ec3 \u0111\u1ef1ng h\u1ed7n h\u1ee3p qua \u0111\u00eam. B\u1ea1n cho si r\u00f4 v\u00e0ng, d\u1ea7u \u0103n, n\u01b0\u1edbc ki\u1ec1m v\u00e0 30 gram b\u1ed9t m\u00ec v\u00e0o \u0111\u00f3, d\u00f9ng ph\u1edbi l\u01b0\u1edbi khu\u1ea5y th\u1eadt \u0111\u1ec1u cho \u0111\u1ebfn khi h\u1ed7n h\u1ee3p \u0111\u01b0\u1ee3c k\u1ebft h\u1ee3p ho\u00e0n h\u1ea3o.\r\n\r\n<img class=\"aligncenter size-full wp-image-83267\" src=\"https:\/\/big.vn\/wp-content\/uploads\/2017\/08\/cach-lam-banh-trung-thu-ca-nuong-nhan-ruoc-ga-ngon-dung-dieu-hinh-3.jpg\" alt=\"C\u00e1ch l\u00e0m b\u00e1nh trung thu c\u00e1 n\u01b0\u1edbng nh\u00e2n ru\u1ed1c g\u00e0 ngon \u0111\u00fang \u0111i\u1ec7u h\u00ecnh 3\" width=\"600\" height=\"199\" \/>\r\n\r\nSau \u0111\u00f3 \u0111\u1eady n\u1eafp l\u1ea1i v\u00e0 \u0111\u1ec3 h\u1ed7n h\u1ee3p qua \u0111\u00eam.\r\n<h4>B\u01b0\u1edbc 2: Ti\u1ebfn h\u00e0nh\u00a0c\u00e1ch l\u00e0m b\u00e1nh trung thu c\u00e1 n\u01b0\u1edbng nh\u00e2n ru\u1ed1c g\u00e0<\/h4>\r\nNg\u00e0y h\u00f4m sau, \u0111\u1ed5 h\u1ed7n h\u1ee3p n\u00e0y ra m\u1ed9t c\u00e1i b\u00e1t l\u1edbn. S\u1eedu d\u1ee5ng m\u1ed9t c\u00e1i r\u00e2y \u0111\u1ec3 l\u1ecdc b\u1ed9t m\u00ec v\u00e0o c\u00f9ng v\u1edbi nh\u00e2n h\u1ea1t d\u01b0a v\u00e0 v\u1eebng tr\u1eafng. D\u00f9ng ph\u1edbi tr\u1ed9n \u0111\u1ec1u cho \u0111\u1ebfn khi th\u00e0nh h\u1ed7n h\u1ee3p m\u1ec1m.\r\n\r\nL\u01b0u \u00fd: B\u1ea1n kh\u00f4ng nh\u00e0o qu\u00e1 m\u1ea1nh tay s\u1ebd \u1ea3nh h\u01b0\u1edfng \u0111\u1ebfn ch\u1ea5t l\u01b0\u1ee3ng c\u1ee7a b\u00e1nh nha!\r\n\r\nSau \u0111\u00f3, b\u1ea1n ti\u1ebfp t\u1ee5c \u0111\u1eady b\u1ed9t b\u1eb1ng m\u00e0ng b\u1ecdc th\u1ef1c ph\u1ea9m r\u1ed3i \u0111\u1ec3 \u1ee7 kho\u1ea3ng 2 gi\u1edd.\r\n\r\nSau 2 gi\u1edd, r\u1eafc m\u1ed9t \u00edt b\u1ed9t l\u00ean cho \u0111\u1ee1 d\u00ednh. R\u1ed3i nh\u00e0o m\u1ecbn b\u1ed9t b\u1eb1ng tay.\r\n\r\n<img class=\"aligncenter size-full wp-image-83266\" src=\"https:\/\/big.vn\/wp-content\/uploads\/2017\/08\/cach-lam-banh-trung-thu-ca-nuong-nhan-ruoc-ga-ngon-dung-dieu-hinh-2.jpg\" alt=\"C\u00e1ch l\u00e0m b\u00e1nh trung thu c\u00e1 n\u01b0\u1edbng nh\u00e2n ru\u1ed1c g\u00e0 ngon \u0111\u00fang \u0111i\u1ec7u h\u00ecnh 2\" width=\"640\" height=\"480\" \/>\r\n\r\nB\u1ea1n nh\u00e0o \u0111\u1ebfn khi b\u1ed9t kh\u00f4ng b\u1ecb d\u00ednh v\u00e0o tay l\u00e0 \u0111\u01b0\u1ee3c. Sau \u0111\u00f3 ta ti\u1ebfn h\u00e0nh chia b\u1ed9t th\u00e0nh c\u00e1c ph\u1ea7n nh\u1ecf, m\u1ed7i ph\u1ea7n c\u00f3 kh\u1ed1i l\u01b0\u1ee3ng kho\u1ea3ng 20 gram ho\u1eb7c nhi\u1ec1u h\u01a1n t\u00f9y th\u00edch.\r\n\r\nD\u00f9ng tay v\u00ea b\u1ed9t th\u00e0nh h\u00ecnh tr\u00f2n. \u1ea4n d\u1eb9t c\u00e1c vi\u00ean b\u1ed9t xu\u1ed1ng r\u1ed3i cho ru\u1ed1c g\u00e0 v\u00e0o trong. Ti\u1ebfp t\u1ee5c vi\u00ean l\u1ea1i th\u00e0nh c\u00e1c vi\u00ean tr\u00f2n sao cho b\u1ed9t b\u00ean ngo\u00e0i b\u1ecdc k\u00edn ru\u1ed1c g\u00e0.\r\n\r\nL\u1ea5y khu\u00f4n b\u00e1nh trung thu h\u00ecnh c\u00e1 ra b\u00e0n, r\u1eafc m\u1ed9t \u00edt b\u1ed9t l\u00ean khu\u00f4n \u0111\u1ec3 ch\u1ed1ng d\u00ednh, sau \u0111\u00f3 b\u1ea1n th\u00eam v\u00e0i h\u1ea1t v\u1eebng v\u00e0o \u0111\u00f3 r\u1ed3i m\u1edbi cho vi\u00ean b\u1ed9t \u1ea5n v\u00e0o khu\u00f4n.\r\n\r\nD\u00e0n \u0111\u1ec1u b\u1ed9t v\u00e0o khu\u00f4n cho b\u00e1nh \u0111\u01b0\u1ee3c ch\u1eafc ch\u1eafn v\u00e0 c\u00f3 h\u00ecnh th\u00f9 \u0111\u1eb9p m\u1eaft.\r\n<h4>B\u01b0\u1edbc 3: Ho\u00e0n th\u00e0nh c\u00e1ch l\u00e0m b\u00e1nh trung thu c\u00e1 n\u01b0\u1edbng nh\u00e2n ru\u1ed1c g\u00e0<\/h4>\r\nSau khi c\u1ea3m th\u1ea5y b\u00e1nh \u0111\u00e3 \u0111\u01b0\u1ee3c th\u00e0nh h\u00ecnh c\u00e1 ch\u1eafc ch\u1eafn, b\u1ea1n nh\u1eb9 nh\u00e0ng l\u1ea5y b\u00e1nh ra kh\u1ecfi khu\u00f4n. X\u1ebfp khu\u00f4n b\u00e1nh l\u00ean khay n\u01b0\u1edbng.\r\n\r\nNh\u01b0ng tr\u01b0\u1edbc khi b\u00e1nh \u0111\u01b0\u1ee3c tr\u1ea3i \u0111\u1ec1u l\u00ean khay, b\u1ea1n c\u1ea7n l\u00e0m n\u00f3ng l\u00f2 n\u01b0\u1edbng \u1edf 190 \u0111\u1ed9 C (375 \u0111\u1ed9 F).\r\n\r\n<img class=\"aligncenter size-full wp-image-83269\" src=\"https:\/\/big.vn\/wp-content\/uploads\/2017\/08\/cach-lam-banh-trung-thu-ca-nuong-nhan-ruoc-ga-ngon-dung-dieu-hinh4.jpg\" alt=\"C\u00e1ch l\u00e0m b\u00e1nh trung thu c\u00e1 n\u01b0\u1edbng nh\u00e2n ru\u1ed1c g\u00e0 ngon \u0111\u00fang \u0111i\u1ec7u h\u00ecnh 4\" width=\"600\" height=\"336\" \/>\r\n\r\n\u0110\u01b0a khay v\u00e0o l\u00f2 v\u00e0 n\u01b0\u1edbng b\u00e1nh trong kho\u1ea3ng 10 ph\u00fat. T\u1eaft l\u00f2 n\u01b0\u1edbng v\u00e0 \u0111\u1ec3 ngu\u1ed9i trong 15 ph\u00fat.\r\n\r\nD\u00f9ng c\u1ecd nh\u00fang v\u00e0o h\u1ed7n h\u1ee3p l\u00f2ng \u0111\u1ecf tr\u1ee9ng n\u01b0\u1edbc r\u1ed3i ph\u1ebft l\u00ean b\u00e1nh. N\u01b0\u1edbng b\u00e1nh th\u00eam m\u1ed9t l\u1ea7n n\u1eefa trong 8-10 ph\u00fat ho\u1eb7c cho \u0111\u1ebfn khi b\u00e1nh c\u00f3 m\u00e0u v\u00e0ng n\u00e2u l\u00e0 \u0111\u1ea1t y\u00eau c\u1ea7u.\r\n\r\n\u0110\u1ec3 b\u00e1nh Trung thu n\u01b0\u1edbng h\u00ecnh c\u00e1 ngu\u1ed9i ho\u00e0n to\u00e0n r\u1ed3i c\u1ea5t b\u00e1nh v\u00e0o trong h\u1ed9p k\u00edn. Ch\u1edd 1-2 ng\u00e0y cho \u0111\u1ebfn khi v\u1ecf b\u00e1nh m\u1ec1m v\u00e0 s\u00e1ng b\u00f3ng l\u00e0 ta \u0111\u00e3 c\u00f3 nh\u1eefng chi\u1ebfc b\u00e1nh trung thu c\u00e1 n\u01b0\u1edbng nh\u00e2n ru\u1ed1c g\u00e0 ngon tuy\u1ec7t \u0111\u1ec9nh r\u1ed3i \u0111\u1ea5y.\r\n\r\n<img class=\"aligncenter size-full wp-image-83270\" src=\"https:\/\/big.vn\/wp-content\/uploads\/2017\/08\/cach-lam-banh-trung-thu-ca-nuong-nhan-ruoc-ga-ngon-dung-dieu-hinh-5-1.jpg\" alt=\"C\u00e1ch l\u00e0m b\u00e1nh trung thu c\u00e1 n\u01b0\u1edbng nh\u00e2n ru\u1ed1c g\u00e0 ngon \u0111\u00fang \u0111i\u1ec7u h\u00ecnh 5\" width=\"600\" height=\"400\" \/>\r\n\r\n<em>T\u1ef1 tay l\u00e0m n\u00ean nh\u1eefng chi\u1ebfc b\u00e1nh c\u00e1 ng\u1ed9 ngh\u0129nh x\u1ebfp tr\u00ean \u0111\u0129a \u0111\u1ec3 c\u1ea3 nh\u00e0 c\u00f9ng th\u01b0\u1edfng th\u1ee9c khi Trung thu v\u1eeba ngon, b\u1ed5, r\u1ebb, v\u00e0 \u0111\u1eb7c bi\u1ec7t l\u00e0 \u0111\u1ea3m b\u1ea3o \u0111\u01b0\u1ee3c v\u1ec7 sinh an to\u00e0n th\u1ef1c ph\u1ea9m. V\u1eady c\u00f2n g\u00ec h\u1ea1nh ph\u00fac h\u01a1n khi gia \u0111\u00ecnh sum v\u1ea7y \u0103n t\u1eebng mi\u1ebfng b\u00e1nh do ch\u00ednh m\u00ecnh l\u00e0m ra ph\u1ea3i kh\u00f4ng.<\/em>"}