{"title":"C\u00e1ch l\u00e0m b\u00e1nh hamburger b\u00f2 t\u1ea1i nh\u00e0","categories":["N\u1ea5u \u0103n"],"tags":["C\u00e1ch l\u00e0m b\u00e1nh hamburger b\u00f2","C\u00e1ch l\u00e0m b\u00e1nh hamburger b\u00f2 \u0111\u01a1n gi\u1ea3n","C\u00e1ch l\u00e0m b\u00e1nh hamburger b\u00f2 ngon","C\u00e1ch l\u00e0m b\u00e1nh hamburger b\u00f2 t\u1ea1i nh\u00e0","hamburger","hamburger b\u00f2"],"featureImage":"https:\/\/big.vn\/wp-content\/uploads\/2017\/08\/cach-lam-banh-hamberger-bo-tai-nha-hinh-3.jpg","excerpt":"\r\n\r\nH\u00f4m nay big.vn s\u1ebd v\u00e0o b\u1ebfp c\u00f9ng b\u1ea1n th\u1ef1c hi\u1ec7n c\u00e1ch l\u00e0m b\u00e1nh hamberger b\u00f2 cho c\u1ea3 nh\u00e0 nh\u00e9\r\nNguy\u00ean li\u1ec7u l\u00e0m b\u00e1nh hamburger b\u00f2\r\n\r\n \t200ml d\u1ea5m lo\u00e3ng.\r\n \t1 c\u1ee7 h\u00e0nh t\u00e2y t\u00edm.\r\n \t2 qu\u1ea3 c\u00e0 chua.\r\n \tRau x\u00e0 l\u00e1ch.\r\n \t175gr th\u1ecbt b\u00f2 xay.\r\n \t\u00bd c\u1ee7 h\u00e0nh t\u00e2y tr\u1eafng l\u1ed9t v\u1ecf, b\u0103m nh\u1ecf.\r\n \t3 t\u00e9p t\u1ecfi b\u0103m.\r\n \t5gr gia v\u1ecb.\r\n","slug":"cach-lam-banh-hamburger-bo-tai-nha","content":"<img class=\"aligncenter size-full wp-image-83322\" src=\"https:\/\/big.vn\/wp-content\/uploads\/2017\/08\/cach-lam-banh-hamberger-bo-tai-nha-hinh-1.jpg\" alt=\"C\u00e1ch l\u00e0m b\u00e1nh hamburger b\u00f2 t\u1ea1i nh\u00e0 h\u00ecnh 1\" width=\"640\" height=\"480\" \/>\r\n\r\nH\u00f4m nay big.vn s\u1ebd v\u00e0o b\u1ebfp c\u00f9ng b\u1ea1n th\u1ef1c hi\u1ec7n <span style=\"color: #ff0000;\"><strong>c\u00e1ch l\u00e0m b\u00e1nh hamberger b\u00f2<\/strong> <\/span>cho c\u1ea3 nh\u00e0 nh\u00e9\r\n<h4>Nguy\u00ean li\u1ec7u l\u00e0m b\u00e1nh hamburger b\u00f2<\/h4>\r\n<ol>\r\n \t<li>200ml d\u1ea5m lo\u00e3ng.<\/li>\r\n \t<li>1 c\u1ee7 h\u00e0nh t\u00e2y t\u00edm.<\/li>\r\n \t<li>2 qu\u1ea3 c\u00e0 chua.<\/li>\r\n \t<li>Rau x\u00e0 l\u00e1ch.<\/li>\r\n \t<li>175gr th\u1ecbt b\u00f2 xay.<\/li>\r\n \t<li>\u00bd c\u1ee7 h\u00e0nh t\u00e2y tr\u1eafng l\u1ed9t v\u1ecf, b\u0103m nh\u1ecf.<\/li>\r\n \t<li>3 t\u00e9p t\u1ecfi b\u0103m.<\/li>\r\n \t<li>5gr gia v\u1ecb.<\/li>\r\n \t<li>2.5gr \u1edbt b\u1ed9t.<\/li>\r\n \t<li>2ml d\u1ea7u \u0103n.<\/li>\r\n \t<li>2 v\u1ecf b\u00e1nh hamburger.<\/li>\r\n \t<li>2 l\u00e1t ph\u00f4 mai.<\/li>\r\n \t<li>S\u1ed1t Mayonnaise.<\/li>\r\n \t<li>T\u01b0\u01a1ng \u1edbt.<\/li>\r\n<\/ol>\r\n<h4>D\u1ee5ng c\u1ee5 l\u00e0m b\u00e1nh hamburger b\u00f2<\/h4>\r\n<ol>\r\n \t<li>T\u00f4.<\/li>\r\n \t<li>Dao.<\/li>\r\n \t<li>Ch\u1ea3o.<\/li>\r\n \t<li>\u0110\u0129a.<\/li>\r\n<\/ol>\r\n<h4>C\u00e1ch l\u00e0m b\u00e1nh hamburger b\u00f2<\/h4>\r\n<h4>B\u01b0\u1edbc 1: S\u01a1 ch\u1ebf nguy\u00ean li\u1ec7u<\/h4>\r\n\u2013 H\u00e0nh t\u00e2y t\u00edm l\u1ed9t v\u1ecf, th\u00e1i th\u00e0nh nh\u1eefng khoanh tr\u00f2n r\u1ed3i ng\u00e2m v\u00e0o trong t\u00f4 d\u1ea5m lo\u00e3ng.\r\n\r\n\u2013 C\u00e0 chua r\u1eeda s\u1ea1ch, th\u00e1i l\u00e1t tr\u00f2n.\r\n\r\n\u2013 Rau x\u00e0 l\u00e1ch r\u1eeda s\u1ea1ch, c\u1eaft cu\u1ed1ng.\r\n<h4>B\u01b0\u1edbc 2: Ti\u1ebfn h\u00e0nh l\u00e0m hamberger b\u00f2<\/h4>\r\n<img class=\"aligncenter size-full wp-image-83324\" src=\"https:\/\/big.vn\/wp-content\/uploads\/2017\/08\/cach-lam-banh-hamberger-bo-tai-nha-hinh-2.jpg\" alt=\"C\u00e1ch l\u00e0m b\u00e1nh hamburger b\u00f2 t\u1ea1i nh\u00e0 h\u00ecnh 2\" width=\"640\" height=\"360\" \/>\r\n\r\n\u2013 Tr\u1ed9n \u0111\u1ec1u th\u1ecbt b\u00f2 xay v\u1edbi \u00bd c\u1ee7 h\u00e0nh t\u00e2y tr\u1eafng b\u0103m nh\u1ecf, t\u1ecfi b\u0103m, gia v\u1ecb v\u00e0 \u1edbt b\u1ed9t.\r\n\r\n\u2013 Sau \u0111\u00f3 cho th\u00eam 2ml d\u1ea7u \u0103n v\u00e0o tr\u1ed9n \u0111\u1ec1u c\u00f9ng.\r\n\r\n\u2013 Chia h\u1ed7n h\u1ee3p th\u1ecbt b\u00f2 xay th\u00e0nh 2 ph\u1ea7n b\u1eb1ng nhau, vo tr\u00f2n r\u1ed3i \u1ea5n h\u01a1i d\u1eb9t.\r\n\r\n\u2013 \u0110\u1eb7t 1 c\u00e1i ch\u1ea3o l\u00ean b\u1ebfp, \u0111\u1ee3i ch\u1ea3o n\u00f3ng th\u00ec c\u1eaft v\u1ecf b\u00e1nh hamburger l\u00e0m \u0111\u00f4i r\u1ed3i cho v\u00e0o \u00e1p ch\u1ea3o kho\u1ea3ng 2 ph\u00fat th\u00ec l\u1ea5y b\u00e1nh ra.\r\n\r\n\u2013 V\u1eabn c\u00e1i ch\u1ea3o c\u0169, cho v\u00e0o ch\u1ea3o 1 \u00edt d\u1ea7u \u0103n r\u1ed3i ph\u1ebft \u0111\u1ec1u ra kh\u1eafp l\u00f2ng ch\u1ea3o. Sau \u0111\u00f3 cho th\u1ecbt b\u00f2 xay \u0111\u00e3 n\u1eb7n v\u00e0o ch\u1ea3o, r\u00e1n cho th\u1ecbt ch\u00edn \u0111\u1ec1u.\r\n\r\nL\u01b0u \u00fd: n\u1ebfu trong qu\u00e1 tr\u00ecnh chi\u00ean, th\u1ecbt b\u00f2 b\u1ecb d\u00ednh ch\u1ea3o th\u00ec b\u1ea1n h\u00e3y cho th\u00eam m\u1ed9t \u00edt d\u1ea7u \u0103n n\u1eefa v\u00e0o ch\u1ea3o nh\u00e9!\r\n\r\n\u2013 \u0110\u1eb7t ph\u00f4 mai l\u00e1t l\u00ean m\u1eb7t 2 mi\u1ebfng th\u1ecbt, chi\u00ean th\u00eam l\u00fac n\u1eefa cho \u0111\u1ebfn khi th\u1ea5y ph\u00f4 mai h\u01a1i ch\u1ea3y ra th\u00ec t\u1eaft b\u1ebfp.\r\n<h4>B\u01b0\u1edbc 3: Ho\u00e0n th\u00e0nh l\u00e0m hamberger b\u00f2<\/h4>\r\n<img class=\"aligncenter size-full wp-image-83326\" src=\"https:\/\/big.vn\/wp-content\/uploads\/2017\/08\/cach-lam-banh-hamberger-bo-tai-nha-hinh-3.jpg\" alt=\"C\u00e1ch l\u00e0m b\u00e1nh hamburger b\u00f2 t\u1ea1i nh\u00e0 h\u00ecnh 3\" width=\"640\" height=\"360\" \/>\r\n\r\n\u2013 Tr\u1ed9n \u0111\u1ec1u s\u1ed1t mayonnaise v\u1edbi t\u01b0\u01a1ng \u1edbt v\u1edbi t\u1ec9 l\u1ec7 t\u00f9y theo s\u1edf th\u00edch, sau \u0111\u00f3 ph\u1ebft h\u1ed7n h\u1ee3p n\u00e0y l\u00ean 1 m\u1eb7t b\u00e1nh hamburger.\r\n\r\n\u2013 Sau \u0111\u00f3 l\u1ea7n l\u01b0\u1ee3t x\u1ebfp th\u1ecbt b\u00f2, c\u00e0 chua, rau x\u00e0 l\u00e1ch v\u00e0 h\u00e0nh t\u00e2y ng\u00e2m gi\u1ea5m l\u00ean tr\u00ean. Cu\u1ed1i c\u00f9ng th\u00ec k\u1eb9p n\u1eeda b\u00e1nh hamburger c\u00f2n l\u1ea1i l\u00ean tr\u00ean l\u00e0 ho\u00e0n th\u00e0nh!\r\n\r\n<em>V\u1edbi nh\u1eefng nguy\u00ean li\u1ec7u c\u00f3 s\u1eb5n trong t\u1ee7 l\u1ea1nh, c\u00e1ch l\u00e0m kh\u00e1 l\u00e0 \u0111\u01a1n gi\u1ea3n. B\u1ea1n ch\u1ec9 c\u1ea7n b\u1ecf ra 15 ph\u00fat m\u1ed7i s\u00e1ng v\u00e0o b\u1ebfp l\u00e0 \u0111\u00e3 c\u00f3 th\u1ec3 l\u00e0m ra cho gia \u0111\u00ecnh b\u1ea1n nh\u1eefng chi\u1ebfc <strong><span style=\"color: #ff0000;\">Hamberger b\u00f2<\/span> <\/strong>ngon, b\u1ed5, r\u1ebb, \u0111\u1ea3m b\u1ea3o v\u1ec7 sinh. B\u1ea1n n\u00ean u\u1ed1ng k\u00e8m theo m\u1ed9t ly s\u1eefa v\u00e0o bu\u1ed5i s\u00e1ng s\u1edbm th\u00ec c\u00f2n g\u00ec tuy\u1ec7t v\u1eddi b\u1eb1ng. Big.vn h\u1eb9n g\u1eb7p l\u1ea1i c\u00e1c b\u1ea1n \u1edf c\u00e1c m\u00f3n \u0103n ti\u1ebfp theo.\u00a0<\/em>\r\n\r\n&nbsp;"}