{"title":"V\u00ec sao \u0111\u00e0n \u00f4ng ngo\u1ea1i t\u00ecnh nh\u01b0ng kh\u00f4ng b\u1ecf v\u1ee3","categories":["Uncategorized"],"tags":["\u0111\u00e0n \u00f4ng ngo\u1ea1i t\u00ecnh","ngo\u1ea1i t\u00ecnh"],"featureImage":"https:\/\/big.vn\/wp-content\/uploads\/2017\/08\/vi-sao-dan-ong-ngoai-tinh-nhung-khong-bo-vo.jpg","excerpt":"H\u00e3y c\u00f9ng big.vn ch\u00fang t\u00f4i t\u00ecm hi\u1ec3u xem v\u00ec sao \u0111\u00e0n \u00f4ng ngo\u1ea1i t\u00ecnh nh\u01b0ng l\u1ea1i kh\u00f4ng mu\u1ed1n b\u1ecf v\u1ee3 qua nh\u1eefng gi\u1ea3i \u0111\u00e1p c\u1ee5 th\u1ec3 b\u00ean d\u01b0\u1edbi nh\u00e9!\r\nT\u1ea1i sao \u0111\u00e0n \u00f4ng ngo\u1ea1i t\u00ecnh nh\u01b0ng kh\u00f4ng b\u1ecf v\u1ee3?\r\nG\u1ea7n \u0111\u00e2y c\u00e0 ph\u00ea v\u1edbi m\u1ed9t ng\u01b0\u1eddi \u0111\u00e0n \u00f4ng danh gi\u00e1, c\u00f2n tr\u1ebb m\u00e0 \u0111\u00e3 gi\u00e0u, m\u1ed9t ng\u01b0\u1eddi \u0111\u00e0n \u00f4ng t\u01b0\u1edfng \u0111\u00e3 tr\u01b0\u1edfng th\u00e0nh m\u00e0 h\u00f3a ra v\u1eabn","slug":"vi-sao-dan-ong-ngoai-tinh-nhung-khong-bo-vo__trashed","content":"H\u00e3y c\u00f9ng big.vn ch\u00fang t\u00f4i t\u00ecm hi\u1ec3u xem v\u00ec sao \u0111\u00e0n \u00f4ng ngo\u1ea1i t\u00ecnh nh\u01b0ng l\u1ea1i kh\u00f4ng mu\u1ed1n b\u1ecf v\u1ee3 qua nh\u1eefng gi\u1ea3i \u0111\u00e1p c\u1ee5 th\u1ec3 b\u00ean d\u01b0\u1edbi nh\u00e9!\r\n<h3>T\u1ea1i sao \u0111\u00e0n \u00f4ng ngo\u1ea1i t\u00ecnh nh\u01b0ng kh\u00f4ng b\u1ecf v\u1ee3?<\/h3>\r\nG\u1ea7n \u0111\u00e2y c\u00e0 ph\u00ea v\u1edbi m\u1ed9t ng\u01b0\u1eddi \u0111\u00e0n \u00f4ng danh gi\u00e1, c\u00f2n tr\u1ebb m\u00e0 \u0111\u00e3 gi\u00e0u, m\u1ed9t ng\u01b0\u1eddi \u0111\u00e0n \u00f4ng t\u01b0\u1edfng \u0111\u00e3 tr\u01b0\u1edfng th\u00e0nh m\u00e0 h\u00f3a ra v\u1eabn c\u00f2n nhi\u1ec1u kh\u00f4ng gian \u0111\u1ec3 tr\u01b0\u1edfng th\u00e0nh, t\u00f4i \u0111\u00e3 b\u1eadt ra c\u00e2u h\u1ecfi \u1ea5y!\r\n\r\nV\u00ec anh \u1ea5y n\u00f3i, trong c\u00e2u chuy\u1ec7n t\u1ef1 k\u1ec3, anh \u1ea5y h\u00e0i l\u00f2ng v\u00ec c\u00f4ng vi\u1ec7c v\u00e0 thu nh\u1eadp, anh \u1ea5y vui v\u00ec con v\u1eeba xinh v\u1eeba gi\u1ecfi, anh \u1ea5y t\u1ef1 h\u00e0o v\u00ec nh\u01b0 m\u1ecdi \u0111\u00e0n \u00f4ng th\u00e0nh \u0111\u1ea1t kh\u00e1c c\u00f3 qua m\u1ed9t c\u01a1 s\u1ed1 b\u1ed3 b\u1ecbch. V\u00e0 gia \u0111\u00ecnh \u1ed5n \u0111\u1ecbnh, c\u00f3 g\u00e1i xinh m\u00e0 \u00f4m, gi\u1eddi \u0111\u1eb9p th\u1ebf n\u00e0y m\u00e0 ng\u1ed3i ch\u00e9m gi\u00f3 v\u1edbi g\u00e1i gi\u00e0 v\u00e0 t\u00e1n chuy\u1ec7n c\u00e1c em tr\u1ebb \u0111\u1eb9p \u0111i qua cu\u1ed9c \u0111\u1eddi anh, c\u00f2n g\u00ec ph\u1ea3i ph\u00e0n n\u00e0n?\r\n\r\nV\u1ea5n \u0111\u1ec1 l\u00e0 anh \u1ea5y n\u00f3i, \u0111\u00e0n \u00f4ng m\u00e0, \u0111\u1ebfn t\u1ea7m n\u00e0y, kh\u00f4ng c\u00f3 em m\u00ea v\u00e0 kh\u00f4ng m\u00ea em n\u00e0o th\u00ec ch\u1eafc ch\u1eafn c\u00f3 v\u1ea5n \u0111\u1ec1 v\u1ec1 th\u1ea7n kinh ho\u1eb7c tr\u1ee5c tr\u1eb7c sinh l\u00fd.\r\n\r\nT\u00f4i ph\u1ea3i h\u1ecfi l\u1ea1i cho k\u1ef9, l\u00e0 b\u1edfi, kh\u00f4ng bi\u1ebft t\u1eeb khi n\u00e0o, b\u1ed3 v\u00e0 th\u1eadt nhi\u1ec1u b\u1ed3, th\u1eadt nhi\u1ec1u g\u00e1i tr\u1ebb \u0111\u00e3 tr\u1edf th\u00e0nh ti\u00eau chu\u1ea9n c\u1ee7a m\u1ed9t ng\u01b0\u1eddi \u0111\u00e0n \u00f4ng th\u00e0nh \u0111\u1ea1t?\r\n<h4><strong>1. V\u00ec sao b\u1ea1n kh\u00f4ng b\u1ecf v\u1ee3?<\/strong><\/h4>\r\n\u0110\u00f3 l\u00e0 c\u00e2u h\u1ecfi th\u1ee9 hai ngay sau \u0111\u00f3, b\u1edfi \u0111\u01b0\u01a1ng nhi\u00ean, anh c\u00f3 th\u1ec3 gi\u1ea5u v\u1ee3 l\u1ea7n ngo\u1ea1i t\u00ecnh \u0111\u1ea7u ti\u00ean, nh\u01b0ng anh kh\u00f4ng th\u1ec3 gi\u1ea5u v\u1ee3 su\u1ed1t nh\u1eefng tr\u1eadn ngo\u1ea1i t\u00ecnh n\u1ed3ng nhi\u1ec7t v\u00e0 \u1ea7m \u0129 c\u1ee7a anh. Th\u00e0nh ph\u1ed1 n\u00e0y r\u1ed9ng l\u1edbn \u0111\u1ebfn th\u1ebf sao? \u0110i\u1ec7n tho\u1ea1i c\u1ee7a anh c\u00f3 ch\u1ee9c n\u0103ng t\u1ef1 \u0111\u1ed9ng \u1ea9n gi\u1ea5u nh\u1eefng con s\u1ed1 v\u00e0 tin nh\u1eafn nh\u1ea1y c\u1ea3m? Hay v\u1ee3 anh t\u1ef1 nguy\u1ec7n gi\u1ea3 m\u00f9 v\u00e0 gi\u1ea3 \u0111i\u1ebfc?\r\n\r\nT\u00f4i t\u1eebng g\u1eb7p r\u1ea5t nhi\u1ec1u \u0111\u00e0n \u00f4ng phong t\u00ecnh, c\u1ee9 v\u1eeba g\u1eb7p c\u00f4 n\u00e0o \u0111\u00e3 ngh\u0129 ngay trong \u0111\u1ea7u xem c\u00f3 th\u1ea3 c\u00e2u c\u00f4 n\u00e0y l\u00e0m b\u1ed3 b\u1ecbch m\u1ed9t th\u1eddi gian hay kh\u00f4ng. T\u00f4i t\u1eebng g\u1eb7p nh\u1eefng ng\u01b0\u1eddi m\u00e0 lu\u00f4n t\u00ecm c\u00e1ch r\u1ee7 r\u00ea ph\u1ee5 n\u1eef v\u1ec1 vui v\u1ebb b\u1ea5t c\u1ee9 l\u00fac n\u00e0o, th\u1eadm ch\u00ed m\u1ed9t c\u00f4 ch\u1ea1y qua \u0111\u01b0a v\u00e9 m\u00e1y bay cho anh n\u00e0y, m\u00e0 hai h\u00f4m sau \u0111\u00e3 th\u1ea5y th\u00f4ng b\u00e1o r\u1eb1ng \u201cCh\u00e9n r\u1ed3i, em \u1ea5y tr\u00f4ng th\u1ebf m\u00e0 c\u0169ng t\u01b0\u01a1m l\u1eafm!\u201d. C\u0169ng \u0111\u00e3 g\u1eb7p nh\u1eefng ng\u01b0\u1eddi \u0111\u00e0n \u00f4ng lu\u00f4n l\u1ea9n v\u00e0o m\u1ed7i c\u00e2u khen m\u1ed9t c\u00e2u m\u1eddi m\u1ecdc. C\u0169ng g\u1eb7p nh\u1eefng ng\u01b0\u1eddi \u0111\u00e0n \u00f4ng xa l\u1ea1 ng\u1ed3i qu\u00e1n ba hoa v\u1edbi nhau v\u1ec1 nh\u1eefng ng\u01b0\u1eddi \u0111\u00e0n b\u00e0 n\u00e0o \u0111\u00f3 t\u1eebng l\u1ea7n l\u01b0\u1ee3t c\u1edfi qu\u1ea7n tr\u00e8o l\u00ean gi\u01b0\u1eddng c\u1ee7a h\u1ecd.\r\n\r\nT\u00f4i c\u0169ng t\u1eebng g\u1eb7p ng\u01b0\u1eddi \u0111\u00e0n \u00f4ng, ng\u1ee7 v\u1edbi c\u00f4 n\u00e0o xong th\u00ec mang b\u00e1n c\u00f4 \u1ea5y cho ch\u1ee7 ch\u1ee9a ho\u1eb7c ch\u1ee7 lao \u0111\u1ed9ng phi ph\u00e1p, th\u1eadm ch\u00ed h\u00f4m sau g\u1ecdi \u0111i\u1ec7n cho c\u1ea3nh s\u00e1t t\u1edbi t\u00f3m c\u00f4 \u1ea5y. T\u00f4i c\u0169ng t\u1eebng g\u1eb7p nh\u1eefng ng\u01b0\u1eddi \u0111\u00e0n \u00f4ng th\u1eadm ch\u00ed ch\u01b0a ngo\u1ea1i t\u00ecnh nh\u01b0ng \u0111\u00e3 t\u00ecm m\u1ecdi c\u00e1ch l\u1ee3i d\u1ee5ng, c\u1eeda thang m\u00e1y c\u1ee9 kh\u00e9p l\u1ea1i l\u00e0 \u00f4m ph\u1ee5 n\u1eef ng\u1ea5u nghi\u1ebfn h\u00f4n.\r\n\r\nT\u00f4i t\u1eebng c\u00f3 m\u1ed9t anh h\u1ecdc tr\u00f2, l\u00e0 cao th\u1ee7 ngo\u1ea1i t\u00ecnh. Quen b\u1ea5t c\u1ee9 c\u00f4 n\u00e0o, c\u00e2u \u0111\u1ea7u ti\u00ean anh \u1ea5y n\u00f3i l\u00e0, anh c\u00f3 ng\u01b0\u1eddi v\u1ee3 c\u1ef1c k\u1ef3 xinh \u0111\u1eb9p v\u00e0 nh\u1eefng \u0111\u1ee9a con ngoan ngo\u00e3n v\u00f4 c\u00f9ng, anh c\u1ef1c k\u1ef3 y\u00eau v\u1ee3. Sau \u0111\u00f3 lu\u00f4n lu\u00f4n mang v\u1ee3 con ra t\u00e1n th\u01b0\u1edfng. V\u00e0 sau m\u1ed7i c\u00e2u chuy\u1ec7n n\u1ed3ng nhi\u1ec7t \u1ea5y, anh \u1ea5y v\u1ec1 nh\u1eafn tin cho c\u00f4 g\u00e1i tr\u1ebb m\u1edbi quen: \u201cNh\u01b0ng \u0111\u00f4i khi anh \u0111\u00e3 l\u1eb7ng ng\u01b0\u1eddi \u0111i v\u00ec m\u1ed9t gi\u00e2y ph\u00fat \u0111\u01a1n \u0111\u1ed9c v\u00e0 l\u1eb7ng l\u1ebd, anh ngh\u0129 ch\u1eafc em c\u0169ng \u0111\u00e3 t\u1eebng c\u00f3 c\u1ea3m gi\u00e1c \u1ea5y!\u201d V\u1ee3 \u0111\u1eb9p, con ngoan, gia \u0111\u00ecnh h\u1ea1nh ph\u00fac, y\u00eau v\u1ee3 \u0111\u1ebfn \u0111i\u00ean cu\u1ed3ng, v\u00e0 d\u00f9ng nh\u1eefng c\u00e1i \u0111\u00f3 l\u00e0m m\u1ed3i c\u00e2u g\u00e1i, nh\u1eefng c\u00f4 g\u00e1i ng\u00e2y th\u01a1 ngh\u0129, anh \u1ea5y t\u1ed1t v\u1edbi v\u1ee3 con \u0111\u1ebfn th\u1ebf, th\u00ec anh \u1ea5y \u0111\u1ed1i v\u1edbi m\u00ecnh c\u0169ng s\u1ebd r\u1ea5t th\u1eafm thi\u1ebft th\u1ef1c l\u00f2ng!\r\n\r\nNh\u01b0ng t\u1ea5t c\u1ea3 nh\u1eefng ng\u01b0\u1eddi \u0111\u00e0n \u00f4ng \u1ea5y \u0111\u1ec1u c\u00f2n o b\u1ebf s\u0129 di\u1ec7n, b\u1eb1ng c\u00e1ch, lu\u00f4n ch\u01b0ng ra v\u1ee3 \u0111\u1eb9p con kh\u00f4n l\u00e0m v\u1ecf b\u1ecdc cho b\u1ea3n th\u00e2n. B\u1edfi r\u1ea5t \u0111\u01a1n gi\u1ea3n, b\u1ea3n th\u00e2n h\u1ecd c\u0169ng ng\u1ea7m cho r\u1eb1ng, m\u1ed9t v\u1ee3 l\u00e0 \u0111\u1ee7 danh gi\u00e1! Sau khi \u0111\u1eb7t v\u1ee3 l\u00ean ngai v\u00e0ng c\u1ee7a...v\u1ee3, h\u1ecd y\u00ean t\u00e2m \u0111i t\u00ecm nh\u1eefng b\u1ea1n t\u00ecnh kh\u00e1c.\r\n\r\nNg\u01b0\u1eddi \u0111\u00e0n \u00f4ng ng\u1ed3i tr\u01b0\u1edbc m\u1eb7t t\u00f4i n\u00f3i: \u201cV\u1ee3 anh gi\u1ecfi th\u1ebf, c\u0169ng xinh \u0111\u1eb9p \u0111\u00e1ng y\u00eau th\u1ebf, ch\u0103m ch\u1ed3ng con nh\u01b0 th\u1ebf? T\u1ea1i sao l\u1ea1i b\u1ecf? R\u1ed3i chia nh\u00e0 chia t\u00e0i s\u1ea3n \u01b0? R\u1ed3i anh l\u1ea5y con b\u1ed3, n\u0103m sau anh l\u1ea1i b\u1eaft \u0111\u1ea7u \u0111i\u1ec7p kh\u00fac\u2026 \u0111\u01b0a v\u1ee3 \u0111i \u0111\u1ebb \u01b0? L\u1ea1y h\u1ed3n!\u201d\r\n\r\n\u0110\u00e0n \u00f4ng gi\u1ed1ng nh\u01b0 ng\u00f4i nh\u00e0, c\u1ea3 \u0111\u1eddi ch\u1ec9 c\u00f3 c\u01a1i n\u1edbi, kh\u00f4ng c\u00f3 x\u00e2y m\u1edbi!\r\n<h4><strong>2. \u0110\u00e0n b\u00e0 l\u00e0 s\u1ef1 th\u00e0nh \u0111\u1ea1t c\u1ee7a \u0111\u00e0n \u00f4ng?<\/strong><\/h4>\r\nT\u00f4i t\u1eebng \u0111\u01b0\u1ee3c nghe m\u1ed9t ch\u1ecb nhi\u1ec1u n\u0103m nay \u1edf nh\u00e0 b\u1ebfp n\u00fac con c\u00e1i v\u00e0 ch\u0103m b\u1ed1 m\u1eb9 ch\u1ed3ng v\u1edbi em ch\u1ed3ng, kh\u00f4ng \u0111i l\u00e0m, n\u00f3i r\u1eb1ng: \u201c\u0110\u1ed1i v\u1edbi ch\u1ecb b\u00e2y gi\u1edd, th\u1ea5y ch\u1ed3ng vui v\u1ebb, con c\u00e1i h\u1ea1nh ph\u00fac l\u00e0 ch\u1ecb h\u00e0i l\u00f2ng. Ch\u1ed3ng con ch\u1ecb ch\u00ednh l\u00e0 s\u1ef1 th\u00e0nh \u0111\u1ea1t c\u1ee7a ch\u1ecb!\u201d\r\n\r\nB\u1edfi ch\u1ecb n\u00f3i, gi\u1edd cho ch\u1ecb \u0111i l\u00e0m, chuy\u00ean m\u00f4n \u0111\u00e3 l\u00e2u kh\u00f4ng \u0111\u1ee5ng t\u1edbi, r\u01a1i r\u1ee5ng h\u1ebft, kh\u00f4ng theo k\u1ecbp l\u1ee9a tr\u1ebb. Cho ch\u1ecb \u0111i ra ngo\u00e0i x\u00e3 h\u1ed9i th\u00ec ngo\u1ea1i h\u00ecnh x\u1ed3 x\u1ec1 v\u00e0 giao ti\u1ebfp quen bi\u1ebft c\u0169ng k\u00e9m, kh\u00f4ng th\u00e1o v\u00e1t th\u00ec ch\u1ec9 l\u00e0m c\u00f4ng \u0103n \u0111ong. Chi b\u1eb1ng qu\u1ea9n quanh trong b\u1ebfp, coi ch\u1ed3ng con l\u00e0 s\u1ef1 nghi\u1ec7p \u0111\u1eddi m\u00ecnh.\r\n\r\nNg\u01b0\u1ee3c l\u1ea1i, n\u1ebfu m\u1ed9t ng\u01b0\u1eddi \u0111\u00e0n \u00f4ng \u1edf nh\u00e0 ch\u0103m s\u00f3c gia \u0111\u00ecnh, anh \u1ea5y l\u1ea1i kh\u00f4ng cho r\u1eb1ng v\u1ee3 v\u00e0 con l\u00e0 s\u1ef1 th\u00e0nh \u0111\u1ea1t c\u1ee7a m\u00ecnh. M\u00e0 ngh\u0129 \u0111\u00f3 l\u00e0 g\u00e1nh n\u1eb7ng \u0111\u00e3 n\u00edu ch\u00e2n anh. Th\u1eadt kh\u00e1c h\u1eb3n ph\u1ee5 n\u1eef!\r\n\r\nT\u00f4i ch\u01b0a bao gi\u1edd g\u1eb7p m\u1ed9t ng\u01b0\u1eddi \u0111\u00e0n \u00f4ng coi v\u1ee3 con ch\u00ednh l\u00e0 s\u1ef1 th\u00e0nh \u0111\u1ea1t c\u1ee7a anh ta. Nh\u1ea5t l\u00e0 nh\u1eefng ng\u01b0\u1eddi \u0111\u00e0n \u00f4ng ngo\u1ea1i t\u00ecnh \u0111\u00e3 nh\u1eafc \u1edf tr\u00ean, h\u1ecd coi v\u1ee3 con l\u00e0 t\u00e0i s\u1ea3n, l\u00e0 m\u1ed9t th\u1ee9 gi\u00e1 tr\u1ecb m\u00e0 anh \u1ea5y \u0111\u00e3 c\u00f3 \u0111\u01b0\u1ee3c. Gi\u1edd anh \u1ea5y \u0111i t\u00ecm ki\u1ebfm ti\u1ebfp nh\u1eefng gi\u00e1 tr\u1ecb kh\u00e1c.\r\n\r\nTh\u1ebf nh\u01b0ng, nh\u1eefng ng\u01b0\u1eddi ph\u1ee5 n\u1eef m\u00e0 ng\u01b0\u1eddi \u0111\u00e0n \u00f4ng ki\u1ebfm \u0111\u01b0\u1ee3c \u1edf ngo\u00e0i cu\u1ed9c h\u00f4n nh\u00e2n \u1ea5y, c\u00f3 ph\u1ea3i l\u00e0 th\u1ee9 \u0111\u00e1nh d\u1ea5u s\u1ef1 th\u00e0nh \u0111\u1ea1t c\u1ee7a ng\u01b0\u1eddi \u0111\u00e0n \u00f4ng hay kh\u00f4ng? Hay ch\u1ec9 c\u00f3 \u0111\u00e0n \u00f4ng ngh\u0129 th\u1ebf?\r\n\r\nT\u00f4i cho r\u1eb1ng, ngo\u1ea1i t\u00ecnh c\u00f3 th\u1ec3 l\u00e0 s\u1ef1 th\u00e0nh c\u00f4ng c\u1ee7a th\u1ee9 t\u00ecnh y\u00eau v\u00e0 t\u00ecnh d\u1ee5c c\u1ee7a th\u1eddi \u0111i\u1ec3m h\u1eadu h\u00f4n nh\u00e2n. Nh\u01b0ng l\u1ea1i l\u00e0 s\u1ef1 th\u1ea5t b\u1ea1i c\u1ee7a ng\u01b0\u1eddi \u0111\u00e0n \u00f4ng.\r\n\r\nV\u00ec anh \u0111\u00e3 kh\u00f4ng d\u00e1m c\u01b0\u1edbi ng\u01b0\u1eddi anh \u0111ang y\u00eau. V\u00e0 anh l\u1ea1i kh\u00f4ng y\u00eau ng\u01b0\u1eddi anh \u0111\u00e3 c\u01b0\u1edbi. H\u1eb3n nhi\u00ean r\u1ed3i, n\u1ebfu kh\u00f4ng, ai d\u1eaft k\u1ebb th\u1ee9 ba chen v\u00e0o gi\u1eefa h\u00f4n th\u00fa c\u1ee7a ng\u01b0\u1eddi \u0111\u00e0n \u00f4ng?\r\n\r\nN\u1ebfu h\u00f4n nh\u00e2n l\u00e0 m\u1ed9t cu\u1ed9c y\u00eau th\u00e0nh c\u00f4ng, n\u00f3 ph\u1ea3i \u0111\u1ea3m b\u1ea3o \u0111\u01b0\u1ee3c s\u1ef1 th\u00e0nh c\u00f4ng c\u1ee7a c\u1ea3 hai, trong t\u00ecnh c\u1ea3m, trong t\u00ecnh d\u1ee5c, trong c\u00e1c m\u1ed1i quan h\u1ec7, gi\u00fap c\u1ea3 hai \u0111\u1ec1u \u0111\u1ea1t \u0111\u01b0\u1ee3c th\u00e0nh c\u00f4ng trong s\u1ef1 nghi\u1ec7p, nh\u01b0 th\u1ebf m\u1edbi c\u00f3 th\u1ec3 g\u1ecdi l\u00e0 h\u00f4n nh\u00e2n th\u00e0nh c\u00f4ng. Khi kh\u00f4ng \u0111\u1ea1t \u0111\u01b0\u1ee3c m\u1ed9t th\u1ee9 trong \u0111\u00f3, ph\u1ea3i \u0111i t\u00ecm ki\u1ebfm \u1edf n\u01a1i kh\u00e1c, th\u00ec h\u00f4n nh\u00e2n \u1ea5y c\u00f3 \u0111\u01b0\u1ee3c g\u1ecdi l\u00e0 th\u00e0nh c\u00f4ng hay kh\u00f4ng?\r\n\r\nT\u00f4i kh\u00f4ng tin m\u1ed9t ng\u01b0\u1eddi \u0111\u00e0n \u00f4ng th\u00e0nh \u0111\u1ea1t l\u00e0 ng\u01b0\u1eddi \u00f4m b\u1ed3 ch\u00e2n d\u00e0i xinh \u0111\u1eb9p v\u00e0 gi\u1ea5u sau l\u01b0ng ng\u01b0\u1eddi v\u1ee3 \u0111\u1ea7u b\u00f9 t\u00f3c r\u1ed1i. T\u00f4i cho r\u1eb1ng th\u1ef1c ra, ng\u01b0\u1eddi v\u1ee3 m\u1edbi l\u00e0 h\u00ecnh \u1ea3nh s\u1ef1 th\u00e0nh \u0111\u1ea1t c\u1ee7a \u00f4ng ch\u1ed3ng!\r\n\r\nM\u00e0 kh\u00f4ng ph\u1ea3i ngo\u1ea1i t\u00ecnh ch\u00ednh l\u00e0 s\u1ef1 th\u1ea5t b\u1ea1i t\u1ea1m th\u1eddi c\u1ee7a nh\u1eefng cu\u1ed9c h\u00f4n nh\u00e2n hay sao? Gi\u1ea3 d\u1ee5 m\u1ed9t ng\u00e0y \u0111\u1eb9p tr\u1eddi, v\u1ee3 anh s\u1ebd quay sang anh n\u00f3i, anh y\u00eau \u01a1i, em c\u0169ng ngh\u0129 v\u00e0 l\u00e0m y nh\u01b0 anh. N\u00ean em \u0111\u00e3 c\u00f3 trong tay m\u1ed9t danh s\u00e1ch giai bao su\u1ed1t ng\u1ea7n \u1ea5y n\u0103m qua. Th\u00ec ng\u01b0\u1eddi \u0111\u00e0n \u00f4ng th\u00e0nh \u0111\u1ea1t ngh\u0129 g\u00ec?\r\n\r\n<img class=\"aligncenter wp-image-83319\" src=\"https:\/\/big.vn\/wp-content\/uploads\/2017\/08\/vi-sao-dan-ong-ngoai-tinh-nhung-khong-bo-vo-1.jpg\" alt=\"V\u00ec sao \u0111\u00e0n \u00f4ng ngo\u1ea1i t\u00ecnh nh\u01b0ng kh\u00f4ng b\u1ecf v\u1ee3 ph\u1ea7n 1\" width=\"500\" height=\"466\" \/>\r\n\r\nB\u1ed7ng d\u01b0ng t\u00f4i nh\u1edb \u0111\u1ebfn ng\u01b0\u1eddi \u0111\u00e0n \u00f4ng m\u00e0 m\u1ed9t c\u00f4 \u0111\u01b0a v\u00e9 m\u00e1y bay c\u0169ng kh\u00f4ng tho\u00e1t kh\u1ecfi tay \u00f4ng \u1ea5y. Bi\u1ebft \u0111\u00e2u b\u00e0 v\u1ee3 \u00f4ng, c\u0169ng \u0111\u00e3 c\u00f3 nh\u1eefng cu\u1ed9c phi\u00eau l\u01b0u nh\u1ecf b\u00e9 v\u1edbi nh\u1eefng anh ch\u00e0ng nh\u1ecf b\u00e9, \u0111\u01b0a gas, ghi s\u1ed1 c\u00f4ng-t\u01a1 n\u01b0\u1edbc, thu ti\u1ec1n \u0111i\u1ec7n n\u01b0\u1edbc,...B\u1edfi m\u1ed9t l\u1ebd \u0111\u01a1n gi\u1ea3n, \u0111\u00e0n b\u00e0 c\u0169ng v\u00f4 s\u1ed1 c\u01a1 h\u1ed9i sa ng\u00e3 c\u00f2n h\u01a1n \u0111\u00e0n \u00f4ng. H\u1ecd c\u0169ng c\u00f3 nh\u1eefng th\u1ee9 r\u1ea5t con ng\u01b0\u1eddi, y h\u1ec7t \u0111\u00e0n \u00f4ng. M\u1ed9t khi h\u1ecd \u0111\u00e3 y\u00ean t\u00e2m \u0111\u1eb7t \u00f4ng ch\u1ed3ng l\u00ean ngai v\u00e0ng c\u1ee7a...ch\u1ed3ng!\r\n<h3>4 L\u00fd do b\u1ea5t ng\u1edd khi\u1ebfn \u0111\u00e0n \u00f4ng hi\u1ebfm khi b\u1ecf v\u1ee3 \u0111\u1ec3 c\u01b0\u1edbi b\u1ed3<\/h3>\r\nNh\u1eefng ng\u01b0\u1eddi th\u1ee9 ba th\u01b0\u1eddng b\u1ecb nh\u1eadn nhi\u1ec1u l\u1eddi ch\u1ec9 tr\u00edch khi dan d\u00edu v\u1edbi \u0111\u00e0n \u00f4ng c\u00f3 v\u1ee3. \u0110\u1eb7t c\u00e1c ph\u00e1n x\u00e9t \u0111\u00f3 qua m\u1ed9t b\u00ean, nh\u00ecn th\u1eb3ng v\u00e0o th\u1ef1c t\u1ebf, n\u1ebfu b\u1ea1n l\u00e0 \"c\u00f4 b\u1ed3\", li\u1ec7u b\u1ea1n c\u00f3 tin m\u00ecnh s\u1ebd c\u00f3 k\u1ebft th\u00fac t\u1ed1t \u0111\u1eb9p khi xen v\u00e0o gia \u0111\u00ecnh ng\u01b0\u1eddi kh\u00e1c?\r\n\r\nT\u00f4i \u0111\u00e3 t\u01b0 v\u1ea5n cho m\u1ed9t c\u1eb7p v\u1ee3 ch\u1ed3ng k\u1ebft h\u00f4n h\u01a1n 30 n\u0103m v\u00e0 ng\u01b0\u1eddi ch\u1ed3ng d\u1ef1 \u0111\u1ecbnh b\u1ecf v\u1ee3 \u0111\u1ec3 \u0111i v\u1edbi ng\u01b0\u1eddi ph\u1ee5 n\u1eef kh\u00e1c. Nh\u01b0ng cu\u1ed1i c\u00f9ng, anh ta l\u1ea1i ch\u1eb3ng bao gi\u1edd b\u1ecf v\u1ee3. V\u00ec sao v\u1eady? \u0110i\u1ec1u g\u00ec khi\u1ebfn anh ta v\u1eabn \u1edf l\u1ea1i v\u1edbi ng\u01b0\u1eddi ph\u1ee5 n\u1eef c\u1ee7a m\u00ecnh khi \u0111\u00e3 c\u00f3 m\u1ed1i quan h\u1ec7 b\u00ean ngo\u00e0i? N\u1ebfu b\u1ea1n l\u00e0 ng\u01b0\u1eddi th\u1ee9 ba v\u00e0 hy v\u1ecdng m\u1ed1i quan h\u1ec7 c\u1ee7a m\u00ecnh th\u00e0nh c\u00f4ng, b\u1ea1n h\u00e3y t\u1ef1 h\u1ecfi m\u00ecnh nh\u1eefng c\u00e2u h\u1ecfi \u0111\u00f3 th\u01b0\u1eddng xuy\u00ean.\r\n\r\n\u0110i\u1ec1u \u0111\u1ea7u ti\u00ean v\u00e0 quan tr\u1ecdng nh\u1ea5t t\u00f4i mu\u1ed1n l\u00e0m r\u00f5 l\u00e0: \u0110\u00e0n \u00f4ng b\u1ecf v\u1ee3 v\u00ec ng\u01b0\u1eddi t\u00ecnh l\u00e0 \u0111i\u1ec1u kh\u00f4ng hi\u1ebfm x\u1ea3y ra. Nh\u01b0ng s\u1ed1 nhi\u1ec1u h\u01a1n, h\u1ecd v\u1eabn ch\u1ecdn gia \u0111\u00ecnh. D\u01b0\u1edbi \u0111\u00e2y l\u00e0 nh\u1eefng \u0111i\u1ec1u m\u00e0 ng\u01b0\u1eddi th\u1ee9 ba nh\u1ea7m t\u01b0\u1edfng l\u00e0 l\u00fd do anh \u1ea5y s\u1ebd b\u1ecf v\u1ee3 \u0111\u1ec3 g\u1eafn b\u00f3 v\u1edbi m\u00ecnh, nh\u01b0ng th\u1ef1c t\u1ebf l\u1ea1i ho\u00e0n to\u00e0n kh\u00f4ng ph\u1ea3i v\u1eady:\r\n<ul>\r\n \t<li><strong>V\u1ee3 t\u0103ng v\u00e0i ch\u1ee5c c\u00e2n v\u00e0 x\u1ea5u h\u01a1n b\u1ed3:<\/strong><\/li>\r\n<\/ul>\r\nB\u1ea1n bi\u1ebft m\u00ecnh tr\u00f4ng xinh \u0111\u1eb9p h\u01a1n h\u1eb3n c\u00f4 v\u1ee3 c\u1ee7a ng\u01b0\u1eddi t\u00ecnh. T\u1ea1i sao anh \u1ea5y l\u1ea1i v\u1eabn ch\u1ecdn \u1edf l\u1ea1i v\u1edbi v\u1ee3? Th\u1ef1c t\u1ebf l\u00e0 khi m\u1ed9t ng\u01b0\u1eddi y\u00eau th\u1ef1c s\u1ef1 v\u00e0 s\u00e2u s\u1eafc, h\u1ecd nh\u00ecn \"n\u1eeda kia\" v\u1edbi \u0111\u00f4i m\u1eaft c\u1ee7a t\u00e2m h\u1ed3n. \u0110\u00e0n \u00f4ng kh\u00f4ng mu\u1ed1n n\u00f3i to ra \u0111i\u1ec1u n\u00e0y nh\u01b0ng h\u1ecd c\u0169ng \u1ee7y m\u1ecb ch\u1eb3ng k\u00e9m ph\u1ee5 n\u1eef.\r\n\r\nTuy nhi\u00ean, \u0111\u00e0n \u00f4ng c\u00f3 th\u1ec3 d\u1ec5 d\u00e0ng t\u00e1ch b\u1ea1ch gi\u1eefa sex v\u1edbi nh\u1eefng c\u1ea3m x\u00fac th\u1ef1c s\u1ef1. H\u1ecd \u0111\u01b0\u1ee3c l\u1eadp tr\u00ecnh s\u1eb5n l\u00e0 th\u00edch ng\u1eafm m\u1ed9t g\u01b0\u01a1ng m\u1eb7t xinh \u0111\u1eb9p, v\u00e0 \u0111\u1eb7c bi\u1ec7t l\u00e0 m\u1ed9t c\u01a1 th\u1ec3 n\u00f3ng b\u1ecfng. V\u1edbi m\u1ed9t s\u1ed1 ng\u01b0\u1eddi, \u0111\u00f3 l\u00e0 m\u1ed9t c\u00e1m d\u1ed7 m\u00e0 h\u1ecd \u0111\u01a1n gi\u1ea3n l\u00e0 kh\u00f4ng th\u1ec3 c\u01b0\u1ee1ng l\u1ea1i \u0111\u01b0\u1ee3c.\r\n\r\nNh\u01b0ng v\u1ee3 h\u1ecd v\u1eabn l\u00e0 ng\u01b0\u1eddi quan tr\u1ecdng. Trong m\u1eaft h\u1ecd, v\u1ee3 v\u1eabn l\u00e0 c\u00f4 g\u00e1i h\u1ecd g\u1eb7p 12, th\u1eadm ch\u00ed 20 n\u0103m tr\u01b0\u1edbc. S\u1ef1 h\u1ea5p d\u1eabn \u0111\u00f3 th\u1ef1c s\u1ef1 \u1edf m\u1ed9t m\u1ee9c \u0111\u1ed9 v\u00f4 c\u00f9ng s\u00e2u s\u1eafc. S\u1ef1 g\u1eafn k\u1ebft c\u1ee7a h\u1ecd v\u1edbi v\u1ee3 \u0111\u01b0\u1ee3c b\u1ed3i \u0111\u1eafp qua bao nhi\u00eau n\u0103m, qua nh\u1eefng ng\u00e0y gi\u00f4ng b\u00e3o, nh\u1eefng cu\u1ed9c tranh c\u00e3i, nh\u1eefng c\u01a1n \u0111au b\u1ec7nh v\u00e0 c\u1ea3 nh\u1eefng bi k\u1ecbch trong gia \u0111\u00ecnh. Anh ta b\u1ecb cu\u1ed1n h\u00fat v\u00e0o t\u00e2m h\u1ed3n c\u1ee7a v\u1ee3. V\u1ebb xinh \u0111\u1eb9p v\u00e0 khi\u00eau g\u1ee3i kh\u00f4ng gi\u00fap b\u1ea1n chi\u1ebfn th\u1eb1ng trong cu\u1ed9c ch\u01a1i n\u00e0y.\r\n<ul>\r\n \t<li><strong>V\u1ee3 anh \u1ea5y ch\u1eb3ng hi\u1ec3u ch\u1ed3ng:<\/strong><\/li>\r\n<\/ul>\r\n\u0110i\u1ec1u n\u00e0y \u0111\u00fang. B\u1ea1n s\u1ebd ng\u1ed3i v\u00e0 c\u00f9ng xem b\u00f3ng \u0111\u00e1 v\u1edbi anh ta h\u1eb1ng gi\u1edd, th\u1eadm ch\u00ed c\u00f9ng anh ta xem nh\u1eefng b\u1ed9 phim sex. B\u1ea1n bi\u1ebft anh ta th\u00edch g\u00ec, th\u00e8m \u0103n m\u00f3n n\u00e0o v\u00e0 mu\u1ed1n \u0111i ch\u01a1i \u1edf \u0111\u00e2u.\r\n\r\nTuy nhi\u00ean, b\u1ea1n c\u00f3 bi\u1ebft l\u00e0 anh ta kh\u00f4ng th\u1ef1c s\u1ef1 quan t\u00e2m \u0111\u1ebfn chuy\u1ec7n v\u1ee3 kh\u00f4ng c\u00f9ng l\u00e0m nh\u1eefng \u0111i\u1ec1u n\u00e0y v\u1edbi m\u00ecnh? Anh ta s\u1ebd kh\u00f4ng \u0111\u1ec3 v\u1ee3 l\u00e0m \u0111i\u1ec1u \u0111\u00f3. Anh ta bi\u1ebft r\u00f5 r\u1eb1ng m\u00ecnh c\u00f3 th\u1ec3 c\u00f9ng nh\u1eefng ng\u01b0\u1eddi b\u1ea1n th\u00e2n c\u00f9ng ph\u00e1i th\u1ef1c hi\u1ec7n nh\u1eefng ho\u1ea1t \u0111\u1ed9ng \u0111\u00f3 v\u00e0o b\u1ea5t c\u1ee9 ng\u00e0y n\u00e0o. V\u00e0 \u0111\u00f3 l\u00e0 m\u1ed9t s\u1ef1 c\u00e2n b\u1eb1ng h\u1ee3p l\u00fd, b\u1edfi nh\u01b0 v\u1eady, anh ta s\u1ebd kh\u00f4ng ph\u1ea3i \u0111i si\u00eau th\u1ecb hay ng\u1ed3i c\u00f9ng v\u1ee3 xem nh\u1eefng b\u1ed9 phim s\u01b0\u1edbt m\u01b0\u1edbt m\u00e0 m\u00ecnh kh\u00f4ng th\u00edch.\r\n\r\nNh\u01b0ng gi\u1ea3 s\u1eed ng\u01b0\u1eddi \u0111\u00e0n \u00f4ng \u1ea5y \u0111\u1eb7c bi\u1ec7t r\u1ea5t th\u00edch ng\u1ed3i xem b\u00f3ng \u0111\u00e1, xem phim \u0111en c\u00f9ng b\u1ea1n th\u00ec sao? R\u00f5 r\u00e0ng h\u1ecd ph\u1ea3i th\u00edch l\u00e0m nh\u1eefng vi\u1ec7c \u1ea5y v\u1edbi m\u1ed9t c\u00f4 n\u00e0ng n\u00f3ng b\u1ecfng, g\u1ee3i c\u1ea3m thay v\u00ec c\u00f9ng c\u00e1nh b\u1ea1n b\u00e8 nh\u01b0 th\u00f4ng th\u01b0\u1eddng? Th\u1ef1c t\u1ebf, \u0111\u00e2y ch\u1ec9 l\u00e0 m\u1ed9t t\u00ecnh hu\u1ed1ng c\u01a1 h\u1ed9i v\u1edbi anh ta. Anh ta s\u1ebd t\u1eadn d\u1ee5ng n\u00f3 khi c\u00f3 c\u01a1 h\u1ed9i. Nh\u01b0ng anh ta s\u1ebd kh\u00f4ng mong \u0111\u1ee3i vi\u1ec7c n\u00e0y x\u1ea3y ra th\u01b0\u1eddng xuy\u00ean. N\u00f3i chung, \u0111\u00e0n \u00f4ng s\u1ebd v\u1eabn th\u00edch xem b\u00f3ng \u0111\u00e1 v\u1edbi c\u00e1c chi\u1ebfn h\u1eefu c\u1ee7a anh ta, r\u1ed3i b\u1ea1n s\u1ebd th\u1ea5y.\r\n<ul>\r\n \t<li><strong>V\u1ee3 l\u00fac n\u00e0o c\u0169ng c\u1eb1n nh\u1eb1n anh \u1ea5y:<\/strong><\/li>\r\n<\/ul>\r\nTrong m\u1ed9t m\u1ed1i quan h\u1ec7 l\u00e2u d\u00e0i, nhi\u1ec1u ph\u1ee5 n\u1eef b\u1eaft \u0111\u1ea7u bi\u1ebfn th\u00e0nh c\u00e1c b\u00e0 m\u1eb9 c\u1ee7a b\u1ea1n \u0111\u1eddi: ch\u0103m ch\u00fat, c\u1eb1n nh\u1eb1n, \u0111\u00f2i h\u1ecfi...Nh\u1eefng c\u00f4 nh\u00e2n t\u00ecnh th\u01b0\u1eddng tin l\u00e0 h\u1ecd s\u1ebd kh\u00f4ng l\u00e0m nh\u01b0 th\u1ebf.\r\n\r\nC\u00e1c con s\u1ed1 th\u1ed1ng k\u00ea cho th\u1ea5y, h\u1ea7u h\u1ebft nam gi\u1edbi c\u00f3 m\u1eb9 hay ch\u1ecb g\u00e1i v\u00e0 sau \u0111\u00f3 c\u01b0\u1edbi v\u1ee3 \u0111\u1ec1u \u0111\u01b0\u1ee3c \"r\u00e8n gi\u0169a\" b\u1edfi nh\u1eefng ng\u01b0\u1eddi ph\u1ee5 n\u1eef n\u00e0y trong \u0111\u1eddi m\u00ecnh. H\u1ecd ch\u1eb3ng b\u1ea5t ng\u1edd khi th\u1ea5y \u0111\u1ed3 l\u00f3t treo trong ph\u00f2ng t\u1eafm v\u00e0 c\u0169ng kh\u00f4ng ng\u1ea1c nhi\u00ean khi b\u1ecb \"n\u1eeda kia\" c\u1eb1n nh\u1eb1n v\u1ec1 vi\u1ec7c m\u00ecnh v\u1ee9t b\u00edt t\u1ea5t tr\u00ean s\u00e0n nh\u00e0.\r\n\r\n\u0110\u00e0n \u00f4ng hi\u1ec3u r\u1eb1ng ph\u1ee5 n\u1eef c\u0169ng t\u1ef1 \u00fd th\u1ee9c l\u00e0 h\u1ecd hay c\u1eb1n nh\u1eb1n v\u00e0 n\u1ebfu c\u00e1c b\u00e0 v\u1ee3 ch\u1eb3ng ca th\u00e1n g\u00ec th\u00ec ch\u1ec9 c\u00f3 m\u1ed9t l\u00fd do l\u00e0 h\u1ecd kh\u00f4ng \u1edf b\u00ean c\u1ea1nh ng\u01b0\u1eddi \u0111\u00e0n \u00f4ng c\u1ee7a m\u00ecnh. \u0110\u00e0n \u00f4ng c\u0169ng \u0111\u1ee7 th\u00f4ng minh \u0111\u1ec3 hi\u1ec3u r\u1eb1ng, n\u1ebfu anh ta c\u01b0\u1edbi b\u1ea1n v\u1ec1, \u0111\u1ec3 b\u1ea1n th\u1ea5y nh\u1eefng c\u00e1i x\u1ea5u c\u1ee7a m\u00ecnh, b\u1ea1n c\u0169ng s\u1ebd c\u1eb1n nh\u1eb1n ch\u1eb3ng k\u00e9m g\u00ec v\u1ee3 anh ta hi\u1ec7n t\u1ea1i.\r\n<ul>\r\n \t<li><strong>C\u00e1c b\u00e0 v\u1ee3 d\u00f9ng con c\u00e1i \u0111\u1ec3 gi\u1eef ch\u1ed3ng:<\/strong><\/li>\r\n<\/ul>\r\nT\u00f4i nghe n\u00f3i v\u1ec1 \u0111i\u1ec1u n\u00e0y kh\u00e1 th\u01b0\u1eddng xuy\u00ean nh\u01b0ng n\u00f3 v\u1eabn khi\u1ebfn t\u00f4i ng\u1ea1c nhi\u00ean. B\u1ea1n kh\u00f4ng ngh\u0129 l\u00e0 m\u1ed9t ng\u01b0\u1eddi \u0111\u00e0n \u00f4ng th\u00ec n\u00ean gi\u1eef g\u00ecn h\u00f4n nh\u00e2n v\u00ec con c\u00e1i?\r\n\r\nT\u1ea5t nhi\u00ean l\u00e0 ng\u01b0\u1eddi v\u1ee3 mu\u1ed1n ch\u1ed3ng c\u00f3 tr\u00e1ch nhi\u1ec7m v\u1edbi con c\u00e1i c\u1ee7a anh ta. \u0110\u00e2y l\u00e0 l\u00fd do ng\u01b0\u1eddi \u0111\u00e0n \u00f4ng \u0111\u00f3 t\u00f4n tr\u1ecdng v\u1ee3 \u1edf m\u1ee9c \u0111\u1ed9 m\u00e0 b\u1ea1n kh\u00f4ng th\u1ec3 hi\u1ec3u n\u1ed5i khi \u0111\u1ee9ng \u1edf v\u1ecb tr\u00ed c\u1ee7a \"ng\u01b0\u1eddi th\u1ee9 ba\". V\u1ee3 ch\u1ed3ng c\u00f9ng nhau sinh con v\u00e0 mu\u1ed1n c\u00f9ng nu\u00f4i d\u01b0\u1ee1ng con n\u00ean ng\u01b0\u1eddi. \u0110\u00f3 l\u00e0 m\u1ed9t l\u1eddi th\u1ec1 kh\u00f4ng c\u1ea7n th\u1ed1t ra v\u00e0 n\u00f3 m\u1ea1nh h\u01a1n c\u1ea3 h\u00f4n nh\u00e2n. T\u00ecnh cha con l\u00e0 th\u1ee9 \u0111\u01b0\u1ee3c ng\u01b0\u1eddi \u0111\u00e0n \u00f4ng coi tr\u1ecdng h\u01a1n b\u1ea5t c\u1ee9 th\u1ee9 g\u00ec kh\u00e1c. Ng\u01b0\u1eddi v\u1ee3 \u0111\u00e3 ch\u1ecbu bao \u0111\u1edbn \u0111au, h\u00f2a chung d\u00f2ng m\u00e1u v\u1edbi ch\u1ed3ng \u0111\u1ec3 sinh ra m\u1ed9t, hai hay nhi\u1ec1u h\u01a1n n\u1eefa nh\u1eefng \u0111\u1ee9a con cho anh ta.\r\n\r\nKhi b\u1ebf con trong tay, s\u1ef1 bi\u1ebft \u01a1n v\u00e0 g\u1eafn b\u00f3 d\u00e0nh cho v\u1ee3 l\u00e0 \u0111i\u1ec1u ng\u01b0\u1eddi \u0111\u00e0n \u00f4ng ghi nh\u1edb trong tim v\u00e0 kh\u00f4ng g\u00ec ph\u00e1 v\u1ee1 \u0111\u01b0\u1ee3c. Anh ta s\u1ebd kh\u00f4ng \u1edf v\u1edbi v\u1ee3 v\u00ec con. Anh ta ch\u1ec9 c\u1ea3m th\u1ea5y m\u00ecnh kh\u00f4ng th\u1ec3 r\u1eddi b\u1ecf v\u1ee3 b\u1edfi con c\u00e1i. Anh ta mu\u1ed1n nh\u1eefng \u0111\u1ee9a con c\u1ee7a m\u00ecnh c\u00f3 gia \u0111\u00ecnh h\u1ea1nh ph\u00fac v\u00e0 s\u1ebd kh\u00f4ng ph\u00e1 ho\u1ea1i t\u1ed5 \u1ea5m \u0111\u00f3 ch\u1ec9 v\u00ec nh\u1eefng ham mu\u1ed1n th\u1ec3 x\u00e1c.\r\n\r\nR\u00f5 r\u00e0ng, m\u1ed9t ng\u01b0\u1eddi \u0111\u00e0n \u00f4ng th\u1ef1c s\u1ef1, d\u00f9 c\u00f3 l\u00fac sa ng\u00e3, s\u1ebd kh\u00f4ng b\u1ecf v\u1ee3. H\u1ecd mu\u1ed1n l\u00e0m m\u1ed9t ng\u01b0\u1eddi \u0111\u00e0n \u00f4ng c\u00f3 tr\u00e1ch nhi\u1ec7m, t\u1eadn t\u1ee5y v\u00e0 gi\u00e0u t\u00ecnh y\u00eau th\u01b0\u01a1ng. B\u00e2y gi\u1edd ng\u01b0\u1eddi \u1ea5y c\u00f3 th\u1ec3 lu\u1ea9n qu\u1ea9n b\u00ean b\u1ea1n, nh\u01b0ng s\u1edbm th\u00f4i, anh ta s\u1ebd tr\u1edf l\u1ea1i t\u1ed5 \u1ea5m n\u01a1i khi\u1ebfn anh ta c\u1ea3m th\u1ea5y m\u00ecnh l\u00e0 m\u1ed9t ng\u01b0\u1eddi \u0111\u00e0n \u00f4ng th\u1ef1c s\u1ef1.\r\n\r\n\u0110\u00fang l\u00e0 c\u00f3 nhi\u1ec1u \u0111\u00e0n \u00f4ng ngo\u1ea1i t\u00ecnh v\u00e0 \u0111\u00f3 l\u00e0 m\u1ed9t th\u1ef1c t\u1ebf bu\u1ed3n. Nh\u01b0ng c\u00e1c nghi\u00ean c\u1ee9u cho th\u1ea5y h\u1ea7u h\u1ebft nh\u1eefng ng\u01b0\u1eddi c\u00f3 quan h\u1ec7 ngo\u00e0i lu\u1ed3ng \u0111\u1ec1u mu\u1ed1n \u1edf l\u1ea1i v\u1edbi v\u1ee3. B\u1ea1n kh\u00f4ng mu\u1ed1n \u1edf b\u00ean m\u1ed9t k\u1ebb l\u1eeba d\u1ed1i \u0111\u00fang kh\u00f4ng? B\u1ea1n mu\u1ed1n m\u00ecnh l\u00e0 ng\u01b0\u1eddi \u0111\u01b0\u1ee3c tr\u00e2n tr\u1ecdng, y\u00eau th\u01b0\u01a1ng v\u00e0 c\u00f3 \u0111\u01b0\u1ee3c t\u00ecnh y\u00eau tr\u1ecdn v\u1eb9n? V\u1eady th\u00ec \u0111\u1eebng \u0111\u1ebfn v\u1edbi \u0111\u00e0n \u00f4ng c\u00f3 v\u1ee3!\r\n\r\n<img class=\"aligncenter wp-image-83320\" src=\"https:\/\/big.vn\/wp-content\/uploads\/2017\/08\/vi-sao-dan-ong-ngoai-tinh-nhung-khong-bo-vo-2.jpg\" alt=\"V\u00ec sao \u0111\u00e0n \u00f4ng ngo\u1ea1i t\u00ecnh nh\u01b0ng kh\u00f4ng b\u1ecf v\u1ee3 ph\u1ea7n 2\" width=\"500\" height=\"684\" \/>\r\n<h3>Nh\u1eefng thay \u0111\u1ed5i c\u1ea3m x\u00fac t\u00e2m l\u00fd kh\u00e1c khi\u00a0\u0111\u00e0n \u00f4ng ngo\u1ea1i t\u00ecnh, c\u00e1c b\u00e0 v\u1ee3 c\u1ea7n ch\u00fa \u00fd<\/h3>\r\n<ul>\r\n \t<li>B\u1eaft \u0111\u1ea7u mua qu\u00e0 cho v\u1ee3 (kh\u00e1 nhi\u1ec1u qu\u00e0) - \u201cc\u1ea3m gi\u00e1c t\u1ed9i l\u1ed7i n\u00fap d\u01b0\u1edbi b\u00f3ng qu\u00e0 c\u00e1p\u201d, ch\u1ec9 th\u00f4ng qua vi\u1ec7c t\u1eb7ng qu\u00e0 cho v\u1ee3, anh \u1ea5y m\u1edbi b\u1edbt \u00e1y n\u00e1y.<\/li>\r\n \t<li>Anh \u1ea5y th\u01b0\u1eddng xuy\u00ean g\u00e2y \u201cchi\u1ebfn tranh\u201d v\u1edbi b\u1ea1n. Ch\u1ed3ng b\u1ea1n c\u1ed1 t\u00ecnh b\u1ecba ra v\u00e0i l\u00fd do \u0111\u1ec3 n\u1ed5i \u0111i\u00ean l\u00ean, t\u1ea1o th\u00e0nh c\u01a1n \u201ccu\u1ed3ng phong\u201d trong nh\u00e0 v\u00e0 v\u00ec v\u1eady, anh \u1ea5y s\u1ebd c\u00f3 c\u01a1 h\u1ed9i \u0111i g\u1eb7p ng\u01b0\u1eddi t\u00ecnh. K\u1ebb b\u1ed9i b\u1ea1c th\u01b0\u1eddng h\u00e0nh \u0111\u1ed9ng nh\u01b0 th\u1ebf n\u00e0y do nh\u1eefng x\u00e1o tr\u1ed9n trong c\u1ea3m x\u00fac: n\u1eeda mu\u1ed1n c\u1eb7p b\u1ed3, n\u1eeda day d\u1ee9t v\u1edbi v\u1ee3.<\/li>\r\n \t<li>\u1ede nh\u00e0, ch\u1ed3ng b\u1ea1n \u1ee7 r\u0169 nh\u01b0ng khi r\u1eddi nh\u00e0, anh \u1ea5y l\u1ea1i t\u1ecf ra kh\u00e1 vui v\u1ebb (gi\u1ed1ng nh\u01b0 m\u1ecdi s\u1ea7u th\u1ea3m c\u1ee7a anh \u1ea5y \u0111\u1ec1u b\u1eaft ngu\u1ed3n t\u1eeb v\u1ee3). N\u1ebfu c\u1eb7p b\u1ed3 trong th\u1eddi gian d\u00e0i, anh \u1ea5y s\u1ebd c\u1ed1 g\u1eafng gi\u1eef cho hai m\u1ed1i t\u00ecnh \u0111\u01b0\u1ee3c y\u00ean \u1ea5m. Nh\u01b0ng n\u1ebfu b\u1ed7ng d\u01b0ng, k\u1ebb b\u1ed9i b\u1ea1c y\u00eau b\u1ed3 h\u01a1n y\u00eau v\u1ee3 th\u00ec anh \u1ea5y s\u1ebd kh\u00f3 ch\u1ecbu khi \u1edf b\u00ean v\u1ee3 v\u00e0 s\u1ef1 c\u0103ng th\u1eb3ng trong quan h\u1ec7 v\u1ee3 ch\u1ed3ng l\u00e0 \u0111i\u1ec1u kh\u00f3 tr\u00e1nh.<\/li>\r\n \t<li>Ch\u1ed3ng b\u1ea1n li\u00ean t\u1ee5c b\u00f3ng gi\u00f3 v\u1ec1 s\u1ef1 chia c\u1eaft khi k\u1ebft th\u00fac c\u00e3i v\u00e3 hay tranh lu\u1eadn. Anh \u1ea5y c\u00f3 th\u1ec3 ph\u00e1t ng\u00f4n th\u1ebf n\u00e0y: \u201c\u00c0, c\u1ea3m th\u1ea5y kh\u00f4ng s\u1ed1ng \u0111\u01b0\u1ee3c v\u1edbi nhau th\u00ec th\u00f4i\u201d ho\u1eb7c \u201cN\u1ebfu m\u1ecdi chuy\u1ec7n k\u1ebft th\u00fac, anh v\u1eabn s\u1ebd coi em nh\u01b0 m\u1ed9t ng\u01b0\u1eddi b\u1ea1n\u201d. N\u00f3i chung, \u0111\u00e0n \u00f4ng hi\u1ebfm khi m\u00ea b\u1ed3 t\u1edbi m\u1ee9c mu\u1ed1n b\u1ecf v\u1ee3 nh\u01b0ng n\u1ebfu anh \u1ea5y th\u1ed1t l\u00ean nh\u1eefng c\u00e2u ti\u00eau c\u1ef1c v\u1ec1 h\u1ea1nh ph\u00fac gia \u0111\u00ecnh, b\u1ea1n c\u00e0ng n\u00ean c\u1ea9n th\u1eadn h\u01a1n.<\/li>\r\n \t<li>Anh \u1ea5y d\u01b0\u1eddng nh\u01b0 kh\u00f4ng bao gi\u1edd n\u00f3i chuy\u1ec7n v\u1edbi b\u1ea1n. D\u00f9 chung s\u1ed1ng v\u1edbi v\u1ee3 nh\u01b0ng ch\u1ed3ng b\u1ea1n kh\u00f4ng mu\u1ed1n k\u1ebft n\u1ed1i v\u1edbi v\u1ee3. Anh \u1ea5y tr\u1edf n\u00ean l\u1ea1nh l\u1ebdo v\u00e0 ch\u1eb3ng b\u1eadn t\u00e2m \u0111\u1ebfn c\u1ea3m x\u00fac c\u1ee7a b\u1ea1n.<\/li>\r\n \t<li>\u201cKh\u1ea9u v\u1ecb\u201d \u00e2m nh\u1ea1c b\u1ed7ng nhi\u00ean thay \u0111\u1ed5i, n\u1ebfu tr\u01b0\u1edbc \u0111\u00e2y anh \u1ea5y th\u00edch nh\u1ea1c pop th\u00ec b\u00e2y gi\u1edd, anh \u1ea5y say m\u00ea \u201cnh\u1ea1c s\u1ebfn\u201d. Ch\u1ed3ng b\u1ea1n c\u00f3 th\u1ec3 \u0111\u1eb7t s\u1ef1 th\u00edch th\u00fa v\u00e0o m\u1ed9t lo\u1ea1i nh\u1ea1c m\u1edbi b\u1edfi v\u00ec, c\u00f4 nh\u00e2n t\u00ecnh c\u1ee7a anh ta th\u01b0\u1eddng xuy\u00ean nghe lo\u1ea1i nh\u1ea1c n\u00e0y.<\/li>\r\n \t<li>Anh \u1ea5y kh\u00f4ng c\u00f2n h\u1ee9ng th\u00fa v\u1edbi v\u1ee3 con v\u00e0 cu\u1ed9c s\u1ed1ng gia \u0111\u00ecnh n\u00f3i chung.<\/li>\r\n \t<li>Ch\u1ed3ng b\u1ea1n b\u1eaft \u0111\u1ea7u kh\u00e9p c\u1eeda ph\u00f2ng khi b\u1ea1n \u0111i loanh quanh g\u1ea7n \u0111\u00f3 ho\u1eb7c khi b\u1ea1n chu\u1ea9n b\u1ecb b\u01b0\u1edbc v\u00e0o ph\u00f2ng. Nh\u1eefng c\u1eb7p \u0111\u00f4i chung s\u1ed1ng v\u1edbi nhau nhi\u1ec1u n\u0103m th\u01b0\u1eddng c\u00f3 xu h\u01b0\u1edbng su\u1ed3ng s\u00e3, kh\u00f4ng c\u1ea7n kh\u00e9p c\u1eeda, th\u1eadm ch\u00ed l\u00e0 c\u1eeda nh\u00e0 t\u1eafm d\u00f9 ng\u01b0\u1eddi b\u1ea1n \u0111\u1eddi c\u00f3 \u1edf ngay b\u00ean c\u1ea1nh. N\u1ebfu anh \u1ea5y ch\u00fa tr\u1ecdng gi\u1eef \u00fd t\u1ee9 v\u1edbi v\u1ee3 th\u00ec c\u00f3 ngh\u0129a l\u00e0 anh \u1ea5y c\u1ed1 t\u00ecnh t\u1ea1o m\u1ed9t kho\u1ea3ng c\u00e1ch \u0111\u1ec3 tr\u00e1nh th\u00e2n m\u1eadt v\u1edbi b\u1ea1n.<\/li>\r\n \t<li>Anh \u1ea5y kh\u00f4ng c\u00f2n khen ng\u1ee3i di\u1ec7n m\u1ea1o c\u1ee7a v\u1ee3.<\/li>\r\n \t<li>Anh \u1ea5y c\u0169ng ch\u1eb3ng bu\u1ed3n n\u00f3i \u201cAnh y\u00eau em\u201d ho\u1eb7c b\u00e0y t\u1ecf nh\u1eefng c\u1eed ch\u1ec9 y\u00eau th\u01b0\u01a1ng kh\u00e1c.<\/li>\r\n \t<li>Ch\u1ed3ng b\u1ea1n c\u1ea3m th\u1ea5y ng\u1ea1i ng\u1ea7n khi b\u1ea1n l\u00e0m \u0111i\u1ec1u g\u00ec \u0111\u00f3 t\u1ed1t \u0111\u1eb9p cho anh \u1ea5y.<\/li>\r\n \t<li>Ch\u1ed3ng b\u1ea1n chuy\u1ec3n h\u01b0\u1edbng sang bu\u1ed9c t\u1ed9i v\u1ee3 \u201cl\u1eb3ng l\u01a1\u201d m\u00e0 kh\u00f4ng c\u00f3 b\u1eb1ng ch\u1ee9ng thuy\u1ebft ph\u1ee5c.<\/li>\r\n \t<li>Anh \u1ea5y th\u00edch d\u00e0nh th\u1eddi gian cho b\u1ea1n b\u00e8 h\u01a1n cho v\u1ee3 con.<\/li>\r\n \t<li>Anh \u1ea5y d\u01b0\u1eddng nh\u01b0 hay gi\u1eadt m\u00ecnh th\u1ee9c gi\u1ea5c. Nguy\u00ean nh\u00e2n t\u1eeb c\u1ea3m gi\u00e1c b\u1ea5t an khi anh \u1ea5y kh\u00f4ng bi\u1ebft m\u00ecnh \u0111ang ng\u1ee7 tr\u00ean gi\u01b0\u1eddng c\u00f9ng v\u1ee3 hay c\u00f9ng b\u1ed3. \u0110\u1ed3ng th\u1eddi, ch\u1ed3ng b\u1ea1n c\u0169ng xu\u1ea5t hi\u1ec7n nh\u1eefng h\u00e0nh vi l\u1ea1 l\u00f9ng trong gi\u1ea5c ng\u1ee7 nh\u01b0 th\u01b0\u1eddng xuy\u00ean g\u1eb7p \u00e1c m\u1ed9ng, n\u00f3i l\u1ea3m nh\u1ea3m, kh\u00f3 ng\u1ee7,...<\/li>\r\n<\/ul>\r\n<em>V\u1edbi nh\u1eefng gi\u1ea3i \u0111\u00e1p th\u1eadt x\u00e1c \u0111\u00e1ng v\u1eeba r\u1ed3i, ch\u1eafc c\u00e1c ch\u1ecb em ph\u1ee5 n\u1eef ch\u00fang m\u00ecnh c\u0169ng \u0111\u00e3 hi\u1ec3u \u0111\u01b0\u1ee3c ph\u1ea7n n\u00e0o l\u00fd do v\u00ec sao \u0111\u00e0n \u00f4ng ngo\u1ea1i t\u00ecnh nh\u01b0ng kh\u00f4ng b\u1ecf v\u1ee3 r\u1ed3i ph\u1ea3i kh\u00f4ng n\u00e0o? Th\u01b0\u1eddng th\u00ec t\u00e2m l\u00fd c\u1ee7a ng\u01b0\u1eddi \u0111\u00e0n \u00f4ng \u0111\u00e3 c\u00f3 gia \u0111\u00ecnh r\u1ea5t chi l\u00e0 ph\u1ee9c t\u1ea1p m\u00e0 \u0111\u00f4i l\u00fac ch\u00ednh b\u1ea3n th\u00e2n h\u1ecd c\u0169ng ch\u1eb3ng th\u1ec3 gi\u1ea3i th\u00edch n\u1ed5i t\u1ea1i sao m\u00ecnh l\u00e0m v\u1eady trong khi t\u1ed5 \u1ea5m \u0111ang h\u1ea1nh ph\u00fac tr\u1ecdn v\u1eb9n. Suy cho c\u00f9ng, h\u1ecd l\u00e0m nh\u01b0 v\u1eady c\u0169ng ch\u1ec9 v\u00ec b\u1ea3n n\u0103ng, c\u0169ng ch\u1ec9 v\u00ec s\u1ef1 ham mu\u1ed1n, l\u00e0 c\u1ea3m n\u1eafng m\u1ed9t ai \u0111\u00f3 nh\u01b0ng sau kho\u1ea3ng th\u1eddi gian b\u00ecnh t\u00e2m, ch\u1eafc ch\u1eafn gia \u0111\u00ecnh v\u1eabn l\u00e0 n\u01a1i ch\u1ed1n b\u00ecnh y\u00ean \u0111\u1ec3 quay \u0111\u1ea7u l\u00e0 b\u1edd c\u00f2n ham mu\u1ed1n b\u00ean ngo\u00e0i ch\u1ec9 l\u00e0 \"th\u1ee9 qua \u0111\u01b0\u1eddng\" trong m\u1ed9t ph\u00fat nh\u1ea5t th\u1eddi. M\u1ebfn ch\u00fac b\u1ea1n lu\u00f4n vui v\u00e0 h\u00e3y c\u1ed1 g\u1eafng gi\u1eef g\u00ecn h\u1ea1nh ph\u00fac tr\u1ecdn v\u1eb9n hi\u1ec7n t\u1ea1i. Ti\u1ebfp t\u1ee5c chia s\u1ebb v\u00e0 g\u1eedi nh\u1eefng tr\u0103n tr\u1edf th\u1eafc m\u1eafc v\u1ec1 \u0111\u1eddi s\u1ed1ng h\u00f4n nh\u00e2n gia \u0111\u00ecnh t\u1edbi big.vn nh\u00e9!<\/em>\r\n\r\nt\u1eeb kh\u00f3a:\r\n\r\n<em>t\u00e2m s\u1ef1\u00a0\u0111\u00e0n \u00f4ng ngo\u1ea1i t\u00ecnh<\/em>\r\n\r\n<em>nguy\u00ean nh\u00e2n\u00a0\u0111\u00e0n \u00f4ng ngo\u1ea1i t\u00ecnh<\/em>\r\n\r\n<em>\u0111\u00e0n \u00f4ng ngo\u1ea1i t\u00ecnh\u00a0c\u00f3 c\u00f2n y\u00eau v\u1ee3 kh\u00f4ng<\/em>\r\n\r\n<em>\u0111\u00e0n \u00f4ng ngo\u1ea1i t\u00ecnh\u00a0v\u1edbi ai<\/em>\r\n\r\n<em>\u0111\u00e0n \u00f4ng ngo\u1ea1i t\u00ecnh\u00a0c\u00f3 y\u00eau th\u1eadt l\u00f2ng<\/em>\r\n\r\n<em>\u0111\u00e0n \u00f4ng ngo\u1ea1i t\u00ecnh\u00a0nh\u01b0ng kh\u00f4ng b\u1ecf v\u1ee3<\/em>\r\n\r\n<em>dan ong ngoai tinh nghi gi ve nguoi tinh<\/em>"}