{"title":"BXH c\u00e1c nh\u00f3m nh\u1ea1c KPOP c\u00f3 v\u0169 \u0111\u1ea1o \u0111\u1eb9p nh\u1ea5t hi\u1ec7n nay","categories":["Ki\u1ebfn th\u1ee9c"],"tags":["ca s\u0129 h\u00e0n qu\u1ed1c","nh\u00f3m nh\u1ea1c h\u00e0n qu\u1ed1c"],"featureImage":"https:\/\/big.vn\/wp-content\/uploads\/2017\/08\/bxh-cac-nhom-nhac-kpop-co-vu-dao-dep-nhat-hien-nay.jpg","excerpt":"<strong>BXH c\u00e1c nh\u00f3m nh\u1ea1c KPOP c\u00f3 v\u0169 \u0111\u1ea1o \u0111\u1eb9p nh\u1ea5t hi\u1ec7n nay<\/strong>: Khi v\u0169 \u0111\u1ea1o \u0111\u00e3 tr\u1edf th\u00e0nh y\u1ebfu t\u1ed1 g\u1ea7n nh\u01b0 kh\u00f4ng th\u1ec3 thi\u1ebfu v\u1eafng trong c\u00e1c ph\u1ea7n tr\u00ecnh di\u1ec5n c\u1ee7a th\u1ea7n t\u01b0\u1ee3ng, y\u00eau c\u1ea7u c\u1ee7a fan \u0111\u1ed1i v\u1edbi nh\u1eefng \u0111\u1ed9ng t\u00e1c ph\u1ee5 h\u1ecda cho ca kh\u00fac theo \u0111\u00f3 c\u0169ng ng\u00e0y m\u1ed9t cao l\u00ean. M\u1edbi \u0111\u00e2y, fan \u0111\u00e3 c\u00f9ng nhau t\u1ed5 ch\u1ee9c m\u1ed9t c","slug":"bxh-cac-nhom-nhac-kpop-co-vu-dao-dep-nhat-hien-nay","content":"<h2 style=\"text-align: center;\"><strong>BXH c\u00e1c nh\u00f3m nh\u1ea1c KPOP c\u00f3 v\u0169 \u0111\u1ea1o \u0111\u1eb9p nh\u1ea5t hi\u1ec7n nay<\/strong><\/h2>\r\n<h3>1\/ Nh\u00f3m INFINITE<\/h3>\r\nINFINITE v\u1ec1 nh\u1ea5t nh\u1edd h\u01a1n 22.000 s\u1ed1 phi\u1ebfu b\u00ecnh ch\u1ecdn. D\u00f9 INFINITE ch\u1ee7 y\u1ebfu trung th\u00e0nh v\u1edbi nh\u1eefng ca kh\u00fac mi\u00eau t\u1ea3 t\u00e2m tr\u1ea1ng c\u1ee7a m\u1ed9t anh ch\u00e0ng b\u1ecb b\u1ea1n g\u00e1i b\u1ecf r\u01a1i, nh\u01b0ng c\u00f3 l\u1ebd v\u0169 \u0111\u1ea1o minh h\u1ecda cho nh\u1eefng ca kh\u00fac n\u00e0y l\u1ea1i r\u1ea5t \u0111\u01b0\u1ee3c l\u00f2ng fan. Boygroup chi\u1ebfm gi\u1eef ng\u00f4i v\u1ecb th\u1ee9 2 l\u00e0 BTS c\u00f9ng g\u1ea7n 18.000 phi\u1ebfu. V\u1ecb tr\u00ed c\u00f2n l\u1ea1i c\u1ee7a Top 3 thu\u1ed9c v\u1ec1 EXO, v\u1edbi s\u1ed1 phi\u1ebfu ch\u1ec9 b\u1eb1ng m\u1ed9t n\u1eeda s\u1ed1 phi\u1ebfu c\u1ee7a \u00e1 qu\u00e2n BTS. BXH c\u00f2n c\u00f3 s\u1ef1 g\u00f3p m\u1eb7t c\u1ee7a nhi\u1ec1u boygroup kh\u00e1c nh\u01b0 iKON, BTOB, SEVENTEEN, VIXX, WINNER, TEEN TOP, v.v...\r\n\r\n<img class=\"aligncenter size-full wp-image-83128\" src=\"https:\/\/big.vn\/wp-content\/uploads\/2017\/08\/bxh-cac-nhom-nhac-kpop-co-vu-dao-dep-nhat-hien-nay-1.jpg\" alt=\"BXH c\u00e1c nh\u00f3m nh\u1ea1c KPOP c\u00f3 v\u0169 \u0111\u1ea1o \u0111\u1eb9p nh\u1ea5t hi\u1ec7n nay ph\u1ea7n 1\" width=\"500\" height=\"259\" \/>\r\n\r\n<strong>INFINITE<\/strong> n\u1ed5i ti\u1ebfng v\u1edbi nh\u1eefng s\u00e2n kh\u1ea5u tr\u00ecnh di\u1ec5n v\u0169 \u0111\u1ea1o m\u1ea1nh m\u1ebd v\u1edbi \u0111\u1ed9 \u0111\u1ed3ng \u0111\u1ec1u c\u1ee7a c\u1ea3 nh\u00f3m g\u1ea7n nh\u01b0 l\u00e0 100%.\r\n<h3>2\/ Nh\u00f3m\u00a0BTS<\/h3>\r\n<img class=\"aligncenter size-full wp-image-83129\" src=\"https:\/\/big.vn\/wp-content\/uploads\/2017\/08\/bxh-cac-nhom-nhac-kpop-co-vu-dao-dep-nhat-hien-nay-2.jpg\" alt=\"BXH c\u00e1c nh\u00f3m nh\u1ea1c KPOP c\u00f3 v\u0169 \u0111\u1ea1o \u0111\u1eb9p nh\u1ea5t hi\u1ec7n nay ph\u1ea7n 2\" width=\"500\" height=\"284\" \/>\r\n\r\nBTS l\u00e0 m\u1ed9t trong nh\u1eefng nh\u00f3m nh\u1ea1c nam \u0111ang l\u00ean nh\u1ea5t n\u0103m 2015. \u0110i\u1ec3m thu h\u00fat c\u1ee7a v\u0169 \u0111\u1ea1o m\u00e0 BTS th\u1ec3 hi\u1ec7n ch\u00ednh l\u00e0 kh\u1ecfe kho\u1eafn v\u00e0 r\u1ea5t nam t\u00ednh. Ngo\u00e0i ra, BTS th\u1eadt s\u1ef1 r\u1ea5t bi\u1ebft linh \u0111\u1ed9ng \u0111\u1ed9i h\u00ecnh v\u00e0 \u0111\u1ed9ng t\u00e1c \u0111\u1ec3 khu\u1ea5y \u0111\u1ed9ng kh\u00e1n gi\u1ea3 \u1edf b\u1ea5t k\u00ec s\u00e2n kh\u1ea5u n\u00e0o m\u00e0 nh\u00f3m bi\u1ec3u di\u1ec5n. Top 4 m\u1ef9 nh\u00e2n H\u00e0n Qu\u1ed1c 9x \u0111\u1eb9p nh\u1ea5t hi\u1ec7n nay\r\n<h3>3\/Nh\u00f3m Block B<\/h3>\r\n<img class=\"aligncenter size-full wp-image-83130\" src=\"https:\/\/big.vn\/wp-content\/uploads\/2017\/08\/bxh-cac-nhom-nhac-kpop-co-vu-dao-dep-nhat-hien-nay-3.jpg\" alt=\"BXH c\u00e1c nh\u00f3m nh\u1ea1c KPOP c\u00f3 v\u0169 \u0111\u1ea1o \u0111\u1eb9p nh\u1ea5t hi\u1ec7n nay ph\u1ea7n 3\" width=\"500\" height=\"272\" \/>\r\n\r\n<strong>Block B<\/strong> bi\u1ebft c\u00e1ch l\u00e0m ch\u1ee7 s\u00e2n kh\u1ea5u v\u1edbi s\u1ef1 nh\u1eafng nh\u00edt v\u00e0 \u201cqu\u1eady\u201d c\u1ee7a nh\u00f3m. B\u1ea5t c\u1ee9 ch\u01b0\u01a1ng tr\u00ecnh n\u00e0o c\u00f3 Block B tham gia, \u1edf \u0111\u00f3 s\u1ebd tr\u1edf n\u00ean s\u00f4i \u0111\u1ed9ng h\u01a1n bao gi\u1edd h\u1ebft.\r\n<h3>4\/ Nh\u00f3m\u00a0B1A4<\/h3>\r\n<img class=\"aligncenter size-full wp-image-83131\" src=\"https:\/\/big.vn\/wp-content\/uploads\/2017\/08\/bxh-cac-nhom-nhac-kpop-co-vu-dao-dep-nhat-hien-nay-4.jpg\" alt=\"BXH c\u00e1c nh\u00f3m nh\u1ea1c KPOP c\u00f3 v\u0169 \u0111\u1ea1o \u0111\u1eb9p nh\u1ea5t hi\u1ec7n nay ph\u1ea7n 4\" width=\"500\" height=\"326\" \/>\r\n\r\nKh\u00e1c ho\u00e0n to\u00e0n v\u1edbi c\u00e1c nh\u00f3m nh\u1ea1c tr\u00ean, B1A4 thu\u1ed9c tr\u01b0\u1eddng ph\u00e1i \u0111\u00e1ng y\u00eau nh\u01b0ng c\u0169ng kh\u00f4ng k\u00e9m ph\u1ea7n quy\u1ebfn r\u0169. Tr\u00ean n\u1ec1n ca kh\u00fac t\u01b0\u01a1i s\u00e1ng v\u00e0 ng\u1ecdt ng\u00e0o, v\u0169 \u0111\u1ea1o c\u1ee7a B1A4 d\u1ec5 d\u00e0ng l\u00e0m ng\u01b0\u1eddi xem c\u1ea3m th\u1ea5y th\u00edch th\u00fa v\u00e0 vui v\u1ebb.\r\n<h3>5\/ Nh\u00f3m\u00a0SEVENTEEN<\/h3>\r\n<img class=\"aligncenter size-full wp-image-83132\" src=\"https:\/\/big.vn\/wp-content\/uploads\/2017\/08\/bxh-cac-nhom-nhac-kpop-co-vu-dao-dep-nhat-hien-nay-5.png\" alt=\"BXH c\u00e1c nh\u00f3m nh\u1ea1c KPOP c\u00f3 v\u0169 \u0111\u1ea1o \u0111\u1eb9p nh\u1ea5t hi\u1ec7n nay ph\u1ea7n 5\" width=\"500\" height=\"331\" \/>\r\n\r\nSEVENTEEN m\u1edbi ra m\u1eaft nh\u01b0ng \u0111\u00e3 thu v\u1ec1 m\u1ed9t l\u01b0\u1ee3ng fan kh\u00f4ng h\u1ec1 nh\u1ecf nh\u1edd kh\u1ea3 n\u0103ng tr\u00ecnh di\u1ec5n tr\u00ean s\u00e2n kh\u1ea5u c\u1ee7a nh\u00f3m. 13 anh ch\u00e0ng \u0111\u1eb9p trai th\u1ef1c hi\u1ec7n c\u00e1c \u0111\u1ed9ng t\u00e1c v\u0169 \u0111\u1ea1o \u0111\u1ed3ng \u0111\u1ec1u nh\u01b0ng v\u1eabn kh\u00f4ng m\u1ea5t \u0111i \u0111\u1eb7c tr\u01b0ng ri\u00eang c\u1ee7a t\u1eebng th\u00e0nh vi\u00ean. C\u00e1ch h\u1ecd bi\u1ec3u di\u1ec5n chuy\u00ean nghi\u1ec7p v\u00e0 tho\u1ea3i m\u00e1i c\u0169ng l\u00e0m nhi\u1ec1u ng\u01b0\u1eddi ngh\u0129 h\u1ecd l\u00e0 m\u1ed9t nh\u00f3m nh\u1ea1c l\u00e3o luy\u1ec7n ch\u1ee9 kh\u00f4ng ph\u1ea3i l\u00e0 t\u00e2n binh m\u1edbi ho\u1ea1t \u0111\u1ed9ng ch\u01b0a \u0111\u1ea7y 1 n\u0103m.\r\n<h3>6\/ Nh\u00f3m BIGBANG<\/h3>\r\n<img class=\"aligncenter size-full wp-image-83133\" src=\"https:\/\/big.vn\/wp-content\/uploads\/2017\/08\/bxh-cac-nhom-nhac-kpop-co-vu-dao-dep-nhat-hien-nay-6.jpg\" alt=\"BXH c\u00e1c nh\u00f3m nh\u1ea1c KPOP c\u00f3 v\u0169 \u0111\u1ea1o \u0111\u1eb9p nh\u1ea5t hi\u1ec7n nay ph\u1ea7n 6\" width=\"500\" height=\"281\" \/>\r\n\r\nHuy\u1ec1n tho\u1ea1i Kpop \u2013 BIGBANG kh\u00f4ng c\u00f3 nh\u1eefng ca kh\u00fac bi\u1ec3u di\u1ec5n \u0111\u00f2i h\u1ecfi kh\u1ea3 n\u0103ng v\u0169 \u0111\u1ea1o si\u00eau \u0111\u1ed3ng \u0111\u1ec1u hay \u0111\u1ed9i h\u00ecnh \u0111\u1eb9p\u2026\u0110i\u1ec3m n\u1ed5i b\u1eadt nh\u1ea5t c\u1ee7a nh\u1eefng m\u00e0n tr\u00ecnh di\u1ec5n c\u1ee7a BIGBANG l\u00e0 khi\u1ebfn kh\u00e1n gi\u1ea3 \u0111\u1ee9ng ng\u1ed3i kh\u00f4ng y\u00ean v\u1edbi s\u1ef1 th\u1ec3 hi\u1ec7n c\u1ee7a t\u1eebng th\u00e0nh vi\u00ean. Taeyang \u2013 \u0111i\u00eau luy\u1ec7n, G \u2013 Dragon \u2013 uy\u1ec3n chuy\u1ec3n, Seungri \u2013 quy\u1ebfn r\u0169, Daesang \u2013 kh\u1ecfe kho\u1eafn v\u00e0 T.O.P \u2013 c\u00e1 t\u00ednh. M\u1ed7i ch\u00e0ng trai v\u1edbi m\u1ed7i s\u1eafc th\u00e1i kh\u00e1c nhau t\u1ea1o n\u00ean m\u1ed9t BIGBANG tr\u00ean s\u00e2n kh\u1ea5u \u201cc\u00f3 m\u1ed9t kh\u00f4ng hai\u201d. Ti\u1ec3u s\u1eed TOP\r\n<h3>7\/ BTOB<\/h3>\r\n<img class=\"aligncenter size-full wp-image-83134\" src=\"https:\/\/big.vn\/wp-content\/uploads\/2017\/08\/bxh-cac-nhom-nhac-kpop-co-vu-dao-dep-nhat-hien-nay-7.jpg\" alt=\"BXH c\u00e1c nh\u00f3m nh\u1ea1c KPOP c\u00f3 v\u0169 \u0111\u1ea1o \u0111\u1eb9p nh\u1ea5t hi\u1ec7n nay ph\u1ea7n 7\" width=\"500\" height=\"333\" \/>\r\n\r\nTrong ph\u00f2ng t\u1eadp BTOB nh\u1ea3y theo phong c\u00e1ch r\u1ea5t \u201c\u0111i\u00ean\u201d nh\u01b0ng \u0111\u1ebfn khi l\u00ean s\u00e2n kh\u1ea5u, t\u1ea5t c\u1ea3 \u0111\u1ec1u \u0111\u01b0\u1ee3c \u201ctrang tr\u1ecdng h\u00f3a\u201d v\u00e0 c\u1ef1c ph\u00f9 h\u1ee3p v\u1edbi ch\u01b0\u01a1ng tr\u00ecnh m\u00e0 h\u1ecd tham gia. \u0110i\u1ec1u n\u00e0y cho th\u1ea5y s\u1ef1 \u0111i\u00eau luy\u1ec7n c\u1ee7a BTOB trong t\u1eebng \u0111\u1ed9ng t\u00e1c v\u0169 \u0111\u1ea1o c\u1ee7a nh\u00f3m.\r\n<h3>8\/\u00a0VIXX<\/h3>\r\n<img class=\"aligncenter size-full wp-image-83135\" src=\"https:\/\/big.vn\/wp-content\/uploads\/2017\/08\/bxh-cac-nhom-nhac-kpop-co-vu-dao-dep-nhat-hien-nay-8.png\" alt=\"BXH c\u00e1c nh\u00f3m nh\u1ea1c KPOP c\u00f3 v\u0169 \u0111\u1ea1o \u0111\u1eb9p nh\u1ea5t hi\u1ec7n nay ph\u1ea7n 8\" width=\"500\" height=\"282\" \/>\r\n\r\nVIXX n\u1ed5i ti\u1ebfng v\u1edbi nh\u1eefng m\u00e0n tr\u00ecnh di\u1ec5n nh\u1ea3y m\u00e0 ch\u1ec9 c\u00f3 nh\u1eefng ch\u00e0ng trai c\u00f9ng cao tr\u00ean 1m8 v\u00e0 th\u00e2n h\u00ecnh s\u0103n ch\u1eafc m\u1edbi c\u00f3 th\u1ec3 th\u1ef1c hi\u1ec7n \u0111\u01b0\u1ee3c. Ngo\u00e0i ra, c\u00e1c ki\u1ec3u v\u0169 \u0111\u1ea1o c\u0169ng \u0111\u01b0\u1ee3c thay \u0111\u1ed5i li\u00ean t\u1ee5c theo c\u00e1c b\u00e0i h\u00e1t m\u00e0 h\u1ecd qu\u1ea3ng b\u00e1. VIXX th\u1ef1c hi\u1ec7n tr\u01a1n tru t\u1eeb lo\u1ea1i \u0111\u1ed9ng t\u00e1c d\u1ec5 th\u01b0\u01a1ng, m\u1ea1nh m\u1ebd \u0111\u1ebfn uy\u1ec3n chuy\u1ec3n. H\u1ecd th\u1eadt s\u1ef1 l\u00e0 nh\u1eefng th\u1ea7n t\u01b0\u1ee3ng c\u00f3 kh\u1ea3 n\u0103ng v\u0169 \u0111\u1ea1o r\u1ea5t gi\u1ecfi.\r\n<h3>9\/ Nh\u00f3m\u00a0SHINee<\/h3>\r\n<img class=\"aligncenter size-full wp-image-83136\" src=\"https:\/\/big.vn\/wp-content\/uploads\/2017\/08\/bxh-cac-nhom-nhac-kpop-co-vu-dao-dep-nhat-hien-nay-9.jpg\" alt=\"BXH c\u00e1c nh\u00f3m nh\u1ea1c KPOP c\u00f3 v\u0169 \u0111\u1ea1o \u0111\u1eb9p nh\u1ea5t hi\u1ec7n nay ph\u1ea7n 9\" width=\"500\" height=\"347\" \/>\r\n\r\nV\u0169 \u0111\u1ea1o c\u1ee7a SHINee l\u00fac n\u00e0o c\u0169ng c\u00f3 \u0111\u1ed9 kh\u00f3 cao v\u00e0 h\u1ea7u nh\u01b0 ch\u1ec9 c\u00f3 m\u00ecnh SHINee th\u1ef1c hi\u1ec7n \u0111\u01b0\u1ee3c. Fan Kpop \u0111\u00f9a r\u1eb1ng c\u00e1c bi\u00ean \u0111\u1ea1o c\u1ee7a SHINee c\u00f3 th\u1ec3 ch\u1ec9 l\u00e0m vi\u1ec7c cho m\u00ecnh nh\u00f3m nh\u1ea1c nh\u00e0 SM n\u00e0y v\u00ec nh\u1eefng \u0111\u1ed9ng t\u00e1c m\u00e0 h\u1ecd ngh\u0129 ra ch\u1ec9 c\u00f3 SHINee ph\u00f9 h\u1ee3p. Kh\u00f4ng c\u00f3 nh\u00f3m nh\u1ea1c hay nh\u00f3m nh\u1ea3y n\u00e0o \u0111\u1ee7 \u201cn\u0103ng l\u1ef1c\u201d \u0111\u1ec3 cover l\u1ea1i v\u0169 \u0111\u1ea1o c\u1ee7a SHINee m\u1ed9t c\u00e1ch ho\u00e0n h\u1ea3o.\r\n<p class=\"\"><em>Khi v\u0169 \u0111\u1ea1o \u0111\u00e3 tr\u1edf th\u00e0nh y\u1ebfu t\u1ed1 g\u1ea7n nh\u01b0 kh\u00f4ng th\u1ec3 thi\u1ebfu v\u1eafng trong c\u00e1c ph\u1ea7n tr\u00ecnh di\u1ec5n c\u1ee7a th\u1ea7n t\u01b0\u1ee3ng, y\u00eau c\u1ea7u c\u1ee7a fan \u0111\u1ed1i v\u1edbi nh\u1eefng \u0111\u1ed9ng t\u00e1c ph\u1ee5 h\u1ecda cho ca kh\u00fac theo \u0111\u00f3 c\u0169ng ng\u00e0y m\u1ed9t cao l\u00ean. M\u1edbi \u0111\u00e2y, fan \u0111\u00e3 c\u00f9ng nhau t\u1ed5 ch\u1ee9c m\u1ed9t cu\u1ed9c b\u00ecnh ch\u1ecdn nh\u1eb1m t\u00ecm ra nh\u1eefng boygroup s\u1edf h\u1eefu v\u0169 \u0111\u1ea1o nh\u00f3m (ki\u1ec3u v\u0169 \u0111\u1ea1o \u0111\u1ec1u t\u0103m t\u1eafp \u0111\u01b0\u1ee3c c\u00e1c th\u00e0nh vi\u00ean th\u1ef1c hi\u1ec7n \u0111\u1ed3ng b\u1ed9) \u0111\u1ec9nh nh\u1ea5t v\u00e0 \u0111\u1eb9p m\u1eaft nh\u1ea5t tr\u00ean \u0111\u1ea5u tr\u01b0\u1eddng Kpop. V\u1edbi th\u00f4ng tin v\u1ec1 danh s\u00e1ch nh\u1eefng nh\u00f3m nh\u1ea1c Nam c\u00f3 v\u0169 \u0111\u1ea1o \u0111\u1eb9p nh\u1ea5t H\u00e0n Qu\u1ed1c n\u0103m 2017 tr\u00ean \u0111\u00e2y, ch\u00fac b\u1ea1n s\u1ebd c\u00f3 th\u00eam \u0111\u01b0\u1ee3c nh\u1eefng th\u00f4ng tin th\u00fa v\u1ecb xem th\u00eam tin t\u1ee9c KPOP \u1edf \u0111\u00e2y.<\/em><\/p>"}