{"title":"C\u00e1ch l\u00e0m b\u00e1nh b\u00f4ng lan cam h\u1ea1nh nh\u00e2n ngon \u0111\u01a1n gi\u1ea3n ngay t\u1ea1i nh\u00e0","categories":["N\u1ea5u \u0103n"],"tags":["b\u00e1nh cam h\u1ea1nh nh\u00e2n","c\u00e1ch l\u00e0m b\u00e1nh cam h\u1ea1nh nh\u00e2n","C\u00e1ch l\u00e0m b\u00e1nh cam h\u1ea1nh nh\u00e2n ngon","C\u00e1ch l\u00e0m b\u00e1nh cam h\u1ea1nh nh\u00e2n t\u1ea1i nh\u00e0"],"featureImage":"https:\/\/big.vn\/wp-content\/uploads\/2017\/08\/cach-lam-banh-cam-hanh-nhan-ngay-tai-nha-hinh-3.jpg","excerpt":"<strong>B\u00e1nh b\u00f4ng lan<\/strong> l\u00e0 m\u1ed9t m\u00f3n \u0103n nh\u1eb9 y\u00eau th\u00edch c\u1ee7a nhi\u1ec1u ng\u01b0\u1eddi u\u1ed1ng k\u00e8m theo m\u1ed9t c\u1ed1c tr\u00e0 ho\u1eb7c m\u1ed9t c\u1ed1c s\u1eefa v\u00e0o c\u00e1c bu\u1ed5i \u0103n nh\u1eb9 th\u00ec c\u00f2n g\u00ec tuy\u1ec7t v\u1eddi b\u1eb1ng. B\u00e1nh b\u00f4ng lan c\u00f3 nhi\u1ec1u h\u01b0\u01a1ng v\u1ecb kh\u00e1c nhau h\u00f4m nay ch\u00fang t\u00f4i s\u1ebd c\u00f9ng v\u1edbi b\u1ea1n th\u1ef1c hi\u1ec7n <span style=\"color: #ff0000;\"><strong>b\u00e1nh cam h\u1ea1","slug":"cach-lam-banh-bong-lan-cam-hanh-nhan-ngon-don-gian-ngay-tai-nha","content":"<img class=\"aligncenter size-full wp-image-83143\" src=\"https:\/\/big.vn\/wp-content\/uploads\/2017\/08\/cach-lam-banh-cam-hanh-nhan-ngay-tai-nha-hinh-1.jpg\" alt=\"C\u00e1ch l\u00e0m b\u00e1nh cam h\u1ea1nh nh\u00e2n ngay t\u1ea1i nh\u00e0 h\u00ecnh 1\" width=\"640\" height=\"427\" \/>\r\n\r\nH\u00f4m nay big.vn v\u00e0o b\u1ebfp c\u00f9ng b\u1ea1n th\u1ef1c hi\u1ec7n <strong><span style=\"color: #ff0000;\">c\u00e1ch l\u00e0m m\u00f3n b\u00e1nh b\u00f4ng lan cam h\u1ea1nh nh\u00e2n<\/span><\/strong> ngay t\u1ea1i nh\u00e0 cho gia \u0111\u00ecnh b\u1ea1n c\u00f9ng th\u01b0\u1edfng th\u1ee9c\r\n<h3>Nguy\u00ean li\u1ec7u l\u00e0m b\u00e1nh cam h\u1ea1nh nh\u00e2n<\/h3>\r\n<h4>Ph\u1ea7n c\u1ed1t b\u00e1nh:<\/h4>\r\n<ol>\r\n \t<li>1 qu\u1ea3 cam.<\/li>\r\n \t<li>3 qu\u1ea3 tr\u1ee9ng g\u00e0.<\/li>\r\n \t<li>100gr \u0111\u01b0\u1eddng.<\/li>\r\n \t<li>5gr baking powder.<\/li>\r\n \t<li>115gr b\u1ed9t h\u1ea1nh nh\u00e2n.<\/li>\r\n<\/ol>\r\n<h4>Ph\u1ea7n ph\u1ee7:<\/h4>\r\n<ol>\r\n \t<li>N\u01b0\u1edbc cam lu\u1ed9c.<\/li>\r\n \t<li>100gr \u0111\u01b0\u1eddng b\u1ed9t.<\/li>\r\n \t<li>1 th\u00eca cam xay.<\/li>\r\n<\/ol>\r\n<h3>D\u1ee5ng c\u1ee5 l\u00e0m b\u00e1nh cam h\u1ea1nh nh\u00e2n<\/h3>\r\n<ol>\r\n \t<li>T\u00f4.<\/li>\r\n \t<li>N\u1ed3i.<\/li>\r\n \t<li>Dao.<\/li>\r\n \t<li>M\u00e1y xay sinh t\u1ed1.<\/li>\r\n \t<li>M\u00e1y \u0111\u00e1nh tr\u1ee9ng.<\/li>\r\n \t<li>C\u1ecd ph\u1ebft.<\/li>\r\n \t<li>Khu\u00f4n n\u01b0\u1edbng.<\/li>\r\n \t<li>L\u00f2 n\u01b0\u1edbng.<\/li>\r\n \t<li>Gi\u1ea5y n\u1ebfn.<\/li>\r\n<\/ol>\r\n<h3>C\u00e1ch l\u00e0m b\u00e1nh cam h\u1ea1nh nh\u00e2n<\/h3>\r\n<h4>B\u01b0\u1edbc 1: S\u01a1 ch\u1ebf nguy\u00ean li\u1ec7u<\/h4>\r\n\u2013 Cam r\u1eeda s\u1ea1ch r\u1ed3i cho v\u00e0o n\u1ed3i n\u01b0\u1edbc, lu\u1ed9c m\u1ec1m.\r\n\r\n\u2013 Cam lu\u1ed9c m\u1ec1m th\u00ec v\u1edbt ra, b\u1ed5 m\u00fai cau r\u1ed3i cho v\u00e0o m\u00e1y xay sinh t\u1ed1, xay nhuy\u1ec5n.\r\n<h4>B\u01b0\u1edbc 2: Ti\u1ebfn h\u00e0nh l\u00e0m b\u00e1nh cam h\u1ea1nh nh\u00e2n<\/h4>\r\n<img class=\"aligncenter size-full wp-image-83145\" src=\"https:\/\/big.vn\/wp-content\/uploads\/2017\/08\/cach-lam-banh-cam-hanh-nhan-ngay-tai-nha-hinh-2.jpg\" alt=\"C\u00e1ch l\u00e0m b\u00e1nh cam h\u1ea1nh nh\u00e2n ngay t\u1ea1i nh\u00e0 h\u00ecnh 2\" width=\"640\" height=\"360\" \/>\r\n\r\n\u2013 Cho tr\u1ee9ng g\u00e0 v\u00e0 \u0111\u01b0\u1eddng v\u00e0o 1 c\u00e1i t\u00f4 l\u1edbn, sau \u0111\u00f3 d\u00f9ng m\u00e1y \u0111\u00e1nh tr\u1ee9ng \u0111\u1ec3 \u0111\u00e1nh cho h\u1ed7n h\u1ee3p b\u00f4ng m\u1ecbn.\r\n\r\n\u2013 Cho ti\u1ebfp v\u00e0o h\u1ed7n h\u1ee3p tr\u1ee9ng v\u1eeba \u0111\u00e1nh baking powder v\u00e0 h\u1ed7n h\u1ee3p cam \u0111\u00e3 xay \u1edf b\u01b0\u1edbc 2 r\u1ed3i d\u00f9ng m\u00e1y \u0111\u00e1nh tr\u1ee9ng \u0111\u1ec3 tr\u1ed9n \u0111\u1ec1u c\u00e1c ph\u1ea7n nguy\u00ean li\u1ec7u.\r\n\r\n\u2013 Cho ti\u1ebfp 115gr b\u1ed9t h\u1ea1nh nh\u00e2n v\u00e0o t\u00f4 h\u1ed7n h\u1ee3p \u1edf b\u01b0\u1edbc 4 r\u1ed3i ti\u1ebfp t\u1ee5c d\u00f9ng m\u00e1y \u0111\u00e1nh tr\u1ee9ng \u0111\u1ec3 \u0111\u00e1n \u0111\u1ec1u.\r\n\r\n\u2013 Tr\u00fat h\u1ed7n h\u1ee3p b\u1ed9t \u1edf b\u01b0\u1edbc 5 v\u00e0o khu\u00f4n n\u01b0\u1edbng \u0111\u00e3 l\u00f3t s\u1eb5n gi\u1ea5y n\u1ebfn. Sau \u0111\u00f3 \u0111\u1eb7t khu\u00f4n b\u1ed9t n\u00e0y v\u00e0o l\u00f2, n\u01b0\u1edbng \u1edf nhi\u1ec7t \u0111\u1ed9 200 \u0111\u1ed9 C trong v\u00f2ng 30 ph\u00fat.\r\n\r\n\u2013 \u0110\u1ec3 b\u00e1nh ng\u1ea5m v\u1ecb v\u00e0 d\u1eady h\u01b0\u01a1ng cam h\u01a1n, b\u1ea1n tr\u1ed9n \u0111\u1ec1<img class=\"aligncenter size-full wp-image-83146\" src=\"https:\/\/big.vn\/wp-content\/uploads\/2017\/08\/cach-lam-banh-cam-hanh-nhan-ngay-tai-nha-hinh-3.jpg\" alt=\"C\u00e1ch l\u00e0m b\u00e1nh cam h\u1ea1nh nh\u00e2n ngay t\u1ea1i nh\u00e0 h\u00ecnh 3\" width=\"600\" height=\"399\" \/>\r\n\r\n\u2013 Sau \u0111\u00f3 d\u00f9ng c\u1ecd ph\u1ebft h\u1ed7n h\u1ee3p n\u01b0\u1edbc n\u00e0y l\u00ean chi\u1ebfc b\u00e1nh \u0111\u00e3 n\u01b0\u1edbng.\r\n\r\n\u2013 R\u1eafc m\u1ed9t ch\u00fat \u0111\u01b0\u1eddng b\u1ed9t v\u00e0 x\u1ebfp \u00edt t\u00e9p cam l\u00ean m\u1eb7t b\u00e1nh \u0111\u00e3 n\u01b0\u1edbng \u0111\u1ec3 trang tr\u00ed l\u00e0 ho\u00e0n th\u00e0nh!\r\n\r\n<em><strong><span style=\"color: #ff0000;\">B\u00e1nh cam h\u1ea1nh nh\u00e2n<\/span><\/strong> s\u1ebd l\u00e0 s\u1ef1 l\u1ef1a ch\u1ecdn tuy\u1ec7t v\u1eddi c\u1ee7a b\u1ea1n khi mu\u1ed1n l\u00e0m m\u1ed9t m\u00f3n \u0103n nh\u1eb9 cho gia \u0111\u00ecnh b\u1ea1n. V\u1edbi v\u1ecf b\u00e1nh m\u1ec1m x\u1ed1p, v\u1ecb cam ng\u1ecdt ng\u00e0o, v\u00e0 b\u1ed9t h\u1ea1nh nh\u00e2n th\u01a1m ng\u1eady. Khi h\u00f2a tan v\u00e0o mi\u1ec7ng th\u00ec c\u00f2n g\u00ec tuy\u1ec7t b\u1eb1ng. Big.vn h\u1eb9n g\u1eb7p l\u1ea1i c\u00e1c b\u1ea1n \u1edf c\u00e1c m\u00f3n \u0103n ti\u1ebfp theo.<\/em>"}