{"title":"C\u00e1ch l\u00e0m b\u00e1nh b\u00f4ng lan n\u01b0\u1edbng tr\u00e1i c\u00e2y m\u00f3n m\u1edbi, kh\u1ea9u v\u1ecb m\u1edbi","categories":["N\u1ea5u \u0103n"],"tags":["b\u00e1nh b\u00f4ng lan n\u01b0\u1edbng tr\u00e1i c\u00e2y","c\u00e1ch l\u00e0m b\u00e1nh b\u00f4ng lan n\u01b0\u1edbng tr\u00e1i c\u00e2y \u0111\u01a1n gi\u1ea3n","c\u00e1ch l\u00e0m b\u00e1nh b\u00f4ng lan n\u01b0\u1edbng tr\u00e1i c\u00e2y ngon","C\u00e1ch l\u00e0m b\u00e1nh b\u00f4ng lan n\u01b0\u1edbng tr\u00e1i c\u00e2y v\u1eeba l\u1ea1 v\u1eeba ngon"],"featureImage":"https:\/\/big.vn\/wp-content\/uploads\/2017\/08\/banh-bong-lan-nuong-trai-cay-mon-moi-khau-vi-moi-hinh1.jpg","excerpt":"<strong>B\u00e1nh b\u00f4ng lan<\/strong> th\u00ec kh\u00f4ng ai kh\u00f4ng bi\u1ebft ph\u1ea3i kh\u00f4ng n\u00e0o,\u00a0l\u00e0 lo\u1ea1i b\u00e1nh \u0111\u01b0\u1ee3c nhi\u1ec1u ng\u01b0\u1eddi y\u00eau th\u00edch v\u00e0 th\u00f4ng d\u1ee5ng trong c\u00e1c m\u00f3n tr\u00e1ng mi\u1ec7ng hay l\u00f3t d\u1ea1. N\u1ebfu b\u00e1nh \u0111\u01b0\u1ee3c ch\u1ebf bi\u1ebfn th\u00eam h\u01b0\u01a1ng v\u1ecb tr\u00e1i c\u00e2y t\u01b0\u01a1i nh\u01b0 \u0111\u00e0o hay d\u00e2u t\u00e2y m\u00e0 n\u01b0\u1edbng c\u00f9ng s\u1ebd l\u00e0m cho chi\u1ebfc b\u00e1nh th\u01a1m ngon v\u00e0 t\u01b0\u01a1i m\u00e1t h\u01a1n so v","slug":"cach-lam-banh-bong-lan-nuong-trai-cay-mon-moi-khau-vi-moi","content":"H\u00e3y c\u00f9ng Big.vn m\u1ea1nh d\u1ea1n \u0111\u1ed5i kh\u1ea9u v\u1ecb cho gia \u0111\u00ecnh m\u00ecnh c\u00f9ng<span style=\"color: #ff0000;\"><strong>\u00a0C\u00f4ng th\u1ee9c m\u00f3n b\u00e1nh b\u00f4ng lan n\u01b0\u1edbng tr\u00e1i<\/strong><\/span>\u00a0<strong><span style=\"color: #ff0000;\">c\u00e2y<\/span><\/strong> nh\u00e9 !\r\n\r\n<img class=\"aligncenter size-full wp-image-83163\" src=\"https:\/\/big.vn\/wp-content\/uploads\/2017\/08\/banh-bong-lan-nuong-trai-cay-mon-moi-khau-vi-moi-hinh1.jpg\" alt=\"B\u00e1nh b\u00f4ng lan n\u01b0\u1edbng tr\u00e1i c\u00e2y: m\u00f3n m\u1edbi, kh\u1ea9u v\u1ecb m\u1edbi h\u00ecnh 1\" width=\"640\" height=\"384\" \/>\r\n<h3>Nguy\u00ean li\u1ec7u l\u00e0m b\u00e1nh b\u00f4ng lan n\u01b0\u1edbng tr\u00e1i c\u00e2y v\u1eeba l\u1ea1 v\u1eeba ngon<\/h3>\r\n<ol>\r\n \t<li>\u00a01 \u1ed5 b\u00e1nh b\u00f4ng lan.<\/li>\r\n \t<li>\u00a01-2 qu\u1ea3 \u0111\u00e0o.<\/li>\r\n \t<li>\u00a05-6 qu\u1ea3 d\u00e2u t\u00e2y.<\/li>\r\n \t<li>B\u01a1 m\u1eb7n \u0111\u1ec3 m\u1ec1m \u1edf nhi\u1ec7t \u0111\u1ed9 ph\u00f2ng.<\/li>\r\n<\/ol>\r\n<img class=\"aligncenter size-full wp-image-83165\" src=\"https:\/\/big.vn\/wp-content\/uploads\/2017\/08\/banh-bong-lan-nuong-trai-cay-mon-moi-khau-vi-moi-hinh-3.jpg\" alt=\"B\u00e1nh b\u00f4ng lan n\u01b0\u1edbng tr\u00e1i c\u00e2y: m\u00f3n m\u1edbi, kh\u1ea9u v\u1ecb m\u1edbi h\u00ecnh 3\" width=\"640\" height=\"480\" \/>\r\n<h3>D\u1ee5ng c\u1ee5 l\u00e0m b\u00e1nh b\u00f4ng lan n\u01b0\u1edbng tr\u00e1i c\u00e2y v\u1eeba l\u1ea1 v\u1eeba ngon<\/h3>\r\n<ol>\r\n \t<li>\u00a0Dao.<\/li>\r\n \t<li>\u00a0B\u1ebfp n\u01b0\u1edbng BBQ (ho\u1eb7c b\u1ebfp than).<\/li>\r\n \t<li>\u00a0\u0110\u0129a.<\/li>\r\n \t<li>\u00a0Xi\u00ean tre.<\/li>\r\n<\/ol>\r\n<h3>C\u00e1ch l\u00e0m b\u00e1nh b\u00f4ng lan n\u01b0\u1edbng tr\u00e1i c\u00e2y v\u1eeba l\u1ea1 v\u1eeba ngon<\/h3>\r\n<h4>B\u01b0\u1edbc 1: S\u01a1 ch\u1ebf nguy\u00ean li\u1ec7u c\u00e1ch l\u00e0m b\u00e1nh b\u00f4ng lan n\u01b0\u1edbng tr\u00e1i c\u00e2y<\/h4>\r\nN\u1ebfu b\u1ea1n d\u00f9ng b\u1ebfp n\u01b0\u1edbng BBQ, h\u00e3y l\u00e0m n\u00f3ng l\u00f2 tr\u01b0\u1edbc v\u1edbi m\u1ee9c nhi\u1ec7t trung b\u00ecnh.\r\n<h4>B\u01b0\u1edbc 2: Ti\u1ebfn h\u00e0nh c\u00e1ch l\u00e0m b\u00e1nh b\u00f4ng lan n\u01b0\u1edbng tr\u00e1i c\u00e2y<\/h4>\r\nD\u00e2u t\u00e2y mua v\u1ec1 r\u1eeda s\u1ea1ch, sau \u0111\u00f3 xi\u00ean v\u00e0o xi\u00ean tre.\r\n\r\n<img class=\"aligncenter size-full wp-image-83167\" src=\"https:\/\/big.vn\/wp-content\/uploads\/2017\/08\/banh-bong-lan-nuong-trai-cay-mon-moi-khau-vi-moi-hinh-4.jpg\" alt=\"B\u00e1nh b\u00f4ng lan n\u01b0\u1edbng tr\u00e1i c\u00e2y: m\u00f3n m\u1edbi, kh\u1ea9u v\u1ecb m\u1edbi h\u00ecnh 4\" width=\"640\" height=\"425\" \/>\r\n\r\n\u0110\u00e0o b\u00f3c v\u1ecf, b\u1ecf h\u1ea1t v\u00e0 c\u1eaft mi\u1ebfng v\u1eeba \u0103n. Sau \u0111\u00f3 c\u00f9ng xi\u00ean v\u00e0o xi\u00ean tre.\r\n\r\nC\u1eaft b\u00e1nh b\u00f4ng lan th\u00e0nh nh\u1eefng l\u00e1t d\u00e0y v\u00e0 ph\u1ebft \u0111\u1ec1u b\u01a1 l\u00ean c\u1ea3 2 m\u1eb7t b\u00e1nh.\r\n<h4>B\u01b0\u1edbc 3: Ho\u00e0n th\u00e0nh m\u00f3n\u00a0l\u00e0m b\u00e1nh b\u00f4ng lan n\u01b0\u1edbng tr\u00e1i c\u00e2y<\/h4>\r\n\u0110\u1eb7t b\u00e1nh b\u00f4ng lan, d\u00e2u t\u00e2y v\u00e0 \u0111\u00e0o \u0111\u00e3 s\u01a1 ch\u1ebf l\u00ean v\u1ec9 n\u01b0\u1edbng\r\n\r\nSau \u0111\u00f3 n\u01b0\u1edbng cho \u0111\u1ebfn khi b\u00e1nh b\u00f4ng lan c\u00f3 m\u00e0u v\u00e0ng n\u00e2u \u0111\u1ec1u 2 m\u1eb7t l\u00e0 \u0111\u01b0\u1ee3c.\r\n\r\n<img class=\"aligncenter size-full wp-image-83168\" src=\"https:\/\/big.vn\/wp-content\/uploads\/2017\/08\/banh-bong-lan-nuong-trai-cay-mon-moi-khau-vi-moi-hinh-2.jpg\" alt=\"B\u00e1nh b\u00f4ng lan n\u01b0\u1edbng tr\u00e1i c\u00e2y: m\u00f3n m\u1edbi, kh\u1ea9u v\u1ecb m\u1edbi h\u00ecnh 2\" width=\"640\" height=\"425\" \/>\r\n\r\nL\u01b0u \u00fd: N\u1ebfu b\u1ea1n d\u00f9ng b\u1ebfp than \u0111\u1ec3 n\u01b0\u1edbng th\u00ec n\u00ean b\u1ecdc 1 l\u1edbp gi\u1ea5y b\u1ea1c l\u00ean v\u1ec9 n\u01b0\u1edbng \u0111\u1ec3 tr\u00e1nh b\u1ee5i than bay v\u00e0o b\u00e1nh v\u00e0 hoa qu\u1ea3 v\u00e0 lu\u00f4n ph\u1ea3i kh\u1ed1ng ch\u1ebf \u0111\u01b0\u1ee3c l\u1eeda, kh\u00f4ng \u0111\u1ec3 l\u1eeda qu\u00e1 ta tr\u00e1nh l\u00e0m b\u00e1nh v\u00e0 tr\u00e1i c\u00e2y b\u1ecb ch\u00e1y.\r\n\r\n<em>T\u1eebng c\u00e1i b\u00e1nh b\u00f4ng lan c\u1ed9ng th\u00eam tr\u00e1i qu\u1ea3 t\u01b0\u01a1i g\u1ea7n nh\u01b0 \u0111\u00e3 l\u00e0 m\u1ed9t t\u1eebng m\u00f3n qu\u00e1 th\u00e2n thu\u1ed9c v\u00e0 kh\u00f4ng m\u1ea5y m\u1edbi m\u1ebb. Nh\u01b0ng c\u00e1c b\u1ea1n \u0111\u00e3 th\u1eed<strong> m\u00f3n b\u00e1nh b\u00f4ng lan n\u01b0\u1edbng tr\u00e1i c\u00e2y<\/strong> ngon tuy\u1ec7t n\u00e0y ch\u01b0a. N\u1ebfu ch\u01b0a th\u00ec h\u00e3y c\u00f9ng b\u1eaft tay v\u00e0o l\u00e0m \u0111\u1ec3 th\u00eam v\u00e0o c\u00f4ng th\u1ee9c n\u1ea5u \u0103n c\u1ee7a gia \u0111\u00ecnh b\u1ea1n nh\u00e9.<\/em>\r\n\r\n&nbsp;"}