{"title":"H\u01b0\u1edbng d\u1eabn c\u00e1ch \u0111\u1eb7t t\u00ean cho con theo \u00e2m d\u01b0\u01a1ng ng\u0169 h\u00e0nh c\u1ef1c chu\u1ea9n","categories":["M\u1eb9 &amp; B\u00e9"],"tags":["\u0111\u1eb7t t\u00ean cho con","\u0111\u1eb7t t\u00ean cho con g\u00e1i","\u0111\u1eb7t t\u00ean cho con theo \u00e2m d\u01b0\u01a1ng ng\u0169 h\u00e0nh","\u0111\u1eb7t t\u00ean cho con theo phong th\u1ee7y","\u0111\u1eb7t t\u00ean cho con trai"],"featureImage":"https:\/\/big.vn\/wp-content\/uploads\/2018\/01\/dat-ten-cho-con-theo-am-duong-ngu-hanh.png","excerpt":"B\u00ean c\u1ea1nh nhu c\u1ea7u \u0111\u1eb7t t\u00ean cho con b\u1eb1ng ti\u1ebfng anh th\u00ec vi\u1ec7c <strong>\u0111\u1eb7t t\u00ean cho con theo \u00e2m d\u01b0\u01a1ng ng\u0169 h\u00e0nh<\/strong> c\u0169ng \u0111\u01b0\u1ee3c nhi\u1ec1u b\u1ed1 m\u1eb9 quan t\u00e2m. B\u1edfi theo quan ni\u1ec7m c\u1ee7a \u00f4ng b\u00e0 x\u01b0a, m\u1ed9t c\u00e1i t\u00ean \u0111\u1eb9p v\u00e0 thu\u1eadn kh\u00ed, h\u00f2a h\u1ee3p \u00e2m d\u01b0\u01a1ng kh\u00f4ng ch\u1ec9 \u0111em l\u1ea1i t\u00e2m l\u00fd may m\u1eafn cho cu\u1ed9c \u0111\u1eddi b\u00e9 m\u00e0 c\u00f2n \u1ea9n ch\u1ee9a trong \u0111\u00f3 ","slug":"huong-dan-cach-dat-ten-cho-con-theo-duong-ngu-hanh-cuc-chuan","content":"&nbsp;\r\n\r\nC\u0169ng theo quan ni\u1ec7m \u0111\u00f3, vi\u1ec7c sinh con \u0111\u1ebb c\u00e1i, duy tr\u00ec n\u00f2i gi\u1ed1ng l\u00e0 c\u00f4ng vi\u1ec7c tr\u1ecdng \u0111\u1ea1i. Do \u0111\u00f3, \u0111\u1ee9a tr\u1ebb sinh ra \u1eaft h\u1eb3n ph\u1ea3i \u0111\u01b0\u1ee3c \u0111\u1eb7t t\u00ean cho con theo \u00e2m d\u01b0\u01a1ng ng\u0169 h\u00e0nh cho thu\u1eadn \u00fd tr\u1eddi, v\u1edbi mong mu\u1ed1n, hy v\u1ecdng cu\u1ed9c s\u1ed1ng v\u1ec1 sau c\u1ee7a \u0111\u1ee9a tr\u1ebb s\u1ebd \u0111\u01b0\u1ee3c b\u00ecnh an, sung t\u00fac.\r\n\r\n[caption id=\"attachment_102867\" align=\"alignnone\" width=\"660\"]<img class=\"size-full wp-image-102867\" src=\"https:\/\/big.vn\/wp-content\/uploads\/2018\/01\/dat-ten-cho-con-theo-am-duong-ngu-hanh.png\" alt=\"\u0111\u1eb7t t\u00ean cho con theo \u00e2m d\u01b0\u01a1ng ng\u0169 h\u00e0nh\" width=\"660\" height=\"440\" \/> \u0110\u1eb7t t\u00ean cho b\u00e9 theo \u00e2m d\u01b0\u01a1ng ng\u0169 h\u00e0nh. \u1ea2nh: Internet[\/caption]\r\n\r\n\u00c2m d\u01b0\u01a1ng ng\u0169 h\u00e0nh ch\u1ee7 y\u1ebfu nghi\u00ean c\u1ee9u v\u1ec1 c\u00e1c qui lu\u1eadt t\u01b0\u01a1ng t\u00e1c c\u1ee7a thi\u00ean nhi\u00ean. Theo \u0111\u00f3 \u00e2m d\u01b0\u01a1ng l\u00e0 2 y\u1ebfu t\u1ed1 Phong (gi\u00f3) v\u00e0 Th\u1ee7y (n\u01b0\u1edbc) g\u1eafn ch\u00fang v\u1edbi 5 y\u1ebfu t\u1ed1 c\u01a1 b\u1ea3n g\u1ecdi l\u00e0 ng\u0169 h\u00e0nh g\u1ed3m Kim, Th\u1ee7y, M\u1ed9c, H\u1ecfa, Th\u1ed5.\r\n\r\nSau \u0111\u00f3 \u1ee9ng d\u1ee5ng \u00e2m d\u01b0\u01a1ng ng\u0169 h\u00e0nh v\u00e0o \u0111\u1ec3 suy x\u00e9t, gi\u1ea3i \u0111o\u00e1n v\u00e0 \u0111\u00e1nh gi\u00e1 nh\u1eefng t\u01b0\u01a1ng t\u00e1c gi\u1eefa c\u00e1c y\u1ebfu t\u1ed1 trong cu\u1ed9c s\u1ed1ng, gi\u1eefa ng\u01b0\u1eddi v\u1edbi ng\u01b0\u1eddi v\u00e0 gi\u1eefa ng\u01b0\u1eddi v\u1edbi v\u1ea1n v\u1eadt.\r\n\r\n\u00c2m d\u01b0\u01a1ng ng\u0169 h\u00e0nh ngo\u00e0i nghi\u00ean c\u1ee9u v\u1ec1 nh\u00e0 c\u1eeda, gi\u1edd gi\u1ea5c, cung ho\u00e0ng \u0111\u1ea1o... th\u00ec c\u0169ng \u0111\u01b0\u1ee3c d\u00f9ng \u0111\u1ec3 \u1ee9ng d\u1ee5ng r\u1ea5t nhi\u1ec1u trong c\u00e1ch \u0111\u1eb7t t\u00ean.\r\n\r\n[caption id=\"attachment_102869\" align=\"alignnone\" width=\"660\"]<img class=\"size-full wp-image-102869\" src=\"https:\/\/big.vn\/wp-content\/uploads\/2018\/01\/ung-dung-ngu-hanh-de-dat-ten-cho-be.jpg\" alt=\"b\u00e9 g\u00e1i s\u01a1 sinh \u0111\u00e1ng y\u00eau\" width=\"660\" height=\"440\" \/> \u1ee8ng d\u1ee5ng \u00e2m d\u01b0\u01a1ng ng\u0169 h\u00e0nh \u0111\u1ec3 \u0111\u1eb7t t\u00ean cho b\u00e9. \u1ea2nh: Internet[\/caption]\r\n<h2>1. H\u01b0\u1edbng d\u1eabn c\u00e1ch \u0111\u1eb7t t\u00ean cho con theo \u00e2m d\u01b0\u01a1ng ng\u0169 h\u00e0nh<\/h2>\r\nKhi \u0111\u1eb7t t\u00ean cho con theo \u00e2m d\u01b0\u01a1ng ng\u0169 h\u00e0nh th\u00ec t\u00ean ph\u1ea3i \u0111\u1ea3m b\u1ea3o 3 ph\u1ea7n ch\u00ednh l\u00e0: H\u1ecd, \u0111\u1ec7m v\u00e0 t\u00ean. 3 ph\u1ea7n n\u00e0y s\u1ebd \u0111\u1ea1i di\u1ec7n cho Thi\u00ean \u2013 \u0110\u1ecba \u2013 Nh\u00e2n.\r\n<ul>\r\n \t<li>Thi\u00ean: H\u1ecd: T\u1ee9c l\u00e0 g\u1ed1c r\u1ec5 \u0111\u01b0\u1ee3c truy\u1ec1n th\u1eeba t\u1eeb d\u00f2ng h\u1ecd.<\/li>\r\n \t<li>\u0110\u1ecba: \u0110\u1ec7m: T\u1ee9c l\u00e0 y\u1ebfu t\u1ed1 h\u1eadu thi\u00ean h\u1ed7 tr\u1ee3 cho b\u1ea3n m\u1ec7nh.<\/li>\r\n \t<li>Nh\u00e2n: T\u00ean: T\u1ee9c l\u00e0 y\u1ebfu t\u1ed1 c\u1ee7a ch\u00ednh b\u1ea3n th\u00e2n ng\u01b0\u1eddi \u0111\u01b0\u1ee3c \u0111\u1eb7t t\u00ean.<\/li>\r\n<\/ul>\r\nThi\u00ean \u2013 \u0110\u1ecba \u2013 Nh\u00e2n trong m\u1ed9t c\u00e1i t\u00ean ph\u1ea3i ph\u1ed1i h\u1ee3p c\u00f9ng n\u1eb1m trong th\u1ebf t\u01b0\u01a1ng sinh, k\u1ef5 t\u01b0\u01a1ng kh\u1eafc, c\u00e2n b\u1eb1ng v\u1ec1 ng\u0169 h\u00e0nh.\r\n\r\nTrong ng\u0169 h\u00e0nh th\u00ec thuy\u1ebft t\u01b0\u01a1ng sinh t\u01b0\u01a1ng kh\u1eafc r\u1ea5t \u0111\u01b0\u1ee3c ch\u00fa tr\u1ecdng. T\u01b0\u01a1ng sinh l\u00e0 m\u1ed9t v\u1eadt th\u00fac \u0111\u1ea9y v\u1eadt kh\u00e1c ph\u00e1t tri\u1ec3n v\u00e0 ng\u01b0\u1ee3c l\u1ea1i, t\u01b0\u01a1ng kh\u00e1c l\u00e0 m\u1ed9t v\u1eadt k\u00ecm h\u00e3m, kh\u1eafc ch\u1ebf s\u1ef1 ph\u00e1t tri\u1ec3n c\u1ee7a v\u1eadt kh\u00e1c.\r\n\r\n[caption id=\"attachment_102870\" align=\"alignnone\" width=\"660\"]<img class=\"size-full wp-image-102870\" src=\"https:\/\/big.vn\/wp-content\/uploads\/2018\/01\/tuong-sinh-tuong-khac.jpg\" alt=\"ng\u0169 h\u00e0nh t\u01b0\u01a1ng sinh t\u01b0\u01a1ng kh\u1eafc\" width=\"660\" height=\"440\" \/> Thuy\u1ebft t\u01b0\u01a1ng sinh t\u01b0\u01a1ng kh\u1eafc trong ng\u0169 h\u00e0nh. \u1ea2nh: Internet[\/caption]\r\n\r\nThuy\u1ebft t\u01b0\u01a1ng sinh t\u01b0\u01a1ng kh\u1eafc s\u1ebd theo quy lu\u1eadt M\u1ed9c sinh H\u1ecfa, H\u1ecfa sinh Th\u1ed5, Th\u1ed5 sinh Kim, Kim sinh Th\u1ee7y, Th\u1ee7y sinh M\u1ed9c. V\u00e0 ng\u01b0\u1ee3c l\u1ea1i, Th\u1ee7y kh\u1eafc H\u1ecfa, H\u1ecfa kh\u1eafc Kim, Kim kh\u1eafc M\u1ed9c, M\u1ed9c kh\u1eafc Th\u1ed5, Th\u1ed5 kh\u1eafc Th\u1ee7y l\u00e0 ng\u0169 h\u00e0nh t\u01b0\u01a1ng kh\u1eafc.\r\n\r\nV\u00ed d\u1ee5 nh\u01b0 Thi\u00ean = M\u1ed9c, \u0110\u1ecba = Ho\u1ea3, Nh\u00e2n = Th\u1ed5 t\u1ea1o th\u00e0nh th\u1ebf M\u1ed9c sinh Ho\u1ea3, Ho\u1ea3 sinh Th\u1ed5, Th\u1ed5 sinh Kim. N\u1ebfu Thi\u00ean = M\u1ed9c, \u0110\u1ecba = Th\u1ed5, Nh\u00e2n = Thu\u1ef7 t\u1ea1o th\u00e0nh th\u1ebf t\u01b0\u01a1ng kh\u1eafc l\u00e0 r\u1ea5t x\u1ea5u.\r\n\r\nNgo\u00e0i ra, \u0111\u1ec3 c\u00e2n b\u1eb1ng v\u1ec1 m\u1eb7t \u00e2m d\u01b0\u01a1ng th\u00ec theo c\u00e1ch \u0111\u1eb7t t\u00ean c\u0169ng quy \u01b0\u1edbc: nh\u1eefng v\u1ea7n huy\u1ec1n, b\u1eb1ng s\u1ebd thu\u1ed9c \u00c2m v\u00e0 nh\u1eefng v\u1ea7n tr\u1eafc nh\u01b0 s\u1eafc, h\u1ecfi, ng\u00e3, n\u1eb7ng thu\u1ed9c D\u01b0\u01a1ng. Do \u0111\u00f3, khi \u0111\u1eb7t t\u00ean ph\u1ea3i ch\u1ecdn nh\u1eefng c\u00e1i t\u00ean h\u00e0i h\u00f2a v\u1ec1 ng\u1eef \u0111i\u1ec7u.\r\n\r\nV\u00ed d\u1ee5: T\u00ean Th\u00e1i Ph\u00fa Qu\u1ed1c c\u00f3 qu\u00e1 nhi\u1ec1u v\u1ea7n tr\u1eafc \u0111\u01b0\u1ee3c xem l\u00e0 D\u01b0\u01a1ng c\u01b0\u1eddng, \u00c2m nh\u01b0\u1ee3c n\u00ean lu\u1eadn l\u00e0 x\u1ea5u. T\u00ean Th\u00e1i Ph\u00fa Minh lu\u1eadn l\u00e0 \u00c2m D\u01b0\u01a1ng c\u00e2n b\u1eb1ng n\u00ean t\u1ed1t h\u01a1n.\r\n\r\nNgo\u00e0i ra, khi \u0111\u1eb7t t\u00ean cho con theo \u00e2m d\u01b0\u01a1ng ng\u0169 h\u00e0nh ph\u1ea3i \u0111\u1ea3m b\u1ea3o y\u1ebfu t\u1ed1 h\u1ed7 tr\u1ee3 cho b\u1ea3n m\u1ec7nh. V\u00ed d\u1ee5, b\u1ea3n m\u1ec7nh trong T\u1ee9 Tr\u1ee5 thi\u1ebfu h\u00e0nh Thu\u1ef7 th\u00ec t\u00ean ph\u1ea3i thu\u1ed9c Thu\u1ef7 \u0111\u1ec3 b\u1ed5 tr\u1ee3.\r\n\r\n[caption id=\"attachment_102871\" align=\"alignnone\" width=\"660\"]<img class=\"size-full wp-image-102871\" src=\"https:\/\/big.vn\/wp-content\/uploads\/2018\/01\/dat-ten-chon-con-theo-am-duong-ngu-hanh-phai-hoa-hop.jpg\" alt=\"b\u00e9 g\u00e1i s\u01a1 sinh c\u00e0i b\u0103ng \u0111\u00f4 hoa tr\u00ean \u0111\u1ea7u\" width=\"660\" height=\"440\" \/> \u0110\u1eb7t t\u00ean cho con ph\u1ea3i h\u00f2a h\u1ee3p v\u1edbi b\u1ed1 m\u1eb9. \u1ea2nh: Internet[\/caption]\r\n\r\nH\u01a1n n\u1eefa, t\u00ean \u0111\u01b0\u1ee3c \u0111\u1eb7t c\u1ea7n ph\u1ea3i h\u1ee3p v\u1edbi b\u1ed1 m\u1eb9 theo th\u1ebf t\u01b0\u01a1ng sinh, tr\u00e1nh t\u01b0\u01a1ng kh\u1eafc. V\u00ed d\u1ee5: B\u1ed1 m\u1ec7nh Th\u1ee7y, m\u1eb9 m\u1ec7nh H\u1ecfa c\u00f3 th\u1ec3 ch\u1ecdn t\u00ean cho con m\u1ec7nh M\u1ed9c ho\u1eb7c m\u1ec7nh Th\u1ed5 \u0111\u1ec3 gia \u0111\u00ecnh \u00edt to ti\u1ebfng, kh\u1eafc kh\u1ea9u, c\u00e3i nhau.\r\n<h2>2. Nh\u1eefng \u0111i\u1ec1u c\u1ea7n l\u01b0u \u00fd trong vi\u1ec7c \u0111\u1eb7t t\u00ean cho con theo \u00e2m d\u01b0\u01a1ng ng\u0169 h\u00e0nh<\/h2>\r\nMu\u1ed1n \u0111\u1eb7t t\u00ean cho con theo \u00e2m d\u01b0\u01a1ng ng\u0169 h\u00e0nh, b\u1ed1 m\u1eb9 c\u1ea7n l\u01b0u \u00fd m\u1ed9t s\u1ed1 \u0111i\u1ec1u sau:\r\n<ul>\r\n \t<li>T\u00ean \u0111\u01b0\u1ee3c \u0111\u1eb7t ph\u1ea3i ph\u00f9 h\u1ee3p v\u1edbi truy\u1ec1n th\u1ed1ng c\u1ee7a d\u00f2ng h\u1ecd. Con ch\u00e1u ph\u1ea3i k\u1ebf th\u1eeba v\u00e0 ph\u00e1t huy \u0111\u01b0\u1ee3c nh\u1eefng truy\u1ec1n th\u1ed1ng c\u1ee7a t\u1ed5 ti\u00ean gia t\u1ed9c. Trong c\u00f9ng m\u1ed9t ph\u1ea3 h\u1ec7, nh\u1eefng ng\u01b0\u1eddi c\u00f9ng m\u1ed9t t\u1ed5, m\u1ed9t chi ph\u1ea3i mang c\u00f9ng m\u1ed9t h\u1ecd th\u1eadm ch\u00ed l\u00e0 ch\u1eef \u0111\u1ec7m gi\u1ed1ng nhau v\u1edbi \u00fd ngh\u0129a mang t\u00ednh k\u1ebf th\u1eeba nh\u01b0 V\u0169 Kh\u1eafc, Nguy\u1ec5n \u0110\u1ee9c, T\u00f4n N\u1eef...<\/li>\r\n \t<li>T\u00ean \u0111\u01b0\u1ee3c \u0111\u1eb7t tr\u00ean c\u01a1 s\u1edf t\u00f4n tr\u1ecdng \u00f4ng cha c\u1ee7a m\u00ecnh b\u1eb1ng c\u00e1ch tr\u00e1nh \u0111\u1eb7t tr\u00ean tr\u00f9ng v\u1edbi t\u00ean \u00f4ng b\u00e0 \u0111\u00e3 c\u00f3 tr\u01b0\u1edbc \u0111\u00f3.<\/li>\r\n<\/ul>\r\n[caption id=\"attachment_102872\" align=\"alignnone\" width=\"660\"]<img class=\"size-full wp-image-102872\" src=\"https:\/\/big.vn\/wp-content\/uploads\/2018\/01\/khong-dat-ten-be-trung-voi-ten-ong-ba.jpg\" alt=\"b\u00e9 g\u00e1i \u0111\u00e1ng y\u00eau m\u00fat tay\" width=\"660\" height=\"440\" \/> \u0110\u1eb7t t\u00ean cho b\u00e9 tr\u00e1nh \u0111\u1eb7t tr\u00f9ng v\u1edbi t\u00ean \u00f4ng b\u00e0 tr\u01b0\u1edbc \u0111\u00f3. \u1ea2nh: Internet[\/caption]\r\n<ul>\r\n \t<li>Khi \u0111\u1eb7t t\u00ean cho con theo \u00e2m d\u01b0\u01a1ng ng\u0169 h\u00e0nh, ph\u1ea3i ch\u1ecdn cho b\u00e9 nh\u1eefng t\u00ean c\u00f3 \u00fd ngh\u0129a g\u1ee3i l\u00ean s\u1ef1 cao \u0111\u1eb9p, \u00fd ch\u00ed, kh\u00e1t v\u1ecdng m\u1ea1nh m\u1ebd hay t\u00f4n vinh nh\u1eefng \u0111\u1ee9c t\u00ednh, nh\u1eefng n\u00e9t \u0111\u1eb9p c\u1ee7a con ng\u01b0\u1eddi.<\/li>\r\n \t<li>Ch\u1ecdn t\u00ean cho con theo \u00e2m d\u01b0\u01a1ng ng\u0169 h\u00e0nh c\u1ea7n tr\u00e1nh nh\u1eefng c\u00e1i t\u00ean mang h\u00e0m \u00fd, ng\u1eef ngh\u0129a x\u1ea5u ho\u1eb7c nh\u1eefng t\u1eeb g\u1ee3i l\u00ean s\u1ef1 tr\u1eafc tr\u1edf, b\u1ea5t tr\u1eafc trong cu\u1ed9c s\u1ed1ng.<\/li>\r\n<\/ul>\r\nM\u1eb7c d\u00f9 cho \u0111\u1ebfn hi\u1ec7n nay, v\u1eabn ch\u01b0a c\u00f3 ch\u1ee9ng minh th\u1ef1c t\u1ebf n\u00e0o v\u1ec1 vi\u1ec7c <strong>\u0111\u1eb7t t\u00ean cho con theo \u00e2m d\u01b0\u01a1ng ng\u0169 h\u00e0nh<\/strong> th\u00ec cu\u1ed9c \u0111\u1eddi c\u1ee7a tr\u1ebb s\u1ebd thu\u1eadn bu\u1ed3m xu\u00f4i gi\u00f3, b\u00ecnh an, h\u1ea1nh ph\u00fac. Nh\u01b0ng b\u1ea1n h\u00e3y tin r\u1eb1ng, m\u1ed9t c\u00e1i t\u00ean hay, mang nhi\u1ec1u \u00fd ngh\u0129a c\u1ed9ng v\u1edbi vi\u1ec7c gi\u00e1o d\u1ee5c t\u1ed1t v\u00e0 s\u1ef1 c\u1ed1 g\u1eafng c\u1ee7a b\u1ea3n th\u00e2n th\u00ec cu\u1ed9c \u0111\u1eddi c\u1ee7a \u0111\u1ee9a tr\u1ebb \u0111\u00f3 ch\u1eafc ch\u1eafn s\u1ebd \u0111\u01b0\u1ee3c b\u00ecnh an, nh\u01b0 \u00fd.\r\n<p style=\"text-align: right;\"><strong>Ng\u1ecdc Ho\u00e0i t\u1ed5ng h\u1ee3p<\/strong><\/p>"}