{"title":"C\u00e1ch l\u00e0m b\u00e1nh bar chanh ngon \u0111\u01a1n gi\u1ea3n ngay t\u1ea1i nh\u00e0","categories":["N\u1ea5u \u0103n"],"tags":["b\u00e1nh bar","b\u00e1nh bar chanh","C\u00e1ch l\u00e0m b\u00e1nh bar chanh","C\u00e1ch l\u00e0m b\u00e1nh bar chanh \u0111\u01a1n gi\u1ea3n","C\u00e1ch l\u00e0m b\u00e1nh bar chanh ngon","C\u00e1ch l\u00e0m b\u00e1nh bar chanh t\u1ea1i nh\u00e0"],"featureImage":"https:\/\/big.vn\/wp-content\/uploads\/2017\/08\/cach-lam-banh-bar-chanh-ngay-tai-nha-hinh-1.jpg","excerpt":"<strong><span style=\"color: #ff0000;\">B\u00e1nh bar chanh<\/span><\/strong> l\u00e0 m\u1ed9t trong nh\u1eefng lo\u1ea1i b\u00e1nh \u0111\u01b0\u1ee3c nhi\u1ec1u ng\u01b0\u1eddi y\u00eau th\u00edch b\u01a1i v\u1ecb m\u1ec1m m\u1ea1i c\u1ee7a v\u1ecf b\u00e1nh k\u00e8m theo \u0111\u00f3 l\u00e0 v\u1ecb chanh chua chua ng\u1ecdt ng\u1ecdt c\u1ee7a nh\u00e2n b\u00e1nh khi tan v\u00e0o mi\u1ec7ng th\u00ec c\u00f2n g\u00ec tuy\u1ec7t v\u1eddi b\u1eb1ng. Nh\u01b0ng \u0111a s\u1ed1 ch\u00fang ta \u0111\u1ec1u mua b\u00e1nh tai c\u00e1c c\u1eeda","slug":"cach-lam-banh-bar-chanh-ngon-don-gian-ngay-tai-nha","content":"H\u00f4m nay big.vn s\u1ebd v\u00e0o b\u1ebfp c\u00f9ng b\u1ea1n th\u1ef1c hi\u1ec7n <strong><span style=\"color: #ff0000;\">c\u00e1ch l\u00e0m b\u00e1nh bar chanh <\/span><\/strong>ngay t\u1ea1i nh\u00e0 cho gai \u0111\u00ecnh b\u1ea1n c\u00f9ng th\u01b0\u1edfng th\u1ee9c n\u00e0o.\r\n\r\n<img class=\"aligncenter size-full wp-image-83176\" src=\"https:\/\/big.vn\/wp-content\/uploads\/2017\/08\/cach-lam-banh-bar-chanh-ngay-tai-nha-hinh-1.jpg\" alt=\"C\u00e1ch l\u00e0m b\u00e1nh bar chanh ngay t\u1ea1i nh\u00e0 h\u00ecnh 1\" width=\"640\" height=\"360\" \/>\r\n<h3>Nguy\u00ean li\u1ec7u l\u00e0m b\u00e1nh bar chanh<\/h3>\r\n<h4>Ph\u1ea7n \u0111\u1ebf b\u00e1nh:<\/h4>\r\n<ol>\r\n \t<li>120gr b\u01a1.<\/li>\r\n \t<li>75gr \u0111\u01b0\u1eddng b\u1ed9t.<\/li>\r\n \t<li>226gr b\u1ed9t m\u00ec.<\/li>\r\n<\/ol>\r\n<h4>Ph\u1ea7n nh\u00e2n chanh:<\/h4>\r\n<ol>\r\n \t<li>3 qu\u1ea3 tr\u1ee9ng g\u00e0.<\/li>\r\n \t<li>250gr \u0111\u01b0\u1eddng.<\/li>\r\n \t<li>30gr b\u1ed9t m\u00ec.<\/li>\r\n \t<li>100ml n\u01b0\u1edbc c\u1ed1t chanh.<\/li>\r\n \t<li>5ml chi\u1ebft xu\u1ea5t vani.<\/li>\r\n<\/ol>\r\n<h3>D\u1ee5ng c\u1ee5 l\u00e0m b\u00e1nh bar chanh<\/h3>\r\n<ol>\r\n \t<li>T\u00f4.<\/li>\r\n \t<li>Khu\u00f4n.<\/li>\r\n \t<li>Gi\u1ea5y n\u01b0\u1edbng.<\/li>\r\n \t<li>L\u00f2 n\u01b0\u1edbng.<\/li>\r\n \t<li>Ph\u1edbi l\u1ed3ng.<\/li>\r\n \t<li>M\u00e0ng b\u1ecdc th\u1ef1c ph\u1ea9m.<\/li>\r\n<\/ol>\r\n<h3>C\u00e1ch l\u00e0m b\u00e1nh bar chanh<\/h3>\r\n<h4>B\u01b0\u1edbc 1: S\u01a1 ch\u1ebf nguy\u00ean li\u1ec7u<\/h4>\r\n<img class=\"aligncenter size-full wp-image-83177\" src=\"https:\/\/big.vn\/wp-content\/uploads\/2017\/08\/cach-lam-banh-bar-chanh-ngay-tai-nha-hinh-2.jpg\" alt=\"big.vn s\u1ebd v\u00e0o b\u1ebfp c\u00f9ng b\u1ea1n th\u1ef1c hi\u1ec7n l\u00e0m b\u00e1nh bar chanh ngay t\u1ea1i nh\u00e0 cho gai \u0111\u00ecnh b\u1ea1n c\u00f9ng th\u01b0\u1edfng th\u1ee9c n\u00e0o h\u00ecnh 2\" width=\"640\" height=\"360\" \/>\r\n\r\n\u2013 \u0110\u1ec3 l\u00e0m ph\u1ea7n \u0111\u1ebf b\u00e1nh, \u0111\u1ea7u ti\u00ean b\u1ea1n tr\u1ed9n \u0111\u1ec1u b\u01a1, \u0111\u01b0\u1eddng b\u1ed9t v\u00e0 b\u1ed9t m\u00ec l\u1ea1i v\u1edbi nhau trong 1 c\u00e1i t\u00f4 l\u1edbn.\r\n\r\n\u2013 Sau \u0111\u00f3 d\u00f9ng tay \u0111\u1ec3 nh\u00e0o h\u1ed7n h\u1ee3p b\u1ed9t cho \u0111\u1ec1u.\r\n<h4>B\u01b0\u1edbc 2: Ti\u1ebfn h\u00e0nh l\u00e0m b\u00e1nh bar chanh<\/h4>\r\n<img class=\"aligncenter size-full wp-image-83178\" src=\"https:\/\/big.vn\/wp-content\/uploads\/2017\/08\/cach-lam-banh-bar-chanh-ngay-tai-nha-hinh-3.jpg\" alt=\"big.vn s\u1ebd v\u00e0o b\u1ebfp c\u00f9ng b\u1ea1n th\u1ef1c hi\u1ec7n l\u00e0m b\u00e1nh bar chanh ngay t\u1ea1i nh\u00e0 cho gai \u0111\u00ecnh b\u1ea1n c\u00f9ng th\u01b0\u1edfng th\u1ee9c n\u00e0o h\u00ecnh 3\" width=\"640\" height=\"360\" \/>\r\n\r\n\u2013 D\u00f9ng m\u00e0ng b\u1ecdc th\u1ef1c ph\u1ea9m \u0111\u1ec3 b\u1ecdc k\u00edn kh\u1ed1i b\u1ed9t l\u1ea1i v\u00e0 \u0111\u1ec3 v\u00e0o trong t\u1ee7 l\u1ea1nh 30 ph\u00fat.\r\n\r\n\u2013 Sau 30 ph\u00fat th\u00ec l\u1ea5y kh\u1ed1i b\u1ed9t ra, cho v\u00e0o khu\u00f4n n\u01b0\u1edbng \u0111\u00e3 l\u00f3t s\u1eb5n gi\u1ea5y n\u1ebfn, d\u00e0n \u0111\u1ec1u b\u1ed9t ra kh\u1eafp l\u00f2ng khu\u00f4n. Sau \u0111\u00f3 \u0111\u1eb7t khu\u00f4n b\u1ed9t v\u00e0o l\u00f2, n\u01b0\u1edbng \u1edf nhi\u1ec7t \u0111\u1ed9 180 \u0111\u1ed9 C trong v\u00f2ng 15 ph\u00fat l\u00e0 ph\u1ea7n \u0111\u1ebf b\u00e1nh \u0111\u00e3 ch\u00edn.\r\n\r\n\u2013 V\u1edbi ph\u1ea7n nh\u00e2n chanh, b\u1ea1n \u0111\u00e1nh \u0111\u1ec1u tr\u1ee9ng g\u00e0 v\u1edbi \u0111\u01b0\u1eddng v\u00e0 b\u1ed9t m\u00ec trong 1 c\u00e1i t\u00f4 l\u1edbn, s\u1ea1ch.\r\n\r\n- \u0110\u1eb7t khu\u00f4n b\u1ed9t v\u00e0o l\u00f2, n\u01b0\u1edbng \u1edf nhi\u1ec7t \u0111\u1ed9 180 \u0111\u1ed9 C trong v\u00f2ng 15 ph\u00fat l\u00e0 ph\u1ea7n \u0111\u1ebf b\u00e1nh \u0111\u00e3 ch\u00edn. 5\r\n\r\n\u2013 Sau \u0111\u00f3 th\u00eam n\u01b0\u1edbc c\u1ed1t chanh v\u00e0o t\u00f4 h\u1ed7n h\u1ee3p b\u1ed9t, d\u00f9ng ph\u1edbi khu\u1ea5y \u0111\u1ec1u.\r\n\r\n- \u0110\u1eb7t khu\u00f4n b\u1ed9t v\u00e0o l\u00f2, n\u01b0\u1edbng \u1edf nhi\u1ec7t \u0111\u1ed9 180 \u0111\u1ed9 C trong v\u00f2ng 15 ph\u00fat l\u00e0 ph\u1ea7n \u0111\u1ebf b\u00e1nh \u0111\u00e3 ch\u00edn. 6\r\n\r\n\u2013 Cho th\u00eam chi\u1ebft xu\u1ea5t vani v\u00e0o t\u00f4 h\u1ed7n h\u1ee3p \u1edf b\u01b0\u1edbc 5, khu\u1ea5y \u0111\u1ec1u c\u00f9ng.\r\n\r\n- \u0110\u1eb7t khu\u00f4n b\u1ed9t v\u00e0o l\u00f2, n\u01b0\u1edbng \u1edf nhi\u1ec7t \u0111\u1ed9 180 \u0111\u1ed9 C trong v\u00f2ng 15 ph\u00fat l\u00e0 ph\u1ea7n \u0111\u1ebf b\u00e1nh \u0111\u00e3 ch\u00edn. 7\r\n\r\n\u2013 Tr\u00fat h\u1ed7n h\u1ee3p \u1edf b\u01b0\u1edbc 6 v\u00e0o ph\u1ea7n \u0111\u1ebf b\u00e1nh \u0111\u00e3 n\u01b0\u1edbng r\u1ed3i \u0111\u1eb7t khu\u00f4n b\u00e1nh tr\u1edf l\u1ea1i v\u00e0o l\u00f2, n\u01b0\u1edbng \u1edf nhi\u1ec7t \u0111\u1ed9 180 \u0111\u1ed9 C trong v\u00f2ng 50 ph\u00fat l\u00e0 b\u00e1nh ch\u00edn!\r\n<h4>B\u01b0\u1edbc 3: Ho\u00e0n th\u00e0nh l\u00e0m b\u00e1nh bar chanh<\/h4>\r\n<img class=\"aligncenter size-full wp-image-83179\" src=\"https:\/\/big.vn\/wp-content\/uploads\/2017\/08\/cach-lam-banh-bar-chanh-ngay-tai-nha-hinh-4.jpg\" alt=\"big.vn s\u1ebd v\u00e0o b\u1ebfp c\u00f9ng b\u1ea1n th\u1ef1c hi\u1ec7n l\u00e0m b\u00e1nh bar chanh ngay t\u1ea1i nh\u00e0 cho gai \u0111\u00ecnh b\u1ea1n c\u00f9ng th\u01b0\u1edfng th\u1ee9c n\u00e0o h\u00ecnh 4\" width=\"640\" height=\"480\" \/>\r\n\r\n- \u0110\u1eb7t khu\u00f4n b\u1ed9t v\u00e0o l\u00f2, n\u01b0\u1edbng \u1edf nhi\u1ec7t \u0111\u1ed9 180 \u0111\u1ed9 C trong v\u00f2ng 15 ph\u00fat l\u00e0 ph\u1ea7n \u0111\u1ebf b\u00e1nh \u0111\u00e3 ch\u00edn.\r\n\r\n\u2013 B\u00e1nh ch\u00edn l\u1ea5y ra kh\u1ecfi l\u00f2, c\u1eaft th\u00e0nh nh\u1eefng mi\u1ebfng nh\u1ecf v\u1eeba \u0103n r\u1ed3i r\u1eafc th\u00eam ch\u00fat \u0111\u01b0\u1eddng b\u1ed9t (n\u1ebfu c\u00f3) l\u00ean tr\u00ean m\u1eb7t b\u00e1nh \u0111\u1ec3 trang tr\u00ed. Cu\u1ed1i c\u00f9ng l\u00e0 th\u01b0\u1edfng th\u1ee9c th\u00f4i!\r\n\r\n<em>Ch\u1ec9 b\u1eb1ng nh\u1eefng nguy\u00ean li\u1ec7u c\u00f3 s\u1eb5n t\u1ea1i c\u00e1c c\u1eeda h\u00e0ng, si\u00eau th\u1ecb, 30 ph\u00fat v\u00e0o b\u1ebfp l\u00e0 b\u1ea1n \u0111\u00e3 c\u00f3 th\u1ec3 l\u00e0m ra m\u1ed9t m\u00f3n <strong><span style=\"color: #ff0000;\">b\u00e1nh bar chanh<\/span><\/strong> th\u01a1m ngon, \u0111\u1ea3m b\u1ea3o v\u1ec7 sinh cho gia \u0111\u00ecnh b\u1ea1n c\u00f9ng th\u01b0\u1edfng th\u1ee9c. Lo\u1ea1i b\u00e1nh n\u00e0y r\u1ea5t th\u00edch h\u1ee3p \u0103n v\u00e0o nh\u1eefng ng\u00e0y tr\u1eddi h\u01a1i n\u00f3ng. S\u1ebd gi\u00fap b\u1ea1n v\u00e0 gia \u0111\u00ecnh \u0103n ngon mi\u1ec7ng h\u01a1n. Big.vn h\u1eb9n g\u1eb7p l\u1ea1i c\u00e1c b\u1ea1n \u1edf c\u00e1c m\u00f3n \u0103n ti\u1ebfp theo.\u00a0<\/em>\r\n\r\n&nbsp;"}