{"title":"Top h\u00ecnh x\u0103m \u0111\u1eb9p d\u00e0nh cho 12 cung ho\u00e0ng \u0111\u1ea1o","categories":["L\u00e0m \u0110\u1eb9p"],"tags":["h\u00ecnh x\u0103m \u0111\u1eb9p","h\u00ecnh x\u0103m \u0111\u1eb9p cho 12 cung ho\u00e0ng \u0111\u1ea1o"],"featureImage":"https:\/\/big.vn\/wp-content\/uploads\/2017\/08\/top-hinh-xam-dep-danh-cho-12-cung-hoang-dao.jpg","excerpt":"<strong>Top h\u00ecnh x\u0103m \u0111\u1eb9p d\u00e0nh cho 12 cung ho\u00e0ng \u0111\u1ea1o<\/strong>: B\u00f9ng n\u1ed5, cu\u1ed1n h\u00fat v\u00e0 m\u1ea1nh m\u1ebd l\u00e0 phong c\u00e1ch c\u1ee7a B\u1ea1ch D\u01b0\u01a1ng. B\u1edfi v\u1eady B\u1ea1ch D\u01b0\u01a1ng c\u00f3 th\u1ec3 l\u1ef1a ch\u1ecdn h\u00ecnh x\u0103m l\u00f4ng v\u0169 bi\u1ec3u tr\u01b0ng cho tinh th\u1ea7n t\u1ef1 do, kh\u00f4ng b\u1ecb b\u00f3 bu\u1ed9c trong b\u1ea5t c\u1ee9 khu\u00f4n kh\u1ed5 n\u00e0o, l\u00e0 ni\u1ec1m nhi\u1ec7t huy\u1ebft, s\u1ef1 cam \u0111\u1ea3m c\u1ee7a tu\u1ed5i tr\u1ebb. Kim ","slug":"top-hinh-xam-dep-danh-cho-12-cung-hoang-dao","content":"H\u00e3y c\u00f9ng big.vn tham kh\u1ea3o top h\u00ecnh x\u0103m \u0111\u1eb9p d\u00e0nh cho 12 cung ho\u00e0ng \u0111\u1ea1o b\u00ean d\u01b0\u1edbi nh\u00e9!\r\n<h3>Top h\u00ecnh x\u0103m \u0111\u1eb9p d\u00e0nh cho 12 cung ho\u00e0ng \u0111\u1ea1o<\/h3>\r\nH\u00ecnh x\u0103m 12 cung ho\u00e0ng \u0111\u1ea1o\u00a0\u0111\u1eb9p \u0111\u1ed9c \u0111\u00e1o \u00fd ngh\u0129a \u0111\u01b0\u1ee3c c\u00e1c t\u00edn \u0111\u1ed3 s\u0103n \u0111\u00f3n nhi\u1ec7t t\u00ecnh. M\u1ed7i h\u00ecnh x\u0103m \u0111\u1ec1u mang theo m\u1ed9t ph\u1ea7n n\u00e0o \u0111\u00f3 t\u00ednh c\u00e1ch, s\u1edf th\u00edch c\u1ee7a ch\u1ee7 nh\u00e2n. V\u1eady th\u00ec t\u1ea1i sao ta l\u1ea1i kh\u00f4ng k\u1ebft h\u1ee3p ch\u00fang v\u1edbi cung ho\u00e0ng \u0111\u1ea1o c\u1ee7a m\u00ecnh \u0111\u1ec3 l\u00e0m bi\u1ec3u t\u01b0\u1ee3ng h\u00ecnh x\u0103m cho b\u1ea3n th\u00e2n. V\u1edbi nhi\u1ec1u m\u1eabu h\u00ecnh \u0111a d\u1ea1ng \u0111\u01b0\u1ee3c x\u0103m \u1edf nh\u1eefng v\u1ecb tr\u00ed \u0111\u1ed9c \u0111\u00e1o nh\u01b0 sau tai, c\u1ed5 tay, tr\u00ean vai,...gi\u00fap c\u00e1c b\u1ea1n th\u1ec3 hi\u1ec7n \u0111\u01b0\u1ee3c c\u00e1 t\u00ednh ri\u00eang. N\u1ebfu b\u1ea1n \u0111ang t\u00ecm m\u1ed9t h\u00ecnh x\u0103m nh\u1ecf xinh theo cung ho\u00e0ng \u0111\u1ea1o cho b\u1ea3n th\u00e2n th\u00ec c\u00f3 th\u1ec3 tham kh\u1ea3o nh\u1eefng m\u1eabu h\u00ecnh x\u0103m trong b\u00e0i vi\u1ebft d\u01b0\u1edbi \u0111\u00e2y.\r\n<h4><strong>1. H\u00ecnh x\u0103m cung B\u1ea1ch D\u01b0\u01a1ng<\/strong><\/h4>\r\n<img class=\"aligncenter size-full wp-image-83092\" src=\"https:\/\/big.vn\/wp-content\/uploads\/2017\/08\/top-hinh-xam-dep-danh-cho-12-cung-hoang-dao-1.jpg\" alt=\"Top h\u00ecnh x\u0103m \u0111\u1eb9p d\u00e0nh cho 12 cung ho\u00e0ng \u0111\u1ea1o ph\u1ea7n 1\" width=\"600\" height=\"600\" \/>\r\n\r\nB\u00f9ng n\u1ed5, cu\u1ed1n h\u00fat v\u00e0 m\u1ea1nh m\u1ebd l\u00e0 phong c\u00e1ch c\u1ee7a B\u1ea1ch D\u01b0\u01a1ng. B\u1edfi v\u1eady B\u1ea1ch D\u01b0\u01a1ng c\u00f3 th\u1ec3 l\u1ef1a ch\u1ecdn h\u00ecnh x\u0103m l\u00f4ng v\u0169 bi\u1ec3u tr\u01b0ng cho tinh th\u1ea7n t\u1ef1 do, kh\u00f4ng b\u1ecb b\u00f3 bu\u1ed9c trong b\u1ea5t c\u1ee9 khu\u00f4n kh\u1ed5 n\u00e0o, l\u00e0 ni\u1ec1m nhi\u1ec7t huy\u1ebft, s\u1ef1 cam \u0111\u1ea3m c\u1ee7a tu\u1ed5i tr\u1ebb.\r\n\r\n<img class=\"aligncenter size-full wp-image-83093\" src=\"https:\/\/big.vn\/wp-content\/uploads\/2017\/08\/top-hinh-xam-dep-danh-cho-12-cung-hoang-dao-2.jpg\" alt=\"Top h\u00ecnh x\u0103m \u0111\u1eb9p d\u00e0nh cho 12 cung ho\u00e0ng \u0111\u1ea1o ph\u1ea7n 2\" width=\"600\" height=\"600\" \/>\r\n\r\n<img class=\"aligncenter size-full wp-image-83094\" src=\"https:\/\/big.vn\/wp-content\/uploads\/2017\/08\/top-hinh-xam-dep-danh-cho-12-cung-hoang-dao-3.jpg\" alt=\"Top h\u00ecnh x\u0103m \u0111\u1eb9p d\u00e0nh cho 12 cung ho\u00e0ng \u0111\u1ea1o ph\u1ea7n 3\" width=\"600\" height=\"600\" \/>\r\n<h4><strong>2. H\u00ecnh x\u0103m cung Kim Ng\u01b0u<\/strong><\/h4>\r\n<img class=\"aligncenter wp-image-83095\" src=\"https:\/\/big.vn\/wp-content\/uploads\/2017\/08\/top-hinh-xam-dep-danh-cho-12-cung-hoang-dao-4.jpg\" alt=\"Top h\u00ecnh x\u0103m \u0111\u1eb9p d\u00e0nh cho 12 cung ho\u00e0ng \u0111\u1ea1o ph\u1ea7n 4\" width=\"600\" height=\"862\" \/>\r\n\r\nKim Ng\u01b0u s\u1edf h\u1eefu m\u1ed9t v\u1ebb \u0111\u1eb9p \u0111\u01a1n gi\u1ea3n, tr\u1ea7m l\u1eafng nh\u01b0ng v\u1eabn \u0111\u1eafm say l\u00f2ng ng\u01b0\u1eddi. Nh\u1eefng h\u00ecnh x\u0103m nh\u1ecf xinh, v\u1eeba kh\u00f4ng qu\u00e1 ph\u00f4 tr\u01b0\u01a1ng v\u1eeba nh\u1eb9 nh\u00e0ng, n\u1eef t\u00ednh r\u1ea5t ph\u00f9 h\u1ee3p \u0111\u1ec3 t\u00f4n l\u00ean v\u1ebb \u0111\u1eb9p m\u1ed9c m\u1ea1c, gi\u1ea3n d\u1ecb m\u00e0 v\u1eabn tinh t\u1ebf, cu\u1ed1n h\u00fat c\u1ee7a Kim Ng\u01b0u.\r\n\r\n<img class=\"aligncenter size-full wp-image-83096\" src=\"https:\/\/big.vn\/wp-content\/uploads\/2017\/08\/top-hinh-xam-dep-danh-cho-12-cung-hoang-dao-5.jpg\" alt=\"Top h\u00ecnh x\u0103m \u0111\u1eb9p d\u00e0nh cho 12 cung ho\u00e0ng \u0111\u1ea1o ph\u1ea7n 5\" width=\"600\" height=\"600\" \/>\r\n\r\n<img class=\"aligncenter wp-image-83097\" src=\"https:\/\/big.vn\/wp-content\/uploads\/2017\/08\/top-hinh-xam-dep-danh-cho-12-cung-hoang-dao-6.jpg\" alt=\"Top h\u00ecnh x\u0103m \u0111\u1eb9p d\u00e0nh cho 12 cung ho\u00e0ng \u0111\u1ea1o ph\u1ea7n 6\" width=\"600\" height=\"800\" \/>\r\n<h4><strong>3. H\u00ecnh x\u0103m cung Song T\u1eed<\/strong><\/h4>\r\n<img class=\"aligncenter size-full wp-image-83098\" src=\"https:\/\/big.vn\/wp-content\/uploads\/2017\/08\/top-hinh-xam-dep-danh-cho-12-cung-hoang-dao-7.jpg\" alt=\"Top h\u00ecnh x\u0103m \u0111\u1eb9p d\u00e0nh cho 12 cung ho\u00e0ng \u0111\u1ea1o ph\u1ea7n 7\" width=\"600\" height=\"800\" \/>\r\n\r\nSong T\u1eed ho\u1ea1t b\u00e1t, s\u00f4i n\u1ed5i, th\u00edch bay nh\u1ea3y s\u1ebd tr\u1edf n\u00ean r\u1ea5t \u0111\u00e1ng y\u00eau, tinh ngh\u1ecbch. Nh\u1eefng ng\u01b0\u1eddi thu\u1ed9c cung Song T\u1eed c\u0169ng gi\u1ed1ng nh\u01b0 nh\u1eefng ch\u00fa chim lu\u00f4n th\u00edch s\u1ea3i c\u00e1nh bay tr\u00ean b\u1ea7u tr\u1eddi r\u1ed9ng l\u1edbn, kho\u00e1ng \u0111\u1ea1t.\r\n\r\n<img class=\"aligncenter size-full wp-image-83099\" src=\"https:\/\/big.vn\/wp-content\/uploads\/2017\/08\/top-hinh-xam-dep-danh-cho-12-cung-hoang-dao-8.jpg\" alt=\"Top h\u00ecnh x\u0103m \u0111\u1eb9p d\u00e0nh cho 12 cung ho\u00e0ng \u0111\u1ea1o ph\u1ea7n 8\" width=\"600\" height=\"600\" \/>\r\n\r\n<img class=\"aligncenter size-full wp-image-83100\" src=\"https:\/\/big.vn\/wp-content\/uploads\/2017\/08\/top-hinh-xam-dep-danh-cho-12-cung-hoang-dao-9.jpg\" alt=\"Top h\u00ecnh x\u0103m \u0111\u1eb9p d\u00e0nh cho 12 cung ho\u00e0ng \u0111\u1ea1o ph\u1ea7n 9\" width=\"600\" height=\"600\" \/>\r\n<h4><strong>4. H\u00ecnh x\u0103m cung C\u1ef1 Gi\u1ea3i<\/strong><\/h4>\r\n<img class=\"aligncenter size-full wp-image-83101\" src=\"https:\/\/big.vn\/wp-content\/uploads\/2017\/08\/top-hinh-xam-dep-danh-cho-12-cung-hoang-dao-10.jpg\" alt=\"Top h\u00ecnh x\u0103m \u0111\u1eb9p d\u00e0nh cho 12 cung ho\u00e0ng \u0111\u1ea1o ph\u1ea7n 10\" width=\"600\" height=\"600\" \/>\r\n\r\nC\u1ef1 Gi\u1ea3i hi\u1ec1n l\u00e0nh, d\u1ecbu d\u00e0ng s\u1ebd r\u1ea5t h\u1ee3p v\u1edbi nh\u1eefng h\u00ecnh x\u0103m n\u1eef t\u00ednh v\u00e0 nh\u1ecf nh\u1eafn. Ch\u00fang c\u00f3 th\u1ec3 n\u1eb1m tr\u00ean ng\u00f3n tay, c\u1ed5 tay hay sau tai \u0111\u1ec3 c\u00e0ng t\u00f4 \u0111i\u1ec3m th\u00eam cho v\u1ebb \u0111\u1eb9p tinh t\u1ebf, d\u1ecbu d\u00e0ng c\u1ee7a C\u1ef1 Gi\u1ea3i.\r\n\r\n<img class=\"aligncenter size-full wp-image-83102\" src=\"https:\/\/big.vn\/wp-content\/uploads\/2017\/08\/top-hinh-xam-dep-danh-cho-12-cung-hoang-dao-11.jpg\" alt=\"Top h\u00ecnh x\u0103m \u0111\u1eb9p d\u00e0nh cho 12 cung ho\u00e0ng \u0111\u1ea1o ph\u1ea7n 11\" width=\"600\" height=\"600\" \/>\r\n<h4><strong>5. H\u00ecnh x\u0103m cung S\u01b0 T\u1eed<\/strong><\/h4>\r\nS\u01b0 T\u1eed l\u1ea1i th\u00edch n\u1ed5i b\u1eadt v\u00e0 quy\u1ebfn r\u0169 v\u00e0 s\u1ebd ch\u1ecdn h\u00ecnh x\u0103m v\u00e0 v\u1ecb tr\u00ed h\u01a1i kh\u00e1c ng\u01b0\u1eddi \u0111\u00f4i ch\u00fat.\r\n\r\n<img class=\"aligncenter size-full wp-image-83103\" src=\"https:\/\/big.vn\/wp-content\/uploads\/2017\/08\/top-hinh-xam-dep-danh-cho-12-cung-hoang-dao-12.jpg\" alt=\"Top h\u00ecnh x\u0103m \u0111\u1eb9p d\u00e0nh cho 12 cung ho\u00e0ng \u0111\u1ea1o ph\u1ea7n 12\" width=\"600\" height=\"600\" \/>\r\n\r\n<img class=\"aligncenter wp-image-83104\" src=\"https:\/\/big.vn\/wp-content\/uploads\/2017\/08\/top-hinh-xam-dep-danh-cho-12-cung-hoang-dao-13.jpg\" alt=\"Top h\u00ecnh x\u0103m \u0111\u1eb9p d\u00e0nh cho 12 cung ho\u00e0ng \u0111\u1ea1o ph\u1ea7n 13\" width=\"600\" height=\"1072\" \/>\r\n\r\n<img class=\"aligncenter wp-image-83105\" src=\"https:\/\/big.vn\/wp-content\/uploads\/2017\/08\/top-hinh-xam-dep-danh-cho-12-cung-hoang-dao-14.jpg\" alt=\"Top h\u00ecnh x\u0103m \u0111\u1eb9p d\u00e0nh cho 12 cung ho\u00e0ng \u0111\u1ea1o ph\u1ea7n 14\" width=\"600\" height=\"863\" \/>\r\n<h4><strong>6. H\u00ecnh x\u0103m cung X\u1eed N\u1eef<\/strong><\/h4>\r\n<img class=\"aligncenter wp-image-83106 size-full\" src=\"https:\/\/big.vn\/wp-content\/uploads\/2017\/08\/top-hinh-xam-dep-danh-cho-12-cung-hoang-dao-15.jpg\" alt=\"Top h\u00ecnh x\u0103m \u0111\u1eb9p d\u00e0nh cho 12 cung ho\u00e0ng \u0111\u1ea1o ph\u1ea7n 15\" width=\"600\" height=\"600\" \/>\r\n\r\nX\u1eed N\u1eef v\u1edbi phong c\u00e1ch truy\u1ec1n th\u1ed1ng s\u1ebd th\u00edch nh\u1eefng hinh x\u0103m nh\u1ecf, \u0111\u01a1n gi\u1ea3n m\u00e0 v\u1eabn g\u1ee3i l\u00ean v\u1ebb quy\u1ebfn r\u0169 ti\u1ec1m \u1ea9n v\u00e0 kh\u00e1c l\u1ea1.\r\n\r\n<img class=\"aligncenter size-full wp-image-83107\" src=\"https:\/\/big.vn\/wp-content\/uploads\/2017\/08\/top-hinh-xam-dep-danh-cho-12-cung-hoang-dao-16.jpg\" alt=\"Top h\u00ecnh x\u0103m \u0111\u1eb9p d\u00e0nh cho 12 cung ho\u00e0ng \u0111\u1ea1o ph\u1ea7n 16\" width=\"600\" height=\"600\" \/>\r\n\r\n<img class=\"aligncenter size-full wp-image-83108\" src=\"https:\/\/big.vn\/wp-content\/uploads\/2017\/08\/top-hinh-xam-dep-danh-cho-12-cung-hoang-dao-17.jpg\" alt=\"Top h\u00ecnh x\u0103m \u0111\u1eb9p d\u00e0nh cho 12 cung ho\u00e0ng \u0111\u1ea1o ph\u1ea7n 17\" width=\"600\" height=\"600\" \/>\r\n<h4><strong>7. H\u00ecnh x\u0103m cung Thi\u00ean B\u00ecnh<\/strong><\/h4>\r\n<img class=\"aligncenter size-full wp-image-83109\" src=\"https:\/\/big.vn\/wp-content\/uploads\/2017\/08\/top-hinh-xam-dep-danh-cho-12-cung-hoang-dao-18.jpg\" alt=\"Top h\u00ecnh x\u0103m \u0111\u1eb9p d\u00e0nh cho 12 cung ho\u00e0ng \u0111\u1ea1o ph\u1ea7n 18\" width=\"600\" height=\"600\" \/>\r\n\r\nThi\u00ean B\u00ecnh duy\u00ean d\u00e1ng, l\u1ecbch thi\u1ec7p v\u1edbi nh\u1eefng trang ph\u1ee5c ph\u00f9 h\u1ee3p \u0111\u1ec3 khoe h\u00ecnh x\u0103m c\u00f3 th\u1ec3 thu h\u00fat tr\u1ecdn m\u1ecdi \u00e1nh nh\u00ecn.\r\n\r\n<img class=\"aligncenter size-full wp-image-83110\" src=\"https:\/\/big.vn\/wp-content\/uploads\/2017\/08\/top-hinh-xam-dep-danh-cho-12-cung-hoang-dao-19.jpg\" alt=\"Top h\u00ecnh x\u0103m \u0111\u1eb9p d\u00e0nh cho 12 cung ho\u00e0ng \u0111\u1ea1o ph\u1ea7n 19\" width=\"600\" height=\"600\" \/>\r\n\r\n<img class=\"aligncenter size-full wp-image-83111\" src=\"https:\/\/big.vn\/wp-content\/uploads\/2017\/08\/top-hinh-xam-dep-danh-cho-12-cung-hoang-dao-20.jpg\" alt=\"Top h\u00ecnh x\u0103m \u0111\u1eb9p d\u00e0nh cho 12 cung ho\u00e0ng \u0111\u1ea1o ph\u1ea7n 20\" width=\"600\" height=\"335\" \/>\r\n<p style=\"text-align: center;\">M\u1ed9t h\u00ecnh x\u0103m c\u1ee7a Thi\u00ean B\u00ecnh k\u1ebft h\u1ee3p c\u00f9ng ng\u01b0\u1eddi ch\u1ecb em Thi\u00ean Y\u1ebft.<\/p>\r\n\r\n<h4><strong>8. H\u00ecnh x\u0103m cung Thi\u00ean Y\u1ebft<\/strong><\/h4>\r\n<img class=\"aligncenter size-full wp-image-83112\" src=\"https:\/\/big.vn\/wp-content\/uploads\/2017\/08\/top-hinh-xam-dep-danh-cho-12-cung-hoang-dao-21.jpg\" alt=\"Top h\u00ecnh x\u0103m \u0111\u1eb9p d\u00e0nh cho 12 cung ho\u00e0ng \u0111\u1ea1o ph\u1ea7n 21\" width=\"600\" height=\"609\" \/>\r\n\r\nThi\u00ean Y\u1ebft n\u1ed3ng n\u00e0n, quy\u1ebfn r\u0169, kh\u00f3 n\u1eafm b\u1eaft s\u1ebd l\u1ef1a ch\u1ecdn cho m\u00ecnh nh\u1eefng h\u00ecnh x\u0103m \u1edf c\u00e1c v\u1ecb tr\u00ed \u0111\u1eb7c bi\u1ec7t, v\u1eeba thu h\u00fat \u00e1nh nh\u00ecn ng\u01b0\u1eddi kh\u00e1c l\u1ea1i v\u1eeba k\u00edn \u0111\u00e1o b\u00ed \u1ea9n. M\u1ed9t v\u1ecb tr\u00ed kh\u00e1c \u0111\u01b0\u1ee3c B\u1ecd C\u1ea1p y\u00eau th\u00edch ch\u00ednh l\u00e0 x\u0103m \u1edf d\u01b0\u1edbi l\u01b0ng v\u00ec ch\u00fang mang ch\u00fat b\u00ed hi\u1ec3m, gai g\u00f3c nh\u01b0ng c\u0169ng r\u1ea5t quy\u1ebfn r\u0169.\r\n\r\n<img class=\"aligncenter size-full wp-image-83113\" src=\"https:\/\/big.vn\/wp-content\/uploads\/2017\/08\/top-hinh-xam-dep-danh-cho-12-cung-hoang-dao-22.jpg\" alt=\"Top h\u00ecnh x\u0103m \u0111\u1eb9p d\u00e0nh cho 12 cung ho\u00e0ng \u0111\u1ea1o ph\u1ea7n 22\" width=\"600\" height=\"600\" \/>\r\n\r\n<img class=\"aligncenter size-full wp-image-83114\" src=\"https:\/\/big.vn\/wp-content\/uploads\/2017\/08\/top-hinh-xam-dep-danh-cho-12-cung-hoang-dao-23.jpg\" alt=\"Top h\u00ecnh x\u0103m \u0111\u1eb9p d\u00e0nh cho 12 cung ho\u00e0ng \u0111\u1ea1o ph\u1ea7n 23\" width=\"600\" height=\"600\" \/>\r\n<h4><strong>9. Cung Nh\u00e2n M\u00e3<\/strong><\/h4>\r\n<img class=\"aligncenter wp-image-83115\" src=\"https:\/\/big.vn\/wp-content\/uploads\/2017\/08\/top-hinh-xam-dep-danh-cho-12-cung-hoang-dao-24.jpg\" alt=\"Top h\u00ecnh x\u0103m \u0111\u1eb9p d\u00e0nh cho 12 cung ho\u00e0ng \u0111\u1ea1o ph\u1ea7n 24\" width=\"600\" height=\"602\" \/>\r\n\r\n\u0110\u1ed9c l\u1eadp, n\u0103ng n\u1ed5, lu\u00f4n vui v\u1ebb, h\u00e0o h\u1ee9ng v\u00e0 th\u00edch phi\u00eau l\u01b0u, Nh\u00e2n M\u00e3 c\u1ea3m th\u1ea5y c\u00f3 s\u1ee9c s\u1ed1ng nh\u1ea5t khi \u0111\u01b0\u1ee3c v\u00f9i m\u00ecnh v\u00e0o cu\u1ed9c th\u00e1m hi\u1ec3m th\u1ebf gi\u1edbi. H\u00ecnh m\u0169i t\u00ean c\u0169ng ch\u00ednh l\u00e0 bi\u1ec3u t\u01b0\u1ee3ng cho cung Nh\u00e2n M\u00e3.\r\n\r\n<img class=\"aligncenter wp-image-83116 size-full\" src=\"https:\/\/big.vn\/wp-content\/uploads\/2017\/08\/top-hinh-xam-dep-danh-cho-12-cung-hoang-dao-25.jpg\" alt=\"Top h\u00ecnh x\u0103m \u0111\u1eb9p d\u00e0nh cho 12 cung ho\u00e0ng \u0111\u1ea1o ph\u1ea7n 25\" width=\"600\" height=\"600\" \/>\r\n\r\n<img class=\"aligncenter size-full wp-image-83117\" src=\"https:\/\/big.vn\/wp-content\/uploads\/2017\/08\/top-hinh-xam-dep-danh-cho-12-cung-hoang-dao-26.jpg\" alt=\"Top h\u00ecnh x\u0103m \u0111\u1eb9p d\u00e0nh cho 12 cung ho\u00e0ng \u0111\u1ea1o ph\u1ea7n 26\" width=\"600\" height=\"600\" \/>\r\n<h4><strong>10. Cung Ma K\u1ebft<\/strong><\/h4>\r\n<img class=\"aligncenter size-full wp-image-83118\" src=\"https:\/\/big.vn\/wp-content\/uploads\/2017\/08\/top-hinh-xam-dep-danh-cho-12-cung-hoang-dao-27.jpg\" alt=\"Top h\u00ecnh x\u0103m \u0111\u1eb9p d\u00e0nh cho 12 cung ho\u00e0ng \u0111\u1ea1o ph\u1ea7n 27\" width=\"600\" height=\"600\" \/>\r\n\r\nMa K\u1ebft ch\u00edn ch\u1eafn, tr\u1ea7m l\u1eb7ng, m\u1ea1nh m\u1ebd s\u1ebd ph\u00f9 h\u1ee3p v\u1edbi nh\u1eefng h\u00ecnh x\u0103m \u0111\u01a1n gi\u1ea3n, \u00edt n\u00e9t, nh\u01b0ng v\u1eabn th\u1ec3 hi\u1ec7n \u0111\u01b0\u1ee3c tinh th\u1ea7n th\u00e9p c\u1ee7a m\u00ecnh.\r\n\r\n<img class=\"aligncenter wp-image-83119\" src=\"https:\/\/big.vn\/wp-content\/uploads\/2017\/08\/top-hinh-xam-dep-danh-cho-12-cung-hoang-dao-28.jpg\" alt=\"Top h\u00ecnh x\u0103m \u0111\u1eb9p d\u00e0nh cho 12 cung ho\u00e0ng \u0111\u1ea1o ph\u1ea7n 28\" width=\"600\" height=\"728\" \/>\r\n<h4><strong>11. X\u0103m cung B\u1ea3o B\u00ecnh<\/strong><\/h4>\r\n<img class=\"aligncenter size-full wp-image-83120\" src=\"https:\/\/big.vn\/wp-content\/uploads\/2017\/08\/top-hinh-xam-dep-danh-cho-12-cung-hoang-dao-29.jpg\" alt=\"Top h\u00ecnh x\u0103m \u0111\u1eb9p d\u00e0nh cho 12 cung ho\u00e0ng \u0111\u1ea1o ph\u1ea7n 29\" width=\"600\" height=\"600\" \/>\r\n\r\nB\u1ea3o B\u00ecnh y\u00eau th\u00edch phong c\u00e1ch \u0111\u1ed9c \u0111\u00e1o v\u00e0 kh\u00e1c ng\u01b0\u1eddi. H\u1ecd lu\u00f4n th\u00edch s\u1ef1 kh\u00f4ng gi\u1edbi h\u1ea1n, kh\u00f4ng c\u00f3 \u0111i\u1ec3m d\u1eebng, v\u01b0\u1ee3t qua gi\u1edbi h\u1ea1n c\u1ee7a b\u1ea3n th\u00e2n v\u00e0 lu\u00f4n tin v\u00e0o ch\u00ednh b\u1ea3n th\u00e2n m\u00ecnh.\r\n\r\n<img class=\"aligncenter wp-image-83121\" src=\"https:\/\/big.vn\/wp-content\/uploads\/2017\/08\/top-hinh-xam-dep-danh-cho-12-cung-hoang-dao-30.jpg\" alt=\"Top h\u00ecnh x\u0103m \u0111\u1eb9p d\u00e0nh cho 12 cung ho\u00e0ng \u0111\u1ea1o ph\u1ea7n 30\" width=\"600\" height=\"599\" \/>\r\n\r\n<img class=\"aligncenter wp-image-83122\" src=\"https:\/\/big.vn\/wp-content\/uploads\/2017\/08\/top-hinh-xam-dep-danh-cho-12-cung-hoang-dao-31.jpg\" alt=\"Top h\u00ecnh x\u0103m \u0111\u1eb9p d\u00e0nh cho 12 cung ho\u00e0ng \u0111\u1ea1o ph\u1ea7n 31\" width=\"600\" height=\"607\" \/>\r\n<h4><strong>12. H\u00ecnh x\u0103m cung Song Ng\u01b0<\/strong><\/h4>\r\n<img class=\"aligncenter wp-image-83123 size-full\" src=\"https:\/\/big.vn\/wp-content\/uploads\/2017\/08\/top-hinh-xam-dep-danh-cho-12-cung-hoang-dao-32.jpg\" alt=\"Top h\u00ecnh x\u0103m \u0111\u1eb9p d\u00e0nh cho 12 cung ho\u00e0ng \u0111\u1ea1o ph\u1ea7n 32\" width=\"600\" height=\"600\" \/>\r\n\r\nN\u00e0ng c\u00f4ng ch\u00faa Song Ng\u01b0 r\u1ea5t th\u00edch h\u00ecnh x\u0103m c\u00f3 d\u00e1ng thanh m\u1ea3nh, m\u1ec1m m\u1ea1i mang l\u1ea1i s\u1ef1 \u0111\u00e1ng y\u00eau, duy\u00ean d\u00e1ng cho ch\u1ee7 nh\u00e2n s\u1edf h\u1eefu v\u00e0 mang \u0111\u1ea7y t\u00ednh th\u1eddi trang.\r\n\r\n<img class=\"aligncenter wp-image-83124\" src=\"https:\/\/big.vn\/wp-content\/uploads\/2017\/08\/top-hinh-xam-dep-danh-cho-12-cung-hoang-dao-33.jpg\" alt=\"Top h\u00ecnh x\u0103m \u0111\u1eb9p d\u00e0nh cho 12 cung ho\u00e0ng \u0111\u1ea1o ph\u1ea7n 33\" width=\"600\" height=\"601\" \/>\r\n\r\n<img class=\"aligncenter wp-image-83125 size-full\" src=\"https:\/\/big.vn\/wp-content\/uploads\/2017\/08\/top-hinh-xam-dep-danh-cho-12-cung-hoang-dao-34.jpg\" alt=\"Top h\u00ecnh x\u0103m \u0111\u1eb9p d\u00e0nh cho 12 cung ho\u00e0ng \u0111\u1ea1o ph\u1ea7n 34\" width=\"600\" height=\"602\" \/>\r\n\r\n<em>Hy v\u1ecdng v\u1edbi\u00a0h\u00ecnh x\u0103m 12 cung ho\u00e0ng \u0111\u1ea1o\u00a0\u0111\u1eb9p \u0111\u1ed9c \u0111\u00e1o \u00fd ngh\u0129a tr\u00ean \u0111\u00e2y c\u00e1c t\u00edn \u0111\u1ed3 c\u1ee7a cung ho\u00e0ng \u0111\u1ea1o cho th\u1ec3 c\u00f3 th\u00eam nhi\u1ec1u g\u1ee3i \u00fd h\u00ecnh x\u0103m th\u00fa v\u1ecb cho b\u1ea3n th\u00e2n th\u1ec3 hi\u1ec7n \u0111\u01b0\u1ee3c c\u00e1 t\u00ednh v\u00e0 ni\u1ec1m \u0111am m\u00ea. Ch\u00fac c\u00e1c b\u1ea1n s\u1ebd ch\u1ecdn \u0111\u01b0\u1ee3c cho b\u1ea3n th\u00e2n m\u1ed9t m\u1eabu h\u00ecnh x\u0103m ph\u00f9 h\u1ee3p nh\u1ea5t v\u00e0 h\u00e3y lu\u00f4n \u0111\u1ed3ng h\u00e0nh c\u00f9ng big.vn \u0111\u1ec3 c\u00f3 th\u00eam nhi\u1ec1u th\u00f4ng tin th\u00fa v\u1ecb nh\u00e9!<\/em>"}