{"title":"B\u1ea3ng x\u1ebfp h\u1ea1ng m\u1ef9 nh\u00e2n H\u00e0n Qu\u1ed1c qua 3 th\u1ebf h\u1ec7 v\u00e0ng","categories":["Ki\u1ebfn th\u1ee9c"],"tags":["m\u1ef9 nh\u00e2n h\u00e0n qu\u1ed1c"],"featureImage":"https:\/\/big.vn\/wp-content\/uploads\/2017\/08\/bang-xep-hang-my-nhan-han-quoc-qua-3-the-he-vang.jpg","excerpt":"<strong>B\u1ea3ng x\u1ebfp h\u1ea1ng m\u1ef9 nh\u00e2n H\u00e0n Qu\u1ed1c qua 3 th\u1ebf h\u1ec7 v\u00e0ng<\/strong>: Ng\u00e0y 13\/1 v\u1eeba qua, ch\u00fang t\u00f4i \u0111\u00e3 th\u1ef1c hi\u1ec7n m\u1ed9t cu\u1ed9c kh\u1ea3o s\u00e1t \u0111\u1ec3 t\u00ecm ra nh\u1eefng \u0111\u1ea1i di\u1ec7n x\u1ee9ng \u0111\u00e1ng nh\u1ea5t cho danh hi\u1ec7u N\u1eef th\u1ea7n s\u1eafc \u0111\u1eb9p H\u00e0n Qu\u1ed1c th\u1ebf h\u1ec7 th\u1ee9 nh\u1ea5t, th\u1ee9 2 v\u00e0 th\u1ee9 3 theo \u0111\u00e1nh gi\u1ea3 c\u1ee7a \u0111\u1ed9c gi\u1ea3 Vi\u1ec7t. Trong \u0111\u00f3, nhi\u1ec1u g\u01b0\u01a1ng m\u1eb7t \u0111\u01b0\u1ee3c","slug":"bang-xep-hang-my-nhan-han-quoc-qua-3-the-he-vang","content":"<h2><strong>B\u1ea3ng x\u1ebfp h\u1ea1ng m\u1ef9 nh\u00e2n H\u00e0n Qu\u1ed1c qua 3 th\u1ebf h\u1ec7 v\u00e0ng<\/strong><\/h2>\r\n<h3><img class=\"aligncenter size-full wp-image-83062\" src=\"https:\/\/big.vn\/wp-content\/uploads\/2017\/08\/bang-xep-hang-my-nhan-han-quoc-qua-3-the-he-vang-1.jpg\" alt=\"B\u1ea3ng x\u1ebfp h\u1ea1ng m\u1ef9 nh\u00e2n H\u00e0n Qu\u1ed1c qua 3 th\u1ebf h\u1ec7 v\u00e0ng ph\u1ea7n 1\" width=\"500\" height=\"280\" \/>\r\n<strong>N\u1eef th\u1ea7n s\u1eafc \u0111\u1eb9p c\u1ee7a th\u1ebf h\u1ec7 m\u1ef9 nh\u00e2n th\u1ee9 nh\u1ea5t: Jung Yoon Hee<\/strong><\/h3>\r\nN\u1eef di\u1ec5n vi\u00ean Jung Yoon Hee sinh ng\u00e0y 30 th\u00e1ng 7 n\u0103m 1944. B\u00e0 b\u1eaft \u0111\u1ea7u gia nh\u1eadp gi\u1edbi gi\u1ea3i tr\u00ed v\u00e0o n\u0103m 1967 v\u00e0 cho \u0111\u1ebfn n\u0103m 2010, n\u1eef di\u1ec5n vi\u00ean \u0111\u00e3 b\u1ecf t\u00fai h\u01a1n 250 t\u00e1c ph\u1ea9m phim truy\u1ec1n h\u00ecnh, \u0111i\u1ec7n \u1ea3nh v\u00e0 21 gi\u1ea3i th\u01b0\u1edfng cao qu\u00fd. T\u1eeb nh\u1eefng n\u0103m 1980, Jung Yoon Hee \u0111\u00e3 \u0111\u01b0\u1ee3c truy\u1ec1n th\u00f4ng v\u00e0 kh\u00e1n gi\u1ea3 \u0111\u00e1nh gi\u00e1 cao v\u1ec1 c\u1ea3 nhan s\u1eafc v\u00e0 t\u00e0i n\u0103ng. \u0110\u1ebfn nay, s\u1eafc \u0111\u1eb9p c\u1ee7a b\u00e0 v\u1eabn \u0111\u01b0\u1ee3c ng\u01b0\u1eddi h\u00e2m m\u1ed9 khen ng\u1ee3i h\u1ebft l\u1eddi v\u00e0 c\u00f4ng nh\u1eadn. Jung Yoon Hee gi\u00e0nh v\u1ecb tr\u00ed th\u1ee9 nh\u1ea5t v\u1edbi 3092 s\u1ed1 phi\u1ebfu b\u00ecnh ch\u1ecdn. N\u1eef di\u1ec5n vi\u00ean Hwang Shin Hye \u0111\u1ea1t ng\u00f4i \u00c1 qu\u00e2n v\u00e0 v\u1ecb tr\u00ed th\u1ee9 3 thu\u1ed9c v\u1ec1 Yu Ji In.\r\n<p style=\"text-align: center;\"><img class=\"aligncenter size-full wp-image-83064\" src=\"https:\/\/big.vn\/wp-content\/uploads\/2017\/08\/bang-xep-hang-my-nhan-han-quoc-qua-3-the-he-vang-3.jpg\" alt=\"B\u1ea3ng x\u1ebfp h\u1ea1ng m\u1ef9 nh\u00e2n H\u00e0n Qu\u1ed1c qua 3 th\u1ebf h\u1ec7 v\u00e0ng ph\u1ea7n 3\" width=\"500\" height=\"676\" \/>\r\nJung Yoon Hee<\/p>\r\n<p style=\"text-align: center;\"><img class=\"aligncenter size-full wp-image-83089\" src=\"https:\/\/big.vn\/wp-content\/uploads\/2017\/08\/bang-xep-hang-my-nhan-han-quoc-qua-3-the-he-vang-2-1.jpg\" alt=\"B\u1ea3ng x\u1ebfp h\u1ea1ng m\u1ef9 nh\u00e2n H\u00e0n Qu\u1ed1c qua 3 th\u1ebf h\u1ec7 v\u00e0ng ph\u1ea7n 2\" width=\"500\" height=\"625\" \/>\r\nHwang Shin Hye<\/p>\r\n<p style=\"text-align: center;\"><img class=\"aligncenter size-full wp-image-83065\" src=\"https:\/\/big.vn\/wp-content\/uploads\/2017\/08\/bang-xep-hang-my-nhan-han-quoc-qua-3-the-he-vang-4.jpg\" alt=\"B\u1ea3ng x\u1ebfp h\u1ea1ng m\u1ef9 nh\u00e2n H\u00e0n Qu\u1ed1c qua 3 th\u1ebf h\u1ec7 v\u00e0ng ph\u1ea7n 4\" width=\"500\" height=\"595\" \/>\r\nYu Ji In<\/p>\r\n<p style=\"text-align: center;\"><img class=\"aligncenter size-full wp-image-83066\" src=\"https:\/\/big.vn\/wp-content\/uploads\/2017\/08\/bang-xep-hang-my-nhan-han-quoc-qua-3-the-he-vang-5.png\" alt=\"B\u1ea3ng x\u1ebfp h\u1ea1ng m\u1ef9 nh\u00e2n H\u00e0n Qu\u1ed1c qua 3 th\u1ebf h\u1ec7 v\u00e0ng ph\u1ea7n 5\" width=\"500\" height=\"119\" \/>\r\nB\u1ea3ng x\u1ebfp h\u1ea1ng c\u1ee5 th\u1ec3<\/p>\r\n\r\n<h2><strong>N\u1eef th\u1ea7n s\u1eafc \u0111\u1eb9p c\u1ee7a th\u1ebf h\u1ec7 m\u1ef9 nh\u00e2n th\u1ee9 2: Kim Tae Hee<\/strong><\/h2>\r\n<p style=\"text-align: center;\"><img class=\"aligncenter size-full wp-image-83067\" src=\"https:\/\/big.vn\/wp-content\/uploads\/2017\/08\/bang-xep-hang-my-nhan-han-quoc-qua-3-the-he-vang-6.jpg\" alt=\"B\u1ea3ng x\u1ebfp h\u1ea1ng m\u1ef9 nh\u00e2n H\u00e0n Qu\u1ed1c qua 3 th\u1ebf h\u1ec7 v\u00e0ng ph\u1ea7n 6\" width=\"500\" height=\"393\" \/>\r\n1. Kim Tae Hee: 8890 phi\u1ebfu b\u00ecnh ch\u1ecdn<\/p>\r\n<p style=\"text-align: center;\"><img class=\"aligncenter size-full wp-image-83068\" src=\"https:\/\/big.vn\/wp-content\/uploads\/2017\/08\/bang-xep-hang-my-nhan-han-quoc-qua-3-the-he-vang-7.jpg\" alt=\"B\u1ea3ng x\u1ebfp h\u1ea1ng m\u1ef9 nh\u00e2n H\u00e0n Qu\u1ed1c qua 3 th\u1ebf h\u1ec7 v\u00e0ng ph\u1ea7n 7\" width=\"500\" height=\"826\" \/>\r\n2. Song Hye Kyo: 3256 b\u00ecnh ch\u1ecdn<\/p>\r\n<p style=\"text-align: center;\"><img class=\"aligncenter size-full wp-image-83069\" src=\"https:\/\/big.vn\/wp-content\/uploads\/2017\/08\/bang-xep-hang-my-nhan-han-quoc-qua-3-the-he-vang-8.jpg\" alt=\"B\u1ea3ng x\u1ebfp h\u1ea1ng m\u1ef9 nh\u00e2n H\u00e0n Qu\u1ed1c qua 3 th\u1ebf h\u1ec7 v\u00e0ng ph\u1ea7n 8\" width=\"500\" height=\"376\" \/>\r\n3. Lee Young Ae: 2869 b\u00ecnh ch\u1ecdn<\/p>\r\n<p style=\"text-align: center;\"><img class=\"aligncenter size-full wp-image-83070\" src=\"https:\/\/big.vn\/wp-content\/uploads\/2017\/08\/bang-xep-hang-my-nhan-han-quoc-qua-3-the-he-vang-9.jpg\" alt=\"B\u1ea3ng x\u1ebfp h\u1ea1ng m\u1ef9 nh\u00e2n H\u00e0n Qu\u1ed1c qua 3 th\u1ebf h\u1ec7 v\u00e0ng ph\u1ea7n 9\" width=\"500\" height=\"647\" \/>\r\n4. Jeon Ji Hyun: 2405 b\u00ecnh ch\u1ecdn<\/p>\r\n<p style=\"text-align: center;\"><img class=\"aligncenter size-full wp-image-83071\" src=\"https:\/\/big.vn\/wp-content\/uploads\/2017\/08\/bang-xep-hang-my-nhan-han-quoc-qua-3-the-he-vang-10.jpg\" alt=\"B\u1ea3ng x\u1ebfp h\u1ea1ng m\u1ef9 nh\u00e2n H\u00e0n Qu\u1ed1c qua 3 th\u1ebf h\u1ec7 v\u00e0ng ph\u1ea7n 10\" width=\"500\" height=\"629\" \/>\r\n5. Han Ga In: 1992 b\u00ecnh ch\u1ecdn<\/p>\r\n<p style=\"text-align: center;\"><img class=\"aligncenter size-full wp-image-83072\" src=\"https:\/\/big.vn\/wp-content\/uploads\/2017\/08\/bang-xep-hang-my-nhan-han-quoc-qua-3-the-he-vang-11.png\" alt=\"B\u1ea3ng x\u1ebfp h\u1ea1ng m\u1ef9 nh\u00e2n H\u00e0n Qu\u1ed1c qua 3 th\u1ebf h\u1ec7 v\u00e0ng ph\u1ea7n 11\" width=\"500\" height=\"248\" \/>\r\nB\u1ea3ng x\u1ebfp h\u1ea1ng c\u1ee5 th\u1ec3<\/p>\r\n\r\n<h2><strong>N\u1eef th\u1ea7n s\u1eafc \u0111\u1eb9p c\u1ee7a th\u1ebf h\u1ec7 m\u1ef9 nh\u00e2n th\u1ee9 3: Yoona (SNSD)<\/strong><\/h2>\r\n<img class=\"aligncenter size-full wp-image-83073\" src=\"https:\/\/big.vn\/wp-content\/uploads\/2017\/08\/bang-xep-hang-my-nhan-han-quoc-qua-3-the-he-vang-12.jpg\" alt=\"B\u1ea3ng x\u1ebfp h\u1ea1ng m\u1ef9 nh\u00e2n H\u00e0n Qu\u1ed1c qua 3 th\u1ebf h\u1ec7 v\u00e0ng ph\u1ea7n 12\" width=\"500\" height=\"711\" \/>\r\n1. Yoona (SNSD) v\u1edbi s\u1ed1 phi\u1ebfu b\u00ecnh ch\u1ecdn k\u1ef7 l\u1ee5c - 29933 b\u00ecnh ch\u1ecdn\r\n\r\n<img class=\"aligncenter size-full wp-image-83074\" src=\"https:\/\/big.vn\/wp-content\/uploads\/2017\/08\/bang-xep-hang-my-nhan-han-quoc-qua-3-the-he-vang-13.jpg\" alt=\"B\u1ea3ng x\u1ebfp h\u1ea1ng m\u1ef9 nh\u00e2n H\u00e0n Qu\u1ed1c qua 3 th\u1ebf h\u1ec7 v\u00e0ng ph\u1ea7n 13\" width=\"500\" height=\"333\" \/>\r\n2. Jiyeon (T-ara) gi\u00e0nh v\u1ecb tr\u00ed th\u1ee9 2 nh\u1edd l\u01b0\u1ee3ng b\u00ecnh ch\u1ecdn c\u0169ng \"kh\u1ee7ng\" kh\u00f4ng k\u00e9m - 19685 b\u00ecnh ch\u1ecdn\r\n\r\n<img class=\"aligncenter size-full wp-image-83075\" src=\"https:\/\/big.vn\/wp-content\/uploads\/2017\/08\/bang-xep-hang-my-nhan-han-quoc-qua-3-the-he-vang-14.png\" alt=\"B\u1ea3ng x\u1ebfp h\u1ea1ng m\u1ef9 nh\u00e2n H\u00e0n Qu\u1ed1c qua 3 th\u1ebf h\u1ec7 v\u00e0ng ph\u1ea7n 14\" width=\"500\" height=\"670\" \/>\r\nSuzy b\u1ea5t ng\u1edd tr\u01b0\u1ee3t xu\u1ed1ng v\u1ecb tr\u00ed th\u1ee9 3 m\u1eb7c d\u00f9 t\u1eeb tr\u01b0\u1edbc \u0111\u1ebfn nay c\u00f4 n\u00e0ng v\u1eabn \u0111\u01b0\u1ee3c coi l\u00e0 \u1ee9ng c\u1eed vi\u00ean n\u1eb7ng k\u00fd c\u1ee7a Yoona (SNSD). Trong cu\u1ed9c kh\u1ea3o s\u00e1t l\u1ea7n n\u00e0y Suzy ch\u1ec9 gi\u00e0nh s\u1ed1 phi\u1ebfu \u00edt \u1ecfi 6130 b\u00ecnh ch\u1ecdn, \u00edt h\u01a1n h\u1eb3n so v\u1edbi Qu\u00e1n qu\u00e2n v\u00e0 \u00c1 qu\u00e2n\r\n<p style=\"text-align: center;\"><img class=\"aligncenter size-full wp-image-83076\" src=\"https:\/\/big.vn\/wp-content\/uploads\/2017\/08\/bang-xep-hang-my-nhan-han-quoc-qua-3-the-he-vang-15.png\" alt=\"B\u1ea3ng x\u1ebfp h\u1ea1ng m\u1ef9 nh\u00e2n H\u00e0n Qu\u1ed1c qua 3 th\u1ebf h\u1ec7 v\u00e0ng ph\u1ea7n 15\" width=\"500\" height=\"168\" \/>\r\nB\u1ea3ng x\u1ebfp h\u1ea1ng c\u1ee5 th\u1ec3<\/p>\r\n<em>Tr\u00ean \u0111\u00e2y l\u00e0 nh\u1eefng m\u1ef9 nh\u00e2n h\u00e0n qu\u1ed1c qua 3 th\u1ebf h\u1ec7 v\u00e0ng \u0111\u01b0\u1ee3c nhi\u1ec1u ng\u01b0\u1eddi h\u00e2m m\u1ed9 y\u00eau th\u00edch, c\u00e1c m\u1ef9 nh\u00e2n n\u00e0y kh\u00f4ng ch\u1ec9 n\u1ed5i ti\u1ebfng v\u1edbi nhan s\u1eafc m\u00e0 c\u00f2n n\u1ed5i ti\u1ebfng v\u1edbi t\u00e0i n\u0103ng c\u1ee7a m\u00ecnh trong gi\u1edbi showbiz. Ch\u00fac c\u00e1c b\u1ea1n \u0111\u1ecdc tin vui v\u1ebb v\u00e0 h\u00e3y lu\u00f4n \u0111\u1ed3ng h\u00e0nh c\u00f9ng big.vn \u0111\u1ec3 c\u1eadp nh\u1eadt th\u00eam nhi\u1ec1u th\u00f4ng tin h\u1eefu \u00edch cho b\u1ea3n th\u00e2n nh\u00e9.<\/em>"}