{"title":"Xem t\u1eed vi th\u00e1ng 8\/2017 c\u1ee7a cung Kim Ng\u01b0u \u0111\u1ea7y \u0111\u1ee7 chu\u1ea9n x\u00e1c nh\u1ea5t","categories":["alongay"],"tags":["t\u1eed vi 12 cung ho\u00e0ng \u0111\u1ea1o","T\u1eed vi 2017"],"featureImage":"https:\/\/big.vn\/wp-content\/uploads\/2017\/08\/tu-vi-cung-kim-nguu.jpg","excerpt":"Xem <strong>t\u1eed vi th\u00e1ng 8 c\u1ee7a Kim Ng\u01b0u<\/strong>:\u00a0Cung Kim Ng\u01b0u b\u1eaft \u0111\u1ea7u th\u00e1ng m\u1edbi v\u1edbi m\u1ed9t n\u1ee5 c\u01b0\u1eddi t\u01b0\u01a1i t\u1eafn tr\u00ean m\u00f4i, t\u1ea5t c\u1ea3 l\u00e0 nh\u1edd nh\u1eefng chuy\u1ec7n t\u00edch c\u1ef1c t\u1eeb ng\u01b0\u1eddi th\u00e2n, gia \u0111\u00ecnh, khi\u1ebfn t\u00e2m tr\u1ea1ng b\u1ea1n v\u00f4 c\u00f9ng h\u1ea1nh ph\u00fac. Ho\u1eb7c l\u00fd do c\u00f3 th\u1ec3 l\u00e0 b\u1ea1n \u0111\u00e3 ho\u00e0n th\u00e0nh m\u1ed9t k\u1ebf ho\u1ea1ch \u0111\u1ea7y \u00fd ngh\u0129a v\u00e0 s\u00e1ng t\u1ea1o cho gia ","slug":"tu-vi-cung-kim-nguu__trashed","content":"H\u00e3y c\u00f9ng big.vn xem t\u1eed vi th\u00e1ng 8\/2017 c\u1ee7a cung Kim Ng\u01b0u \u0111\u1ea7y \u0111\u1ee7 chu\u1ea9n x\u00e1c nh\u1ea5t b\u00ean d\u01b0\u1edbi nh\u00e9!\r\n<h3>Xem t\u1eed vi\u00a0th\u00e1ng 8\/2017 c\u1ee7a Kim Ng\u01b0u<\/h3>\r\n<ul>\r\n \t<li>V\u1ec1 c\u00f4ng vi\u1ec7c \u2013 s\u1ef1 nghi\u1ec7p:\u00a0M\u1eb7c cho nh\u1eefng hi\u1ec3u nh\u1ea7m v\u00e0 c\u1ea3n tr\u1edf, 10 ng\u00e0y \u0111\u1ea7u th\u00e1ng, m\u1ecdi th\u1ee9 \u0111\u1ec1u r\u00f5 r\u00e0ng v\u00e0 t\u1ed1t \u0111\u1eb9p. 10 ng\u00e0y ti\u1ebfp theo, b\u1ea1n d\u1ea7n b\u1ecb v\u01b0\u1edbng v\u00e0o nh\u1eefng \u00e2m m\u01b0u xung quanh. Kim Ng\u01b0u c\u1ea7n b\u00ecnh t\u0129nh trong m\u1ecdi t\u00ecnh hu\u1ed1ng, ki\u00ean nh\u1eabn v\u00e0 th\u1eadn tr\u1ecdng v\u1edbi m\u1ecdi ng\u01b0\u1eddi. S\u1ef1 h\u00e0o ph\u00f3ng v\u00e0 thi\u1ec7n ch\u00ed m\u1ed9t trong nh\u1eefng t\u00ednh c\u00e1ch c\u1ee7a Kim Ng\u01b0u s\u1ebd l\u00e0 v\u0169 kh\u00ed l\u1ee3i h\u1ea1i \u0111\u1ec3 b\u1ea1n h\u00f2a gi\u1ea3i nh\u1eefng r\u1eafc r\u1ed1i. 10 ng\u00e0y cu\u1ed1i, Kim Ng\u01b0u s\u1ebd c\u1ed1ng hi\u1ebfn h\u1ebft m\u00ecnh cho s\u1ef1 nghi\u1ec7p.<\/li>\r\n<\/ul>\r\n<img class=\"aligncenter wp-image-83162\" src=\"https:\/\/big.vn\/wp-content\/uploads\/2017\/08\/tu-vi-cung-kim-nguu.jpg\" alt=\"Xem t\u1eed vi th\u00e1ng 8\/2017 c\u1ee7a cung Kim Ng\u01b0u \u0111\u1ea7y \u0111\u1ee7 chu\u1ea9n x\u00e1c nh\u1ea5t\" width=\"600\" height=\"451\" \/>\r\n<ul>\r\n \t<li>V\u1ec1 t\u00e0i ch\u00ednh:\u00a0L\u0129nh v\u1ef1c t\u00e0i ch\u00ednh trong th\u00e1ng 8 c\u1ee7a Kim Ng\u01b0u l\u00ean xu\u1ed1ng th\u1ea5t th\u01b0\u1eddng. Khi b\u1ea1n b\u1eaft \u0111\u1ea7u th\u1ec3 hi\u1ec7n suy ngh\u0129 v\u1edbi ng\u01b0\u1eddi xung quanh c\u0169ng l\u00e0 l\u00fac nhi\u1ec1u \u0111i\u1ec1u c\u00f3 l\u1ee3i s\u1ebd \u0111\u1ebfn v\u1edbi b\u1ea1n. V\u1ec1 s\u1ee9c kh\u1ecfe, th\u1ec3 ch\u1ea5t c\u1ee7a Kim Ng\u01b0u \u0111\u00f2i h\u1ecfi nhi\u1ec1u n\u0103ng l\u01b0\u1ee3ng h\u01a1n do \u0111\u00f3, h\u00e3y b\u1ed5 sung th\u00eam b\u00e1nh m\u00ec v\u00e0 \u0111\u01b0\u1eddng trong kh\u1ea9u ph\u1ea7n \u0103n h\u00e0ng ng\u00e0y \u0111\u1ec3 c\u00f3 th\u1ec3 t\u1eebng b\u01b0\u1edbc n\u00e2ng cao s\u1ee9c kh\u1ecfe nh\u00e9.<\/li>\r\n \t<li>V\u1ec1 s\u1ee9c kh\u1ecfe:\u00a0Nh\u1eefng cu\u1ed9c tr\u00f2 chuy\u1ec7n th\u1eb3ng th\u1eafn s\u1ebd gi\u00fap gia \u0111\u00ecnh c\u1ee7a b\u1ea1n h\u00f2a thu\u1eadn. M\u1ecdi \u0111i\u1ec1u ki\u1ec7n quanh b\u1ea1n s\u1ebd c\u1ea3i thi\u1ec7n \u0111\u00e1ng k\u1ec3 khi b\u1ea1n s\u1eb5n s\u00e0ng h\u1ee3p t\u00e1c. Nh\u1eefng Kim Ng\u01b0u \u0111ang m\u1ed9t m\u00ecnh c\u00f3 th\u1ec3 s\u1ebd t\u00ecm \u0111\u01b0\u1ee3c t\u00ecnh y\u00eau n\u1ebfu b\u1ea1n bi\u1ebft c\u00e1ch v\u01b0\u1ee3t qua nh\u1eefng lo l\u1eafng c\u1ee7a m\u00ecnh.<\/li>\r\n<\/ul>\r\n<h3>Ch\u1ec9 s\u1ed1 may m\u1eafn\u00a0th\u00e1ng 8\/2017 c\u1ee7a Kim Ng\u01b0u<\/h3>\r\n<ul>\r\n \t<li>Ng\u00e0y may m\u1eafn: 8, 9, 10, 18, 19, 27,<\/li>\r\n \t<li>Ng\u00e0y kh\u00f4ng may: 1, 2, 16, 17, 22, 23,<\/li>\r\n \t<li>Ng\u00e0y cho t\u00ecnh c\u1ea3m: 2, 3, 8, 13, 14, 18, 22, 23, 27<\/li>\r\n \t<li>Ng\u00e0y cho t\u00e0i ch\u00ednh: 1, 2, 6, 7, 11, 12, 16, 17, 20, 21, 24, 25,<\/li>\r\n \t<li>Ng\u00e0y cho c\u00f4ng vi\u1ec7c: 1, 2, 6, 24,<\/li>\r\n<\/ul>\r\n<h3>M\u00e0u s\u1eafc h\u1ee3p v\u1edbi Kim Ng\u01b0u trong th\u00e1ng 8\/2017<\/h3>\r\nKim ng\u01b0u ph\u00f9 h\u1ee3p v\u1edbi gam m\u00e0u tr\u1ea7m, mang l\u1ea1i s\u1ef1 \u1ea5m \u00e1p v\u00e0 v\u1ebb ch\u00edn ch\u1eafn. H\u1ecd b\u1ecb l\u00f4i cu\u1ed1n b\u1edfi nh\u1eefng cung b\u1eadc kh\u00e1c nhau c\u1ee7a m\u00e0u xanh, t\u1eeb xanh nh\u1ee3t c\u1ee7a l\u00e1 c\u00e2y \u0111\u1ebfn xanh bi\u1ebfc c\u1ee7a bi\u1ec3n. M\u00e0u \u0111\u1ecf l\u00e0 m\u00e0u Kim ng\u01b0u c\u1ea7n tr\u00e1nh xa.\r\n<h3>T\u1eed vi h\u00e0ng ng\u00e0y c\u1ee7a Kim Ng\u01b0u th\u00e1ng 8\/2017<\/h3>\r\n<ul>\r\n \t<li>T\u1eed vi ng\u00e0y 01\/08\/2017 c\u1ee7a Kim Ng\u01b0u: D\u00f9 c\u00f3 theo c\u00e1ch n\u00e0o, b\u1ea1n c\u0169ng s\u1ebd c\u1ed1 g\u1eafng h\u1ebft s\u1ee9c \u0111\u1ec3 t\u1ef1 n\u1edbi r\u1ed9ng nh\u1eefng gi\u1edbi h\u1ea1n cho m\u00ecnh v\u00e0o h\u00f4m nay. B\u1edfi m\u1ee5c ti\u00eau c\u1ee7a b\u1ea1n xu\u1ea5t ph\u00e1t t\u1eeb nh\u1eefng \u0111i\u1ec1u r\u1ea5t nh\u1ecf nhoi b\u00ecnh th\u01b0\u1eddng, n\u00ean c\u00e1ch \u0111\u1ec3 b\u1ea1n th\u1ef1c hi\u1ec7n ch\u00fang c\u0169ng s\u1ebd kh\u00f4ng qu\u00e1 ph\u1ee9c t\u1ea1p \u0111\u00e2u. Tuy nhi\u00ean, c\u00f3 m\u1ed9t \u0111i\u1ec1u ch\u1eafc ch\u1eafn l\u00e0 b\u1ea1n s\u1ebd v\u00f4 c\u00f9ng b\u1eadn r\u1ed9n trong to\u00e0n b\u1ed9 qu\u00e3ng th\u1eddi gian c\u1ee7a tu\u1ea7n t\u1edbi \u0111\u1ea5y.\u00a0 Con s\u1ed1 may m\u1eafn c\u1ee7a Kim Ng\u01b0u ng\u00e0y 1\/8\/2017 l\u00e0 8, 21.<\/li>\r\n<\/ul>\r\n<ul>\r\n \t<li>T\u1eed vi ng\u00e0y 02\/08\/2017 c\u1ee7a Kim Ng\u01b0u: B\u1ea1n m\u1edbi ch\u1ec9 ho\u00e0n to\u00e0n t\u00ecnh c\u1edd c\u1ea3m nh\u1eadn \u0111\u01b0\u1ee3c nh\u1eefng c\u1ea3m x\u00fac \u0111ang t\u00ecm \u0111\u1ebfn v\u1edbi m\u00ecnh. V\u00e0 theo \u00fd \u0111\u1ecbnh c\u1ee7a b\u1ea3n th\u00e2n, b\u1ea1n s\u1ebd ti\u1ebfp t\u1ee5c gi\u1ea5u k\u00edn ch\u00fang t\u1edbi khi n\u00e0o c\u00f2n c\u00f3 th\u1ec3. Tuy nhi\u00ean, h\u00e3y th\u1eed suy ngh\u0129 \u0111\u1ebfn t\u00ecnh hu\u1ed1ng m\u00e0 b\u1ea1n ph\u1ea3i m\u1ed9t m\u00ecnh \u0111\u1ed1i m\u1eb7t v\u00e0 gi\u1ea3i quy\u1ebft t\u1ea5t c\u1ea3. N\u1ebfu b\u1ea1n c\u1ea3m th\u1ea5y c\u00f3 th\u1ec3 ch\u1ea5p nh\u1eadn v\u00e0 ch\u1ecbu \u0111\u1ef1ng \u0111\u01b0\u1ee3c, v\u1eady th\u00ec h\u00e3y l\u00e0m theo nh\u1eefng g\u00ec b\u1ea1n mu\u1ed1n.\u00a0 Con s\u1ed1 may m\u1eafn c\u1ee7a Kim Ng\u01b0u ng\u00e0y 2\/8\/2017 l\u00e0 11, 4.<\/li>\r\n<\/ul>\r\n<ul>\r\n \t<li>T\u1eed vi ng\u00e0y 03\/08\/2017 c\u1ee7a Kim Ng\u01b0u: N\u1ebfu b\u1ea1n t\u1ef1 ch\u1ea5m d\u1ee9t chuy\u1ec7n g\u1eb7p g\u1ee1 ai \u0111\u00f3 v\u00e0o h\u00f4m nay, h\u00e3y chu\u1ea9n b\u1ecb tinh th\u1ea7n tr\u01b0\u1edbc cho nh\u1eefng cu\u1ed9c b\u00e1m \u0111u\u1ed5i dai d\u1eb3ng s\u1ebd di\u1ec5n ra nh\u1eefng ng\u00e0y sau \u0111\u00f3 nh\u00e9. C\u0169ng b\u1edfi th\u1ebf, nh\u1eefng k\u00ed \u1ee9c m\u00e0 b\u1ea1n t\u01b0\u1edfng ch\u1eebng c\u00f3 th\u1ec3 g\u1ea1t \u0111i v\u1eabn s\u1ebd \u1edf \u0111\u00f3 \u0111eo b\u00e1m b\u1ea1n m\u00e0 th\u00f4i. B\u1ea1n s\u1ebd kh\u00f4ng m\u1ea5t qu\u00e1 nhi\u1ec1u th\u1eddi gian \u0111\u1ec3 nh\u1eadn ra \u0111i\u1ec1u n\u00e0y, v\u00e0 t\u1ea5t c\u1ea3 nh\u1eefng g\u00ec b\u1ea1n c\u1ea7n l\u00e0m hi\u1ec7n t\u1ea1i ch\u1ec9 l\u00e0 ti\u1ebfp t\u1ee5c ti\u1ebfn v\u1ec1 ph\u00eda tr\u01b0\u1edbc theo \u0111\u00fang k\u1ebf ho\u1ea1ch b\u1ea1n \u0111\u00e3 d\u1ef1 t\u00ednh m\u00e0 th\u00f4i.\u00a0 Con s\u1ed1 may m\u1eafn c\u1ee7a Kim Ng\u01b0u ng\u00e0y 3\/8\/2017 l\u00e0 23, 7.<\/li>\r\n<\/ul>\r\n<ul>\r\n \t<li>T\u1eed vi ng\u00e0y 04\/08\/2017 c\u1ee7a Kim Ng\u01b0u: B\u1ea1n \u0111ang c\u1ea3m th\u1ea5y qu\u00e1 kh\u00f3 kh\u0103n khi ph\u1ea3i tin t\u01b0\u1edfng v\u00e0o nh\u1eefng \u0111i\u1ec1u t\u1ed1t \u0111\u1eb9p, tuy nhi\u00ean, b\u1ea1n l\u1ea1i d\u1ec5 d\u00e0ng cho ph\u00e9p nh\u1eefng d\u1ef1 c\u1ea3m x\u1ea5u \u00e1m \u1ea3nh t\u00e2m tr\u1ea1ng c\u1ee7a m\u00ecnh. \u0110\u00f3 ch\u00ednh l\u00e0 v\u1ea5n \u0111\u1ec1 l\u1edbn nh\u1ea5t m\u00e0 b\u1ea1n ph\u1ea3i \u0111\u1ed1i m\u1eb7t v\u00e0o l\u00fac n\u00e0y. B\u1ea1n th\u1eadt s\u1ef1 c\u00f3 ti\u1ec1m n\u0103ng r\u1ea5t t\u1ed1t, tuy nhi\u00ean, \u0111\u1ec3 c\u00f3 th\u1ec3 \u0111i t\u1edbi t\u1eadn c\u00f9ng nh\u1eefng m\u1ee5c ti\u00eau m\u00e0 b\u1ea1n \u0111\u1eb7t ra th\u00ec s\u1ef1 t\u1ef1 tin v\u00e0 quy\u1ebft t\u00e2m m\u1edbi l\u00e0 y\u1ebfu t\u1ed1 quan tr\u1ecdng h\u01a1n c\u1ea3. Con s\u1ed1 may m\u1eafn c\u1ee7a Kim Ng\u01b0u l\u00e0 29, 8.<\/li>\r\n<\/ul>\r\n<ul>\r\n \t<li>T\u1eed vi ng\u00e0y 05\/08\/2017 c\u1ee7a Kim Ng\u01b0u: B\u1ea1n \u0111\u00e3 ho\u00e0n to\u00e0n ki\u1ec1m ch\u1ebf \u0111\u01b0\u1ee3c nh\u1eefng c\u1ea3m x\u00fac b\u1ed9c ph\u00e1t c\u1ee7a b\u1ea3n th\u00e2n v\u00e0 gi\u1edd l\u00e0 l\u00fac b\u1ea1n nh\u00ecn l\u1ea1i nguy\u00ean nh\u00e2n khi\u1ebfn m\u00ecnh tr\u1edf n\u00ean nh\u01b0 v\u1eady. Ch\u01b0a bao gi\u1edd b\u1ea1n th\u1ea5y m\u00ecnh l\u1ea1i nh\u1ea1y c\u1ea3m v\u00e0 d\u1ec5 t\u1ed5n th\u01b0\u01a1ng \u0111\u1ebfn th\u1ebf. Tuy nhi\u00ean, m\u1ecdi vi\u1ec7c l\u1ea1i b\u1eaft \u0111\u1ea7u kh\u00f4ng ph\u1ea3i b\u1edfi m\u1ed9t l\u00fd do l\u1edbn n\u00e0o, m\u00e0 ch\u00ednh t\u1eeb s\u1ef1 t\u1ed5ng h\u1ee3p c\u1ee7a nh\u1eefng r\u1eafc r\u1ed1i nh\u1ecf nh\u1ea5t. C\u00f3 th\u1ec3 n\u00f3i, ch\u00ednh \u00e1p l\u1ef1c t\u1eeb ch\u00fang \u0111\u00e3 \u0111\u1ea9y b\u1ea1n v\u00e0o t\u00ecnh hu\u1ed1ng kh\u00f4ng th\u1ec3 kh\u1ed1ng ch\u1ebf b\u1ea3n th\u00e2n \u1ea5y.\u00a0 Con s\u1ed1 may m\u1eafn c\u1ee7a Kim Ng\u01b0u ng\u00e0y 5\/8\/2017 l\u00e0 2, 19.<\/li>\r\n<\/ul>\r\n<ul>\r\n \t<li>T\u1eed vi ng\u00e0y 06\/08\/2017 c\u1ee7a Kim Ng\u01b0u: T\u1ed1t h\u01a1n h\u1ebft, b\u1ea1n n\u00ean bi\u1ebft r\u00f5 v\u00e0 ch\u1eafc ch\u1eafn r\u1eb1ng b\u1ea3n th\u00e2n m\u00ecnh mu\u1ed1n g\u00ec v\u00e0o h\u00f4m nay. H\u00e3y n\u00f3i ch\u1eadm r\u00e3i nh\u01b0ng th\u1eadt r\u00f5 r\u00e0ng, v\u00e0 \u0111\u1eebng bao gi\u1edd c\u00f3 th\u00e1i \u0111\u1ed9 v\u00f2ng vo. T\u1eeb nh\u1eefng v\u1ea5n \u0111\u1ec1 nh\u1ecf nh\u1ea5t nh\u01b0 m\u00f3n \u0103n m\u00e0 b\u1ea1n th\u1eed, hay r\u1eafc r\u1ed1i l\u1edbn h\u01a1n nh\u01b0 c\u00e2u chuy\u1ec7n v\u1edbi n\u1eeda kia, b\u1ea1n c\u1ea7n \u0111\u1ea3m b\u1ea3o s\u1ebd n\u00f3i ra to\u00e0n b\u1ed9 suy ngh\u0129 th\u1eadt l\u00f2ng nh\u1ea5t. \u0110\u1eebng n\u1ec1 h\u00e0 hay e ng\u1ea1i ai, n\u1ebfu kh\u00f4ng c\u00e1i gi\u00e1 b\u1ea1n ph\u1ea3i tr\u1ea3 s\u1ebd \u0111\u1eaft h\u01a1n nhi\u1ec1u so v\u1edbi b\u1ea1n t\u01b0\u1edfng t\u01b0\u1ee3ng \u0111\u1ea5y.\u00a0 Con s\u1ed1 may m\u1eafn c\u1ee7a Kim Ng\u01b0u ng\u00e0y 6\/8\/2017 l\u00e0 20, 6.<\/li>\r\n<\/ul>\r\n<ul>\r\n \t<li>T\u1eed vi ng\u00e0y 07\/08\/2017 c\u1ee7a Kim Ng\u01b0u:Nhi\u1ec1u ng\u01b0\u1eddi \u0111ang mu\u1ed1n n\u00f3i chuy\u1ec7n v\u00e0 g\u1eb7p g\u1ee1 b\u1ea1n. V\u1eady th\u00ec h\u00e3y c\u1ed1 g\u1eafng ho\u00e0n thi\u1ec7n c\u00f4ng vi\u1ec7c nhanh nh\u1ea5t c\u00f3 th\u1ec3 \u0111\u1ec3 thu x\u1ebfp th\u1eddi gian cho c\u00e1c cu\u1ed9c h\u1eb9n h\u00f2, \u0111i\u1ec1u n\u00e0y l\u00e0m b\u1ea1n m\u1edf r\u1ed9ng m\u1ed1i quan h\u1ec7 x\u00e3 h\u1ed9i.\u00a0 Con s\u1ed1 may m\u1eafn c\u1ee7a Kim Ng\u01b0u ng\u00e0y 7\/8\/2017 l\u00e0 22, 17.<\/li>\r\n<\/ul>\r\n<ul>\r\n \t<li>T\u1eed vi ng\u00e0y 08\/08\/2017 c\u1ee7a Kim Ng\u01b0u: B\u1ea1n s\u1ebd v\u00f4 t\u00ecnh nh\u1eadn ra r\u1eb1ng m\u00ecnh \u0111ang tr\u00f2 chuy\u1ec7n v\u1edbi ng\u01b0\u1eddi m\u00e0 ch\u00ednh b\u1ea1n c\u0169ng ch\u1eb3ng th\u1ec3 ng\u1edd \u0111\u1ebfn v\u00e0o h\u00f4m nay. V\u00e0 h\u01a1n h\u1ebft, cu\u1ed9c tr\u00f2 chuy\u1ec7n \u1ea5y \u0111\u00e3 mang t\u1edbi cho b\u1ea1n nhi\u1ec1u ni\u1ec1m vui v\u00e0 s\u1ef1 th\u00fa v\u1ecb h\u01a1n nh\u1eefng g\u00ec b\u1ea1n ngh\u0129. \u0110\u1ee9ng tr\u01b0\u1edbc \u0111\u1ed1i ph\u01b0\u01a1ng, b\u1ea1n nh\u1eadn ra r\u1eb1ng m\u00ecnh t\u00f2 m\u00f2 h\u01a1n bao gi\u1edd h\u1ebft v\u1ec1 t\u1eebng chi ti\u1ebft nh\u1ecf nh\u1eb7t nh\u1ea5t trong cu\u1ed9c s\u1ed1ng c\u1ee7a ng\u01b0\u1eddi \u1ea5y. \u0110\u00f3 c\u0169ng l\u00e0 th\u1eddi \u0111i\u1ec3m b\u1ea1n nh\u1eadn ra c\u1ea3m t\u00ednh v\u00e0 nh\u1eadn x\u00e9t phi\u1ebfn di\u1ec7n c\u1ee7a b\u1ea3n th\u00e2n v\u1ec1 \u0111\u1ed1i ph\u01b0\u01a1ng \u0111\u00e3 ho\u00e0n to\u00e0n sai l\u1ec7ch.\u00a0 Con s\u1ed1 may m\u1eafn c\u1ee7a Kim Ng\u01b0u ng\u00e0y 8\/8\/2017 l\u00e0 14, 3.<\/li>\r\n<\/ul>\r\n<ul>\r\n \t<li>T\u1eed vi ng\u00e0y 09\/08\/2017 c\u1ee7a Kim Ng\u01b0u: C\u00f3 qu\u00e1 nhi\u1ec1u \u0111i\u1ec1u t\u1ed1t \u0111\u1eb9p \u0111ang di\u1ec5n ra xung quanh b\u1ea1n, v\u00e0 v\u1edbi s\u1ef1 tham lam c\u1ee7a b\u1ea3n th\u00e2n, b\u1ea1n mong mu\u1ed1n c\u00f3 th\u1ec3 n\u1eafm \u0111\u01b0\u1ee3c t\u1ea5t c\u1ea3 trong tay m\u00ecnh. D\u00f9 sao \u0111i n\u1eefa th\u1eddi \u0111i\u1ec3m hi\u1ec7n t\u1ea1i c\u0169ng l\u00e0 l\u00fac th\u00edch h\u1ee3p nh\u1ea5t \u0111\u1ec3 b\u1ea1n h\u01b0\u1edfng th\u1ee5 c\u00f4ng s\u1ee9c m\u00e0 m\u00ecnh \u0111\u00e3 n\u1ed7 l\u1ef1c b\u1ecf ra. B\u1ea1n th\u1eadm ch\u00ed s\u1ebd c\u00e0ng vui h\u01a1n v\u1ec1 cu\u1ed1i c\u00f9ng n\u1ebfu b\u1ea1n c\u00f3 th\u1ec3 gi\u1eef \u0111\u01b0\u1ee3c s\u1ef1 c\u00e2n b\u1eb1ng cho m\u1ecdi vi\u1ec7c m\u00e0 b\u1ea1n tham gia.\u00a0 Con s\u1ed1 may m\u1eafn c\u1ee7a Kim Ng\u01b0u ng\u00e0y 9\/8\/2017 l\u00e0 2, 20.<\/li>\r\n<\/ul>\r\n<ul>\r\n \t<li>T\u1eed vi ng\u00e0y 10\/08\/2017 c\u1ee7a Kim Ng\u01b0u: C\u0169ng nh\u01b0 t\u1ea5t c\u1ea3 m\u1ecdi ng\u01b0\u1eddi xung quanh, b\u1ea1n \u0111\u00e3 c\u00f3 \u00edt nh\u1ea5t m\u1ed9t l\u1ea7n c\u1ea3m nh\u1eadn \u0111\u01b0\u1ee3c th\u1ebf n\u00e0o l\u00e0 s\u1ef1 \u0111am m\u00ea th\u1ef1c th\u1ee5, hay nh\u1eefng c\u1ea3m x\u00fac \u0111i k\u00e8m theo \u0111\u00f3. C\u00f3 th\u1ec3 n\u00f3i, m\u1edbi ch\u1ec9 v\u00e0 ph\u00fat tr\u01b0\u1edbc th\u00f4i, b\u1ea1n v\u1eabn \u0111ang ho\u00e0n to\u00e0n vui v\u1ebb, nh\u01b0ng ngay l\u1eadp t\u1ee9c sau \u0111\u00f3, nh\u1eefng l\u00fd do kh\u00f4ng t\u01b0\u1edfng khi\u1ebfn b\u1ea1n tr\u1ea7m u\u1ea5t, th\u1eadm ch\u00ed l\u00e0 stress. T\u1ed1t h\u01a1n h\u1ebft, b\u1ea1n n\u00ean chu\u1ea9n b\u1ecb tinh th\u1ea7n \u0111\u1ed1i m\u1eb7t v\u1edbi t\u1ea5t c\u1ea3 nh\u1eefng \u0111i\u1ec1u \u0111\u00f3 v\u00e0o h\u00f4m nay, n\u1ebfu kh\u00f4ng mu\u1ed1n th\u1ea5y m\u00ecnh qu\u00e1 b\u1ea5t ng\u1edd v\u00e0 c\u00f3 nh\u1eefng h\u00e0nh \u0111\u1ed9ng \u0111i\u00ean r\u1ed3.\u00a0 Con s\u1ed1 may m\u1eafn c\u1ee7a Kim Ng\u01b0u ng\u00e0y 10\/8\/2017 l\u00e0 23, 5.<\/li>\r\n<\/ul>\r\n<ul>\r\n \t<li>T\u1eed vi ng\u00e0y 11\/08\/2017 c\u1ee7a Kim Ng\u01b0u: Ch\u1eb3ng c\u00f3 l\u00ed do g\u00ec \u0111\u1ec3 b\u1ea1n c\u1ee9 m\u00e3i che gi\u1ea5u, trong khi b\u1ea3n th\u00e2n ho\u00e0n to\u00e0n c\u00f3 th\u1ec3 t\u1ecfa s\u00e1ng r\u1ef1c r\u1ee1. Th\u1ec3 hi\u1ec7n kh\u00f4ng ph\u1ea3i l\u00e0 m\u1ed9t c\u00e1i t\u1ed9i, v\u00e0 th\u1ef1c s\u1ef1 c\u0169ng ch\u1eb3ng c\u00f3 l\u00ed do g\u00ec \u0111\u1ec3 ch\u00ea bai chuy\u1ec7n \u0111\u00f3. M\u1ed9t khi b\u1ea1n \u0111\u00e3 l\u00e0m nh\u1eefng vi\u1ec7c \u0111\u00e1ng \u0111\u01b0\u1ee3c c\u00f4ng nh\u1eadn, h\u00e3y t\u1ef1 t\u00f4n tr\u1ecdng s\u1ee9c l\u1ef1c c\u1ee7a b\u1ea3n th\u00e2n b\u1eb1ng c\u00e1ch \u0111\u1ec3 ng\u01b0\u1eddi kh\u00e1c bi\u1ebft \u0111\u1ebfn vi\u1ec7c b\u1ea1n \u0111\u00e3 l\u00e0m. Con s\u1ed1 may m\u1eafn c\u1ee7a Kim Ng\u01b0u ng\u00e0y 11\/8\/2017 l\u00e0 29, 18.<\/li>\r\n<\/ul>\r\n<ul>\r\n \t<li>T\u1eed vi ng\u00e0y 12\/08\/2017 c\u1ee7a Kim Ng\u01b0u: B\u1ea1n ch\u00ednh l\u00e0 ng\u01b0\u1eddi s\u1ebd mang t\u1edbi s\u1ef1 tho\u1ea3i m\u00e1i cho t\u1ea5t c\u1ea3 m\u1ecdi ng\u01b0\u1eddi xung quanh v\u00e0o h\u00f4m nay. B\u1ea3n th\u00e2n b\u1ea1n v\u1eabn lu\u00f4n k\u0129 t\u00ednh, \u0111\u1ec1 cao ch\u1ea5t l\u01b0\u1ee3ng v\u00e0 s\u1ebd ch\u1eb3ng d\u1ec5 g\u00ec b\u1eb1ng l\u00f2ng v\u1edbi nh\u1eefng \u0111\u1ec1 ngh\u1ecb \u0111\u01b0\u1ee3c \u0111\u01b0a ra cho m\u00ecnh. B\u1ea1n s\u1ebd ch\u1eb3ng bao gi\u1edd ch\u1ea5p nh\u1eadn m\u1ed9t g\u1ee3i \u00fd \u0111\u01b0\u1ee3c \u0111\u00e1nh gi\u00e1 l\u00e0 nh\u00e0m ch\u00e1n ngay t\u1eeb \u0111\u1ea7u. Th\u00eam v\u00e0o \u0111\u00f3, s\u1ebd ch\u1eb3ng c\u00f3 l\u00ed do g\u00ec bu\u1ed9c b\u1ea1n l\u00e0m quen v\u1edbi ng\u01b0\u1eddi m\u00e0 b\u1ea1n kh\u00f4ng y\u00eau qu\u00fd. Con s\u1ed1 may m\u1eafn c\u1ee7a Kim Ng\u01b0u ng\u00e0y 12\/8\/2017 l\u00e0 12, 8.<\/li>\r\n<\/ul>\r\n<ul>\r\n \t<li>T\u1eed vi ng\u00e0y 13\/08\/2017 c\u1ee7a Kim Ng\u01b0u: Vi\u1ec7c \u0111\u1ea7u ti\u00ean b\u1ea1n c\u1ea7n l\u00e0m v\u00e0o h\u00f4m nay, \u0111\u00f3 l\u00e0 quy\u1ebft \u0111\u1ecbnh xem b\u1ea1n c\u00f3 th\u1ec3 l\u00e0m g\u00ec cho ng\u01b0\u1eddi b\u1ea1n y\u00eau qu\u00fd, b\u1ea1n b\u00e8 hay th\u00e0nh vi\u00ean trong gia \u0111\u00ecnh m\u00ecnh. S\u1ef1 th\u1eadt l\u00e0 nh\u1eefng ng\u01b0\u1eddi xung quanh \u0111\u00e3 ch\u1ecbu \u0111\u1ef1ng t\u00ednh kh\u00ed kh\u00f3 ch\u1ecbu c\u1ee7a b\u1ea1n su\u1ed1t m\u1ed9t th\u1eddi gian d\u00e0i, v\u00e0 n\u1ebfu c\u1ee9 ti\u1ebfp t\u1ee5c nh\u01b0 v\u1eady, b\u1ea1n s\u1ebd ch\u1ec9 nh\u1eadn l\u1ea1i s\u1ef1 kh\u00f3 ch\u1ecbu t\u1eeb nh\u1eefng ng\u01b0\u1eddi xung quanh m\u00e0 th\u00f4i. D\u00f9 c\u1ea3m x\u00fac c\u1ee7a b\u1ea1n v\u1eabn lu\u00f4n \u0111\u01b0\u1ee3c th\u1ec3 hi\u1ec7n ra m\u1ed9t c\u00e1ch v\u00f4 c\u00f9ng r\u00f5 r\u00e0ng, h\u00e3y c\u1ee9 th\u1eed t\u1eebng ch\u00fat m\u1ed9t thay \u0111\u1ed5i b\u1ea3n th\u00e2n nh\u00e9.\u00a0 Con s\u1ed1 may m\u1eafn c\u1ee7a Kim Ng\u01b0u ng\u00e0y 13\/8\/2017 l\u00e0 8, 27.<\/li>\r\n<\/ul>\r\n<ul>\r\n \t<li>T\u1eed vi ng\u00e0y 14\/08\/2017 c\u1ee7a Kim Ng\u01b0u: \u0110\u00f4i l\u00fac, b\u1ea1n l\u00e0m cho b\u1ed1 m\u1eb9 kh\u00f4ng th\u1ef1c s\u1ef1 h\u00e0i l\u00f2ng, n\u00ean c\u1ed1 g\u1eafng t\u1eadp trung v\u00e0o h\u1ecdc t\u1eadp h\u01a1n n\u1eefa. Trong h\u00f4m nay, s\u1ebd c\u00f3 nhi\u1ec1u l\u1eddi m\u1eddi \u0111i ch\u01a1i t\u1eeb b\u1ea1n b\u00e8, Kim Ng\u01b0u n\u00ean t\u1eeb ch\u1ed1i kh\u00e9o nghen. Nhi\u1ec1u c\u01a1 h\u1ed9i \u0111\u1ebfn v\u00e0o \u0111\u1ea7u ng\u00e0y, nh\u01b0ng s\u1ebd ph\u1ea3i \u0111\u1ea7u t\u01b0 kh\u00e1 nhi\u1ec1u c\u00f4ng s\u1ee9c th\u00ec m\u1edbi c\u00f3 th\u1ec3 g\u1eb7t h\u00e1i th\u00e0nh c\u00f4ng \u0111\u01b0\u1ee3c. Bu\u1ed5i t\u1ed1i, b\u1ea1n n\u00ean trao \u0111\u1ed5i nh\u1eefng d\u1ef1 \u0111\u1ecbnh t\u01b0\u01a1ng lai v\u1edbi gia \u0111\u00ecnh, r\u1ea5t nhi\u1ec1u l\u1eddi khuy\u00ean b\u1ed5 \u00edch \u0111\u01b0\u1ee3c \u0111\u01b0a ra \u0111\u1ea5y.<\/li>\r\n<\/ul>\r\n<ul>\r\n \t<li>T\u1eed vi ng\u00e0y 15\/08\/2017 c\u1ee7a Kim Ng\u01b0u: C\u1ea3m gi\u00e1c b\u1ecb m\u00f4i tr\u01b0\u1eddng xung quanh bao b\u1ecdc qu\u00e1 m\u1ee9c khi\u1ebfn b\u1ea1n c\u00f3 ch\u00fat ng\u1ed9t ng\u1ea1t v\u00e0 c\u00f3 xu h\u01b0\u1edbng t\u00ecm \u0111\u1ee7 m\u1ecdi c\u00e1ch \u0111\u1ec3 tho\u00e1t ra. Tuy nhi\u00ean, b\u1ea3n th\u00e2n l\u1ea1i ch\u01b0a cho ph\u00e9p b\u1ea1n l\u00e0m vi\u1ec7c \u0111\u00f3. \u0110\u1ea7u t\u01b0 qu\u00e1 m\u1ee9c cho m\u1ed9t c\u01a1 h\u1ed9i ch\u00ednh l\u00e0 y\u1ebfu t\u1ed1 gi\u1eef ch\u00e2n b\u1ea1n l\u1ea1i cho t\u1edbi khi n\u00e0o b\u1ea1n gi\u1ea3i quy\u1ebft xong xu\u00f4i t\u1ea5t c\u1ea3 m\u1ecdi vi\u1ec7c c\u00f2n dang d\u1edf, ho\u1eb7c \u0111\u1ea1t \u0111\u01b0\u1ee3c m\u1ee5c ti\u00eau c\u1ee7a m\u00ecnh m\u1edbi th\u00f4i.\u00a0 Con s\u1ed1 may m\u1eafn c\u1ee7a Kim Ng\u01b0u ng\u00e0y 15\/8\/2017 l\u00e0 30, 21.<\/li>\r\n<\/ul>\r\n<ul>\r\n \t<li>T\u1eed vi ng\u00e0y 16\/08\/2017 c\u1ee7a Kim Ng\u01b0u: V\u1edbi b\u1ea7u kh\u00f4ng kh\u00ed c\u1ee7a h\u00f4m nay, t\u1ed1t h\u01a1n h\u1ebft b\u1ea1n n\u00ean g\u1ea1t sang m\u1ed9t b\u00ean nh\u1eefng s\u1ef1 \u0111\u1ec1 ph\u00f2ng c\u1ee7a ng\u00e0y th\u01b0\u1eddng. C\u00f3 th\u1ec3 n\u00f3i, th\u00e0nh c\u00f4ng s\u1ebd \u0111\u1ebfn v\u1edbi b\u1ea1n qua con \u0111\u01b0\u1eddng nhanh nh\u1ea5t n\u1ebfu b\u1ea1n ch\u1ea5p nh\u1eadn m\u1ea1o hi\u1ec3m v\u00e0, r\u1ee7i ro. V\u00e0 b\u1edfi th\u1ebf, n\u1ebfu b\u1ea1n c\u00f3 l\u1ef1a ch\u1ecdn theo \u0111u\u1ed5i nh\u1eefng l\u0129nh v\u1ef1c ho\u00e0n to\u00e0n m\u1edbi, h\u00e3y ho\u00e0n to\u00e0n tin t\u01b0\u1edfng v\u00e0o ch\u00ednh m\u00ecnh v\u00e0 c\u1ed1 g\u1eafng cho t\u1edbi cu\u1ed1i c\u00f9ng nh\u00e9. Con s\u1ed1 may m\u1eafn c\u1ee7a Kim Ng\u01b0u ng\u00e0y 16\/8\/2017 l\u00e0 4, 27.<\/li>\r\n<\/ul>\r\n<ul>\r\n \t<li>T\u1eed vi ng\u00e0y 17\/08\/2017 c\u1ee7a Kim Ng\u01b0u: \u0110\u1eebng qu\u00e1 lo l\u1eafng n\u1ebfu nh\u1eefng ng\u01b0\u1eddi xung quanh li\u00ean ti\u1ebfp g\u00e2y \u00e1p l\u1ef1c khi\u1ebfn b\u1ea1n kh\u00f3 ch\u1ecbu. S\u1ef1 th\u1eadt l\u00e0 h\u1ecd ch\u1ec9 \u0111ang c\u1ed1 g\u1eafng g\u00e2y ch\u00fa \u00fd v\u1edbi b\u1ea1n. L\u1ea7n t\u1edbi, h\u00e3y th\u1eadt l\u00f2ng ch\u00fac m\u1eebng khi b\u1ea1n th\u1ea5y ai \u0111\u00f3 \u0111\u1ea1t \u0111\u01b0\u1ee3c th\u00e0nh c\u00f4ng l\u1edbn nh\u00e9. \u0110i\u1ec1u \u0111\u00f3 s\u1ebd gi\u00fap b\u1ea1n ch\u1ee9ng t\u1ecf \u0111\u01b0\u1ee3c b\u1ea3n th\u00e2n v\u00e0 th\u1eaft ch\u1eb7t \u0111\u01b0\u1ee3c m\u1ed1i quan h\u1ec7 v\u1edbi nh\u1eefng ng\u01b0\u1eddi xung quanh. Con s\u1ed1 may m\u1eafn c\u1ee7a Kim Ng\u01b0u ng\u00e0y 17\/8\/2017 l\u00e0 10, 9.<\/li>\r\n<\/ul>\r\n<ul>\r\n \t<li>T\u1eed vi ng\u00e0y 18\/08\/2017 c\u1ee7a Kim Ng\u01b0u: C\u00f4ng vi\u1ec7c c\u1ee7a b\u1ea1n g\u1eb7p ch\u00fat kh\u00f3 kh\u0103n v\u00e0o h\u00f4m nay. \u0110\u00f3 l\u00e0 \u0111\u1ee9ng tr\u01b0\u1edbc nh\u1eefng ng\u01b0\u1eddi lu\u00f4n t\u1ecf th\u00e1i \u0111\u1ed9 nghi ng\u1edd n\u0103ng l\u1ef1c c\u1ee7a b\u1ea1n, ch\u1ec9 ri\u00eang l\u1eddi n\u00f3i th\u00f4i l\u00e0 ch\u01b0a \u0111\u1ee7. T\u1ed1t h\u01a1n h\u1ebft, b\u1ea1n n\u00ean ch\u1ee9ng minh kh\u1ea3 n\u0103ng c\u1ee7a m\u00ecnh b\u1eb1ng nh\u1eefng k\u1ebf ho\u1ea1ch h\u00e0nh \u0111\u1ed9ng c\u1ee5 th\u1ec3. Chuy\u1ec7n n\u00e0y s\u1ebd kh\u00f4ng qu\u00e1 kh\u00f3 kh\u0103n v\u1edbi b\u1ea1n \u0111\u00e2u, m\u1ed9t khi b\u1ea1n d\u00e0nh \u0111\u1ee7 quy\u1ebft t\u00e2m v\u00e0 nhi\u1ec7t huy\u1ebft cho nh\u1eefng g\u00ec m\u00ecnh l\u00e0m.\u00a0 Con s\u1ed1 may m\u1eafn c\u1ee7a Kim Ng\u01b0u ng\u00e0y 18\/8\/2017 l\u00e0 5, 8.<\/li>\r\n<\/ul>\r\n<ul>\r\n \t<li class=\"extra_hd\">T\u1eed vi ng\u00e0y 19\/08\/2017 c\u1ee7a Kim Ng\u01b0u: V\u1edbi b\u1ea1n, vi\u1ec7c chi\u1ec1u chu\u1ed9ng ng\u01b0\u1eddi b\u1ea1n y\u00eau th\u01b0\u01a1ng d\u01b0\u1eddng nh\u01b0 l\u00e0 kh\u00f4ng c\u00f3 gi\u1edbi h\u1ea1n. Tuy nhi\u00ean, tr\u01b0\u1edbc nh\u1eefng chuy\u1ec7n s\u1eafp s\u1eeda x\u1ea3y ra v\u00e0o h\u00f4m nay, c\u00f3 th\u1ec3 b\u1ea1n s\u1ebd kh\u00f4ng c\u00f2n gi\u1eef \u0111\u01b0\u1ee3c suy ngh\u0129 \u1ea5y n\u1eefa. S\u1ebd c\u00f3 nh\u1eefng th\u1eddi \u0111i\u1ec3m b\u1ea1n kh\u00e1 m\u1ea5t b\u00ecnh t\u0129nh, v\u00e0 ch\u1ec9 thi\u1ebfu ch\u00fat n\u1eefa th\u00f4i l\u00e0 s\u1ebd d\u1ea1y cho \u0111\u1ed1i ph\u01b0\u01a1ng m\u1ed9t b\u00e0i h\u1ecdc. T\u1ed1t h\u01a1n h\u1ebft, h\u00e3y gi\u1eef cho b\u1ea3n th\u00e2n lu\u00f4n \u0111\u01b0\u1ee3c vui v\u1ebb, n\u1ebfu b\u1ea1n kh\u00f4ng mu\u1ed1n c\u00f3 qu\u00e1 nhi\u1ec1u ng\u01b0\u1eddi cho b\u1ea1n c\u1ea3m gi\u00e1c phi\u1ec1n ph\u1ee9c.\u00a0 Con s\u1ed1 may m\u1eafn c\u1ee7a Kim Ng\u01b0u ng\u00e0y 19\/8\/2017 l\u00e0 7, 22.<\/li>\r\n<\/ul>\r\n<ul>\r\n \t<li class=\"extra_hd\">T\u1eed vi ng\u00e0y 20\/08\/2017 c\u1ee7a Kim Ng\u01b0u: H\u00e3y th\u1eb3ng th\u1eafn \u0111\u1ed1i m\u1eb7t v\u1edbi nh\u1eefng r\u1eafc r\u1ed1i \u0111ang l\u00e0m phi\u1ec1n b\u1ea1n b\u1ea5y l\u00e2u. S\u1ef1 th\u1eadt l\u00e0 b\u1ea1n \u0111\u00e3 ch\u1ecbu \u0111\u1ef1ng v\u00e0 ch\u1ea5p nh\u1eadn lo l\u1eafng cho m\u1ed9t ng\u01b0\u1eddi su\u1ed1t m\u1ed9t kho\u1ea3ng th\u1eddi gian d\u00e0i, v\u00e0 b\u1ea1n c\u0169ng kh\u00f4ng h\u1ec1 c\u00f3 \u00fd \u0111\u1ecbnh d\u1eebng vi\u1ec7c \u0111\u00f3 l\u1ea1i, nh\u1ea5t l\u00e0 khi \u0111\u1ed1i ph\u01b0\u01a1ng lu\u00f4n t\u1ecf ra mu\u1ed1n ch\u1ed1i t\u1eeb s\u1ef1 quan t\u00e2m m\u00e0 b\u1ea1n d\u00e0nh cho. D\u00f9 sao \u0111i n\u1eefa, b\u1ea1n c\u0169ng kh\u00f4ng n\u00ean suy ngh\u0129 qu\u00e1 nhi\u1ec1u v\u00e0 th\u00e1i \u0111\u1ed9 c\u1ee7a ng\u01b0\u1eddi \u0111\u1ed1i di\u1ec7n, b\u1edfi d\u00f9 nh\u00ecn theo h\u01b0\u1edbng n\u00e0o, b\u1ea1n c\u0169ng \u0111\u00e3 c\u1ed1 g\u1eafng h\u1ebft s\u1ee9c v\u1edbi vai tr\u00f2 c\u1ee7a m\u00ecnh r\u1ed3i.\u00a0 Con s\u1ed1 may m\u1eafn c\u1ee7a Kim Ng\u01b0u ng\u00e0y 20\/8\/2017 l\u00e0 27, 10.<\/li>\r\n<\/ul>\r\n<ul>\r\n \t<li class=\"extra_hd\">T\u1eed vi ng\u00e0y 21\/08\/2017 c\u1ee7a Kim Ng\u01b0u: H\u00e3y chu\u1ea9n b\u1ecb th\u1eadt k\u0129 cho m\u1ed9t vi\u1ec7c quan tr\u1ecdng h\u00f4m nay. Th\u00e1i \u0111\u1ed9 ch\u1ee7 quan c\u00f3 th\u1ec3 khi\u1ebfn b\u1ea1n g\u1eb7p r\u1eafc r\u1ed1i kh\u00f4ng \u0111\u00e1ng c\u00f3 \u0111\u1ea7u n\u0103m. May m\u1eafn t\u1ea1m r\u1eddi xa trong d\u1ecbp hi\u1ebfm hoi nh\u01b0 th\u1eddi \u0111i\u1ec3m n\u00e0y, do v\u1eady b\u1ea1n n\u00ean \u0111\u1ec1 cao c\u1ea3nh gi\u00e1c.<\/li>\r\n<\/ul>\r\n<ul>\r\n \t<li class=\"extra_hd\">T\u1eed vi ng\u00e0y 22\/08\/2017 c\u1ee7a Kim Ng\u01b0u: Nh\u1eefng ng\u01b0\u1eddi xung quanh \u0111ang h\u1ebft s\u1ee9c c\u1ed1 g\u1eafng \u0111\u1ec3 \u0111\u1ea9y b\u1ea1n ti\u1ebfn v\u1ec1 ph\u00eda tr\u01b0\u1edbc, nh\u01b0ng v\u1edbi b\u1ea3n n\u0103ng v\u00e0 s\u1ef1 c\u1ee9ng \u0111\u1ea7u c\u1ee7a m\u00ecnh, b\u1ea1n s\u1ebd l\u00e0m m\u1ecdi c\u00e1ch \u0111\u1ec3 tho\u00e1t ra kh\u1ecfi t\u1ea7m ki\u1ec3m so\u00e1t c\u1ee7a h\u1ecd. C\u00f3 th\u1ec3 n\u00f3i, b\u1ea1n \u0111\u00e3 \u0111\u1ee7 l\u1edbn \u0111\u1ec3 t\u1ef1 suy ngh\u0129 v\u00e0 th\u1ef1c hi\u1ec7n nh\u1eefng k\u1ebf ho\u1ea1ch c\u1ee7a ch\u00ednh m\u00ecnh, v\u00e0 s\u1ebd ch\u1eb3ng c\u00f3 l\u00ed g\u00ec \u0111\u1ec3 ai \u0111\u00f3 can thi\u1ec7p qu\u00e1 s\u00e2u v\u00e0o cu\u1ed9c s\u1ed1ng c\u1ee7a b\u1ea1n c\u1ea3. Con s\u1ed1 may m\u1eafn c\u1ee7a Kim Ng\u01b0u ng\u00e0y 22\/8\/2017 l\u00e0 15, 24.<\/li>\r\n<\/ul>\r\n<ul>\r\n \t<li class=\"extra_hd\">T\u1eed vi ng\u00e0y 23\/08\/2017 c\u1ee7a Kim Ng\u01b0u: B\u1ea1n c\u1ea7n t\u1ef1 gh\u00ecm m\u00ecnh l\u1ea1i v\u00e0 ti\u1ebfn ch\u1eadm h\u01a1n ngay l\u00fac n\u00e0y. B\u1edfi vi\u1ec7c b\u1ea1n c\u1ed1 g\u1eafng h\u1ebft s\u1ee9c lao \u0111\u1ea7u v\u1ec1 ph\u00eda tr\u01b0\u1edbc, trong khi nh\u1eefng ng\u01b0\u1eddi xung quanh kh\u00f4ng th\u1ec3 theo k\u1ecbp, c\u0169ng s\u1ebd ch\u1eb3ng c\u00f2n \u00fd ngh\u0129a g\u00ec n\u1eefa. V\u1edbi m\u1ed9t ng\u01b0\u1eddi v\u1ed1n kh\u00f4ng th\u00edch \u1edf m\u1ed9t m\u00ecnh nh\u01b0 b\u1ea1n, chuy\u1ec7n \u0111\u00f3 c\u0169ng s\u1ebd tr\u1edf n\u00ean h\u1ebft s\u1ee9c \u00e1p l\u1ef1c. T\u1ed1t h\u01a1n h\u1ebft, h\u00e3y t\u00ecm cho m\u00ecnh m\u1ed9t nh\u1ecbp \u0111\u1ed9 v\u1eeba ph\u1ea3i, \u0111\u1ee7 \u0111\u1ec3 h\u00f2a c\u00f9ng b\u1ea1n b\u00e8, \u0111\u1ed3ng nghi\u1ec7p c\u1ee7a m\u00ecnh.\u00a0 Con s\u1ed1 may m\u1eafn c\u1ee7a Kim Ng\u01b0u ng\u00e0y 23\/8\/2017 l\u00e0 20, 16.<\/li>\r\n<\/ul>\r\n<ul>\r\n \t<li class=\"extra_hd\">T\u1eed vi ng\u00e0y 24\/08\/2017 c\u1ee7a Kim Ng\u01b0u: C\u1ea3 ng\u00e0y h\u00f4m nay c\u00f3 th\u1ec3 s\u1ebd c\u00f3 nhi\u1ec1u c\u00e1i b\u1eaby \u0111ang ch\u1edd \u0111\u1ee3i b\u1ea1n. Tuy nhi\u00ean, b\u1edfi b\u1ea3n th\u00e2n b\u1ea1n \u0111\u00e3 kh\u00e1 quen thu\u1ed9c v\u1edbi suy ngh\u0129 v\u1ec1 nh\u1eefng tr\u1eadn chi\u1ebfn, nh\u1eefng l\u1ea7n b\u1ea1n b\u1eaft bu\u1ed9c ph\u1ea3i \u0111\u1ed1i \u0111\u1ea7u, n\u00ean b\u1ea1n s\u1ebd kh\u00f4ng d\u1ec5 d\u00e0ng ch\u1ea5p nh\u1eadn ch\u1ecbu \u0111\u1ef1ng v\u00e0 b\u1ecf qua cho nh\u1eefng ng\u01b0\u1eddi c\u1ed1 \u00fd l\u00e0m kh\u00f3 hay ki\u1ebfm chuy\u1ec7n v\u1edbi b\u1ea1n \u0111\u00e2u. Con s\u1ed1 may m\u1eafn c\u1ee7a Kim Ng\u01b0u ng\u00e0y 24\/8\/2017 l\u00e0 14, 9.<\/li>\r\n<\/ul>\r\n<ul>\r\n \t<li class=\"extra_hd\">T\u1eed vi ng\u00e0y 25\/08\/2017 c\u1ee7a Kim Ng\u01b0u: D\u00f9 b\u1ea1n bi\u1ebft r\u1eb1ng s\u1edbm hay mu\u1ed9n, b\u1ea1n c\u0169ng s\u1ebd c\u00f3 \u0111\u01b0\u1ee3c \u0111i\u1ec1u m\u00e0 b\u1ea1n mong \u0111\u1ee3i th\u00f4i. Tuy nhi\u00ean, c\u00f3 \u0111\u00f4i l\u00fac b\u1ea1n v\u1eabn nghi ng\u1edd v\u1ec1 kh\u1ea3 n\u0103ng c\u1ee7a ch\u00ednh m\u00ecnh, khi qu\u00e1 nhi\u1ec1u chuy\u1ec7n x\u1ea3y ra li\u00ean ti\u1ebfp khi\u1ebfn b\u1ea1n kh\u00f4ng th\u1ec3 g\u00e1nh v\u00e1c h\u1ebft \u0111\u01b0\u1ee3c. Th\u00eam v\u00e0o \u0111\u00f3, ch\u00ednh nh\u1eefng chuy\u1ec7n \u1ea5y c\u0169ng ph\u1ea7n n\u00e0o t\u00e1c \u0111\u1ed9ng t\u1edbi c\u1ea3m x\u00fac c\u1ee7a b\u1ea1n, v\u00e0 k\u1ebft qu\u1ea3 cu\u1ed1i c\u00f9ng ch\u00ednh l\u00e0 s\u1ef1 b\u1ed1i r\u1ed1i c\u1ee7a b\u1ea1n hi\u1ec7n gi\u1edd.\u00a0 Con s\u1ed1 may m\u1eafn c\u1ee7a Kim Ng\u01b0u ng\u00e0y 25\/8\/2017 l\u00e0 13, 20.<\/li>\r\n<\/ul>\r\n<ul>\r\n \t<li>T\u1eed vi ng\u00e0y 26\/08\/2017 c\u1ee7a Kim Ng\u01b0u:\u00a0B\u1ea1n lu\u00f4n lu\u00f4n l\u00e0 ng\u01b0\u1eddi c\u00f3 suy ngh\u0129 ch\u00edn ch\u1eafn, \u0111\u1eb7c bi\u1ec7t l\u00e0 trong nh\u1eefng v\u1ea5n \u0111\u1ec1 li\u00ean quan t\u1edbi nh\u1eefng ng\u01b0\u1eddi b\u1ea1n y\u00eau qu\u00fd. V\u00e0 c\u00f3 th\u1ec3 n\u00f3i, b\u1ea1n s\u1ebd l\u00e0m t\u1ea5t c\u1ea3 nh\u1eefng g\u00ec c\u00f3 th\u1ec3 \u0111\u1ec3 gi\u1eef cho t\u00ecnh c\u1ea3m v\u00e0 nh\u1eefng m\u1ed1i quan h\u1ec7 c\u1ee7a m\u00ecnh lu\u00f4n \u1ed5n \u0111\u1ecbnh, b\u1ec1n ch\u1eb7t. Ngay l\u00fac n\u00e0y, nh\u1eefng vi\u1ec7c b\u1ea1n l\u00e0m ph\u1ea7n l\u1edbn \u0111\u1ec1u xu\u1ea5t ph\u00e1t t\u1eeb nh\u1eefng \u0111i\u1ec1u tr\u1ef1c gi\u00e1c v\u00e0 b\u1ea3n n\u0103ng th\u00f4i th\u00fac, thay v\u00ec l\u00ed tr\u00ed c\u1ee7a m\u00ecnh. Nh\u1edd \u0111\u00f3, t\u1eebng b\u01b0\u1edbc \u0111i c\u1ee7a b\u1ea1n tr\u1edf n\u00ean v\u00f4 c\u00f9ng b\u00ed hi\u1ec3m v\u00e0 kh\u00f3 \u0111o\u00e1n trong con m\u1eaft nh\u1eefng ng\u01b0\u1eddi xung quanh. Con s\u1ed1 may m\u1eafn c\u1ee7a Kim Ng\u01b0u ng\u00e0y 26\/8\/2017 l\u00e0 11, 6.<\/li>\r\n<\/ul>\r\n<ul>\r\n \t<li class=\"extra_hd\">T\u1eed vi ng\u00e0y 27\/08\/2017 c\u1ee7a Kim Ng\u01b0u: B\u1ea1n \u0111ang th\u1ea5y m\u00ecnh tr\u00e0n \u0111\u1ea7y c\u1ea3m h\u1ee9ng v\u00e0 s\u1eb5n s\u00e0ng thay \u0111\u1ed5i cu\u1ed9c s\u1ed1ng c\u1ee7a ch\u00ednh m\u00ecnh, th\u1eadm ch\u00ed l\u00e0 c\u1ee7a nh\u1eefng ng\u01b0\u1eddi xung quanh b\u1ea1n, mi\u1ec5n sao b\u1ea1n c\u00f3 \u0111\u1ee7 s\u1ee9c \u0111\u1ec3 l\u00e0m vi\u1ec7c \u0111\u00f3. Tuy nhi\u00ean, thay v\u00ec ngh\u0129 c\u00e1ch th\u1ef1c hi\u1ec7n t\u1ea5t c\u1ea3 c\u00e1c m\u1ee5c ti\u00eau c\u00f9ng l\u00fac, t\u1ed1t h\u01a1n h\u1ebft b\u1ea1n n\u00ean l\u00ean k\u1ebf ho\u1ea1ch v\u00e0 ph\u00e2n chia th\u1eddi gian th\u1eadt chi ti\u1ebft cho t\u1eebng m\u1ee5c ti\u00eau m\u1ed9t. Nh\u1edd \u0111\u00f3, b\u1ea1n s\u1ebd qu\u1ea3n l\u00ed ti\u1ebfn tr\u00ecnh c\u1ee7a b\u1ea3n th\u00e2n t\u1ed1t h\u01a1n, \u0111\u1ed3ng th\u1eddi b\u1ea1n c\u0169ng c\u00f2n nh\u1eefng kho\u1ea3ng tr\u1ed1ng nh\u1ea5t \u0111\u1ecbnh cho nh\u1eefng c\u01a1 h\u1ed9i b\u1ea5t ng\u1edd xu\u1ea5t hi\u1ec7n. Con s\u1ed1 may m\u1eafn c\u1ee7a Kim Ng\u01b0u ng\u00e0y 27\/8\/2017 l\u00e0 11, 6.<\/li>\r\n<\/ul>\r\n<ul>\r\n \t<li>T\u1eed vi ng\u00e0y 28\/08\/2017 c\u1ee7a Kim Ng\u01b0u:\u00a0Ng\u00e0y 28\/8\/2017 Kim Ng\u01b0u s\u1ebd nh\u1eadn \u0111\u01b0\u1ee3c m\u1ed9t may m\u1eafn tuy\u1ec7t v\u1eddi. \u0110\u00f3 c\u00f3 th\u1ec3 l\u00e0 s\u1ef1 gi\u00fap \u0111\u1ee1 c\u1ee7a 1 ai \u0111\u00f3 trong t\u00ecnh hu\u1ed1ng kh\u00f3 kh\u0103n, ho\u1eb7c l\u00e0 b\u1ea1n s\u1ebd thu v\u1ec1 1 kho\u1ea3n h\u1eddi \u0111\u1ea5y. B\u1ea1n may m\u1eafn h\u01a1n ng\u01b0\u1eddi kh\u00e1c, nh\u01b0ng c\u0169ng \u0111\u1eebng ch\u1eafc l\u00e0 b\u1ea1n s\u1ebd \u201ctai qua n\u1ea1n kh\u1ecfi\u201d trong m\u1ecdi t\u00ecnh hu\u1ed1ng nh\u00e9! N\u00ean ho\u1eb7c t\u1ef1 c\u1ee9u m\u00ecnh h\u01a1n l\u00e0 \u0111\u1ee3i ng\u01b0\u1eddi kh\u00e1c \u0111\u1ebfn c\u1ee9u! C\u0169ng \u0111\u1eebng \u0111\u1eb7t c\u01b0\u1ee3c v\u00e0o nh\u1eefng tr\u00f2 \u201c\u0111\u1ecf \u0111en\u201d, may r\u1ee7i, b\u1ea1n s\u1ebd ph\u1ea3i h\u1ed1i h\u1eadn \u0111\u1ea5y!<\/li>\r\n<\/ul>\r\n<em>T\u00f3m l\u1ea1i, theo\u00a0t\u1eed vi th\u00e1ng 8 c\u1ee7a Kim Ng\u01b0u\u00a0m\u1ecdi th\u1ee9 s\u1ebd ti\u1ebfn tri\u1ec3n t\u1eeb t\u1eeb khi\u1ebfn b\u1ea1n c\u1ea3m nh\u1eadn k\u1ebf ho\u1ea1ch ngh\u1ec1 nghi\u1ec7p c\u1ee7a m\u00ecnh m\u1ed9t c\u00e1ch r\u00f5 r\u00e0ng h\u01a1n trong nh\u1eefng ng\u00e0y ti\u1ebfp theo. C\u00f4ng vi\u1ec7c c\u1ee7a b\u1ea1n tr\u1edf n\u00ean t\u01b0\u01a1i s\u00e1ng h\u01a1n trong th\u00e1ng 8 n\u00e0y \u0111\u1ea5y. L\u00fac n\u00e0y, b\u1ea1n c\u1ea7n th\u00fac \u0111\u1ea9y ho\u1eb7c \u0111\u00e1nh gi\u00e1 c\u00e1c m\u1ee5c ti\u00eau c\u1ee7a m\u00ecnh m\u1ea1nh m\u1ebd h\u01a1n. C\u1ea7n x\u00e1c \u0111\u1ecbnh: n\u01a1i n\u00e0o b\u1ea1n th\u1ef1c s\u1ef1 mu\u1ed1n l\u00e0m, v\u00e0 \u0111\u00e2u l\u00e0 gi\u1edbi h\u1ea1n. \u0110\u1ec3 c\u00f3 th\u00eam nhi\u1ec1u th\u00f4ng tin h\u1eefu \u00edch h\u00e3y lu\u00f4n \u0111\u1ed3ng h\u00e0nh c\u00f9ng big.vn nh\u00e9!<\/em>"}