{"title":"Ung th\u01b0 tuy\u1ebfn n\u01b0\u1edbc b\u1ecdt: Ph\u01b0\u01a1ng ph\u00e1p \u0111i\u1ec1u tr\u1ecb v\u00e0 gi\u1ea3i ph\u00e1p ph\u00f2ng tr\u00e1nh b\u1ec7nh","categories":["M\u1eb9 &amp; B\u00e9"],"tags":["b\u1ec7nh ung th\u01b0","\u0111i\u1ec1u tr\u1ecb ung th\u01b0 tuy\u1ebfn n\u01b0\u1edbc b\u1ecdt","s\u1ee9c kh\u1ecfe ph\u1ee5 n\u1eef","ung th\u01b0 tuy\u1ebfn n\u01b0\u1edbc b\u1ecdt"],"featureImage":"https:\/\/big.vn\/wp-content\/uploads\/2017\/08\/ung-thu-tuyen-nuoc-bot-phuong-phap-dieu-tri-va-giai-phap-phong-tranh-benh.jpg","excerpt":"<strong>Ung th\u01b0 tuy\u1ebfn n\u01b0\u1edbc b\u1ecdt<\/strong> v\u1edbi nh\u1eefng ph\u01b0\u01a1ng ph\u00e1p \u0111i\u1ec1u tr\u1ecb v\u00e0 c\u00e1ch ng\u0103n ng\u1eeba ph\u00f2ng tr\u00e1nh c\u0103n b\u1ec7nh ung th\u01b0 qu\u00e1i \u00e1c n\u00e0y s\u1ebd \u0111\u01b0\u1ee3c ch\u00fang t\u00f4i chia s\u1ebb t\u1eadn t\u00ecnh qua b\u00e0i vi\u1ebft h\u00f4m nay \u0111\u1ec3 t\u1ea5t c\u1ea3 m\u1ecdi ng\u01b0\u1eddi, m\u1ecdi \u0111\u1ed1i t\u01b0\u1ee3ng \u0111\u1ec1u c\u00f3 th\u1ec3 tham kh\u1ea3o, nghi\u00ean c\u1ee9u m\u00e0 l\u00ean k\u1ebf ho\u1ea1ch ch\u0103m s\u00f3c s\u1ee9c kh\u1ecfe b\u1ea3n th\u00e2n t\u1ed1t","slug":"ung-thu-tuyen-nuoc-bot-phuong-phap-dieu-tri-va-giai-phap-phong-tranh-benh","content":"N\u00e0o h\u00e3y c\u00f9ng big.vn tham hi\u1ec3u xem ph\u01b0\u01a1ng ph\u00e1p <span style=\"color: #ff0000;\"><strong>\u0111i\u1ec1u tr\u1ecb v\u00e0 ph\u00f2ng b\u1ec7nh ung th\u01b0 tuy\u1ebfn n\u01b0\u1edbc b\u1ecdt<\/strong><\/span> hi\u1ec7n nay l\u00e0 g\u00ec nh\u00e9!\r\n\r\nUng th\u01b0 tuy\u1ebfn n\u01b0\u1edbc b\u1ecdt l\u00e0 d\u1ea1ng ung th\u01b0 hi\u1ebfm g\u1eb7p, chi\u1ebfm kho\u1ea3ng 3-6% c\u00e1c tr\u01b0\u1eddng h\u1ee3p ung th\u01b0 v\u00f9ng \u0111\u1ea7u c\u1ed5. Theo \u01b0\u1edbc t\u00ednh m\u1ed7i n\u0103m n\u01b0\u1edbc ta c\u00f3 kho\u1ea3ng 1-3 ng\u01b0\u1eddi\/100.000 ng\u01b0\u1eddi\/ n\u0103m. B\u1ec7nh c\u00f3 th\u1ec3 ch\u1eefa kh\u1ecfi n\u1ebfu \u0111\u01b0\u1ee3c ph\u00e1t hi\u00ean s\u1edbm. \u0110i\u1ec1u tr\u1ecb ung th\u01b0 tuy\u1ebfn n\u01b0\u1edbc b\u1ecdt ph\u1ee5 thu\u1ed9c v\u00e0o kh\u1ed1i u l\u00e0nh t\u00ednh hay \u00e1c t\u00ednh, n\u1ebfu l\u00e0 kh\u1ed1i u \u00e1c t\u00ednh th\u00ec ph\u1ee5 thu\u1ed9c v\u00e0o v\u1ecb tr\u00ed nguy\u00ean ph\u00e1t kh\u1ed1i u v\u00e0 t\u00ecnh tr\u1ea1ng s\u1ee9c kh\u1ecfe b\u1ec7nh nh\u00e2n \u0111\u1ec3 c\u00f3 ph\u01b0\u01a1ng ph\u00e1p \u0111i\u1ec1u tr\u1ecb ph\u00f9 h\u1ee3p.\r\n<h3>\u0110i\u1ec1u tr\u1ecb ung th\u01b0 tuy\u1ebfn n\u01b0\u1edbc b\u1ecdt b\u1eb1ng ph\u01b0\u01a1ng ph\u00e1p ph\u1eabu thu\u1eadt<\/h3>\r\nPh\u01b0\u01a1ng ph\u00e1p ph\u1ed5 bi\u1ebfn hi\u1ec7n nay trong \u0111i\u1ec1u tr\u1ecb ung th\u01b0 tuy\u1ebfn n\u01b0\u1edbc b\u1ecdt( u \u00e1c t\u00ednh). Nguy\u00ean t\u1eafc h\u00e0ng \u0111\u1ea7u trong ph\u1eabu thu\u1eadt c\u1eaft b\u1ecf kh\u1ed1i u tuy\u1ebfn n\u01b0\u1edbc b\u1ecdt l\u00e0 b\u1ea3o to\u00e0n c\u00e1c d\u00e2y th\u1ea7n kinh m\u1eb7t trong tr\u01b0\u1eddng h\u1ee3p c\u00e1c d\u00e2y th\u1ea7n kinh \u0111\u00f3 ch\u01b0a b\u1ecb t\u1ed5n th\u01b0\u01a1ng. Ph\u1eabu thu\u1eadt ung th\u01b0 tuy\u1ebfn n\u01b0\u1edbc b\u1ecdt c\u00f3 th\u1ec3 bao g\u1ed3m:\r\n<ul>\r\n \t<li>C\u1eaft b\u1ecf m\u1ed9t ph\u1ea7n tuy\u1ebfn n\u01b0\u1edbc b\u1ecdt b\u1ecb \u1ea3nh h\u01b0\u1edfng: N\u1ebfu kh\u1ed1i u nh\u1ecf v\u00e0 n\u1eb1m \u1edf v\u1ecb tr\u00ed d\u1ec5 c\u1eaft b\u1ecf, b\u00e1c s\u1ef9 s\u1ebd ti\u1ebfn h\u00e0nh c\u1eaft b\u1ecf kh\u1ed1i u v\u00e0 m\u1ed9t s\u1ed1 m\u00f4 xung quanh.<\/li>\r\n \t<li>C\u1eaft b\u1ecf to\u00e0n b\u1ed9 tuy\u1ebfn n\u01b0\u1edbc b\u1ecdt: N\u1ebfu kh\u1ed1i u l\u1edbn, b\u00e1c s\u1ef9 s\u1ebd ti\u1ebfn h\u00e0nh c\u1eaft b\u1ecf to\u00e0n b\u1ed9 tuy\u1ebfn n\u01b0\u1edbc b\u1ecdt. N\u1ebfu c\u00e1c kh\u1ed1i u m\u1edf r\u1ed9ng sang c\u00e1c t\u1ebf b\u00e0o g\u1ea7n \u0111\u00f3 \u2013 d\u00e2y th\u1ea7n kinh m\u1eb7t, c\u00e1c \u1ed1ng d\u1eabn k\u1ebft n\u1ed1i c\u00e1c tuy\u1ebfn n\u01b0\u1edbc b\u1ecdt, x\u01b0\u01a1ng m\u1eb7t v\u00e0 da \u2013 th\u00ec c\u00e1c t\u1ebf b\u00e0o n\u00e0y \u0111\u1ed3ng th\u1eddi c\u0169ng b\u1ecb c\u1eaft b\u1ecf, tr\u00e1nh hi\u1ec7n t\u01b0\u1ee3ng ung th\u01b0 t\u00e1i ph\u00e1t.<\/li>\r\n \t<li>C\u1eaft b\u1ecf c\u00e1c h\u1ea1ch b\u1ea1ch huy\u1ebft \u1edf c\u1ed5: N\u1ebfu c\u00f3 k\u1ebft qu\u1ea3 ch\u1ee9ng minh c\u00e1c kh\u1ed1i u \u0111\u00e3 di c\u0103n \u0111\u1ebfn c\u00e1c b\u1ea1ch huy\u1ebft \u1edf c\u1ed5, b\u00e1c s\u1ef9 c\u00f3 th\u1ec3 ti\u1ebfn h\u00e0nh ph\u1eabu thu\u1eadt \u0111\u1ec3 c\u1eaft b\u1ecf h\u1ea7u h\u1ebft c\u00e1c h\u1ea1ch b\u1ea1ch huy\u1ebft \u1edf c\u1ed5.<\/li>\r\n \t<li>Ph\u1eabu thu\u1eadt t\u00e1i t\u1ea1o: N\u1ebfu da ho\u1eb7c d\u00e2y th\u1ea7n kinh b\u1ecb lo\u1ea1i b\u1ecf trong qu\u00e1 tr\u00ecnh ph\u1eabu thu\u1eadt th\u00ec c\u1ea7n \u0111\u01b0\u1ee3c t\u00e1i t\u1ea1o ho\u1eb7c thay th\u1ebf b\u1eb1ng ph\u01b0\u01a1ng ph\u00e1p ph\u1eabu thu\u1eadt. Thao t\u00e1c n\u00e0y c\u00f3 th\u1ec3 c\u1ea7n \u0111\u1ebfn vi\u1ec7c gh\u00e9p m\u00f4, da ho\u1eb7c d\u00e2y th\u1ea7n kinh t\u1eeb c\u00e1c b\u1ed9 ph\u1eadn kh\u00e1c \u0111\u1ec3 x\u00e2y d\u1ef1ng l\u1ea1i c\u1ea5u tr\u00fac c\u1ee7a h\u00e0m, tai ho\u1eb7c mi\u1ec7ng.<\/li>\r\n<\/ul>\r\n\u0110i\u1ec1u tr\u1ecb ung th\u01b0 tuy\u1ebfn n\u01b0\u1edbc b\u1ecdt b\u1eb1ng ph\u01b0\u01a1ng ph\u00e1p ph\u1eabu thu\u1eadt c\u00f3 th\u1ec3 kh\u00f3 kh\u0103n v\u00ec \u0111\u00e2y l\u00e0 v\u00f9ng t\u1eadp chung nhi\u1ec1u d\u00e2y th\u1ea7n kinh tr\u00ean c\u01a1 th\u1ec3. V\u00ec v\u1eady \u0111\u00f2i h\u1ecfi ph\u1ea3i c\u00f3 s\u1ef1 tham gia c\u1ee7a b\u00e1c s\u1ef9 l\u00e0nh ngh\u1ec1 v\u00e0 ph\u01b0\u01a1ng ti\u1ec7n k\u1ef9 thu\u1eadt hi\u1ec7n \u0111\u1ea1i.\r\n\r\nNgo\u00e0i \u0111i\u1ec1u tr\u1ecb ung th\u01b0 tuy\u1ebfn n\u01b0\u1edbc b\u1ecdt b\u1eb1ng ph\u01b0\u01a1ng ph\u00e1p ph\u1eabu thu\u1eadt , b\u1ec7nh nh\u00e2n c\u00f2n \u0111\u01b0\u1ee3c ch\u1ec9 \u0111\u1ecbnh m\u1ed9t s\u1ed1 ph\u01b0\u01a1ng ph\u00e1p kh\u00e1c nh\u01b0 x\u1ea1 tr\u1ecb v\u00e0 h\u00f3a tr\u1ecb k\u1ebft h\u1ee3p.\r\n<h4><strong>Ph\u01b0\u01a1ng ph\u00e1p h\u00f3a tr\u1ecb:<\/strong><\/h4>\r\nH\u00f3a tr\u1ecb l\u00e0 \u0111i\u1ec1u tr\u1ecb b\u1eb1ng thu\u1ed1c c\u00f3 s\u1eed d\u1ee5ng h\u00f3a ch\u1ea5t \u0111\u1ec3 ti\u00eau di\u1ec7t t\u1ebf b\u00e0o ung th\u01b0. H\u00f3a tr\u1ecb c\u00f3 th\u1ec3 l\u00e0 m\u1ed9t l\u1ef1a ch\u1ecdn cho nh\u1eefng ng\u01b0\u1eddi b\u1ecb b\u1ec7nh ung th\u01b0 tuy\u1ebfn n\u01b0\u1edbc b\u1ecdt \u0111\u00e3 lan r\u1ed9ng \u0111\u1ebfn c\u00e1c v\u00f9ng xa c\u1ee7a c\u01a1 th\u1ec3. \u0110i\u1ec1u tr\u1ecb ho\u00e1 ch\u1ea5t hi\u1ec7n kh\u00f4ng \u0111\u01b0\u1ee3c s\u1eed d\u1ee5ng nh\u01b0 l\u00e0 \u0111i\u1ec1u tr\u1ecb chu\u1ea9n cho b\u1ec7nh ung th\u01b0 tuy\u1ebfn n\u01b0\u1edbc b\u1ecdt, nh\u01b0ng c\u00e1c nh\u00e0 nghi\u00ean c\u1ee9u \u0111ang nghi\u00ean c\u1ee9u vi\u1ec7c s\u1eed d\u1ee5ng n\u00f3.\r\n<h4><strong>Ph\u01b0\u01a1ng ph\u00e1p x\u1ea1 tr\u1ecb ung th\u01b0 tuy\u1ebfn n\u01b0\u1edbc b\u1ecdt:<\/strong><\/h4>\r\n<ul>\r\n \t<li>X\u1ea1 tr\u1ecb s\u1eed d\u1ee5ng cung c\u1ea5p n\u0103ng l\u01b0\u1ee3ng cao d\u1ea7m, nh\u01b0 X-quang, \u0111\u1ec3 ti\u00eau di\u1ec7t t\u1ebf b\u00e0o ung th\u01b0. Trong th\u1eddi gian x\u1ea1 tr\u1ecb, n\u1eb1m tr\u00ean b\u00e0n trong khi m\u00e1y di chuy\u1ec3n xung quanh, ch\u1ec9 \u0111\u1ea1o c\u00f4ng su\u1ea5t cao d\u1ea7m t\u1ea1i c\u00e1c \u0111i\u1ec3m c\u1ee5 th\u1ec3 tr\u00ean c\u01a1 th\u1ec3.<\/li>\r\n \t<li>Li\u1ec7u ph\u00e1p b\u1ee9c x\u1ea1 c\u00f3 th\u1ec3 \u0111\u01b0\u1ee3c s\u1eed d\u1ee5ng sau khi ph\u1eabu thu\u1eadt \u0111\u1ec3 gi\u1ebft b\u1ea5t k\u1ef3 t\u1ebf b\u00e0o ung th\u01b0 c\u00f3 th\u1ec3 v\u1eabn c\u00f2n. B\u1ee9c x\u1ea1 tr\u1ecb li\u1ec7u c\u0169ng c\u00f3 th\u1ec3 \u0111\u01b0\u1ee3c s\u1eed d\u1ee5ng tr\u01b0\u1edbc khi ph\u1eabu thu\u1eadt \u0111\u1ec3 l\u00e0m nh\u1ecf kh\u1ed1i u v\u00e0 l\u00e0m cho n\u00f3 d\u1ec5 d\u00e0ng h\u01a1n \u0111\u1ec3 lo\u1ea1i b\u1ecf. N\u1ebfu ph\u1eabu thu\u1eadt l\u00e0 kh\u00f4ng th\u1ec3 v\u00ec m\u1ed9t kh\u1ed1i u r\u1ea5t l\u1edbn ho\u1eb7c c\u00f3 v\u1ecb tr\u00ed \u1edf m\u1ed9t n\u01a1i m\u00e0 l\u00e0m cho vi\u1ec7c lo\u1ea1i b\u1ecf qu\u00e1 m\u1ea1o hi\u1ec3m, b\u1ee9c x\u1ea1 m\u1ed9t m\u00ecnh c\u00f3 th\u1ec3 \u0111\u01b0\u1ee3c d\u00f9ng \u0111\u1ec3 \u0111i\u1ec1u tr\u1ecb ung th\u01b0 tuy\u1ebfn n\u01b0\u1edbc b\u1ecdt.<\/li>\r\n<\/ul>\r\n<img class=\"aligncenter wp-image-83194 size-full\" src=\"https:\/\/big.vn\/wp-content\/uploads\/2017\/08\/ung-thu-tuyen-nuoc-bot-phuong-phap-dieu-tri-va-giai-phap-phong-tranh-benh-1.jpg\" alt=\"Ung th\u01b0 tuy\u1ebfn n\u01b0\u1edbc b\u1ecdt: Ph\u01b0\u01a1ng ph\u00e1p \u0111i\u1ec1u tr\u1ecb v\u00e0 gi\u1ea3i ph\u00e1p ph\u00f2ng tr\u00e1nh b\u1ec7nh ph\u1ea7n 1\" width=\"500\" height=\"375\" \/>\r\n<h3>C\u00e1ch ph\u00f2ng tr\u00e1nh b\u1ec7nh <span style=\"color: #ff0000;\"><strong>ung th\u01b0 tuy\u1ebfn n\u01b0\u1edbc b\u1ecdt<\/strong><\/span><\/h3>\r\n<h4><strong>\u0110\u1ed1i v\u1edbi nh\u1eefng ng\u01b0\u1eddi \u0111\u00e3 t\u1eebng x\u1ea1 tr\u1ecb:<\/strong><\/h4>\r\nNh\u1eefng ng\u01b0\u1eddi tr\u1ea3i qua c\u00e1c li\u1ec7u ph\u00e1p ph\u00f3ng x\u1ea1 v\u00e0o v\u00f9ng \u0111\u1ea7u v\u00e0 c\u1ed5 th\u01b0\u1eddng tr\u1ea3i nghi\u1ec7m mi\u1ec7ng kh\u00f4 (kh\u00f4 mi\u1ec7ng). C\u00f3 kh\u00f4 mi\u1ec7ng c\u00f3 th\u1ec3 kh\u00f3 ch\u1ecbu. N\u00f3 c\u0169ng c\u00f3 th\u1ec3 d\u1eabn \u0111\u1ebfn nhi\u1ec5m tr\u00f9ng th\u01b0\u1eddng xuy\u00ean trong mi\u1ec7ng v\u00e0 \u0103n u\u1ed1ng kh\u00f3 kh\u0103n, nu\u1ed1t v\u00e0 n\u00f3i. C\u00f3 th\u1ec3 t\u00ecm th\u1ea5y m\u1ed9t s\u1ed1 c\u1ee9u tr\u1ee3 t\u1eeb mi\u1ec7ng kh\u00f4 v\u00e0 bi\u1ebfn ch\u1ee9ng c\u1ee7a n\u00f3 n\u1ebfu:\r\n<ul>\r\n \t<li>B\u00e1o cho b\u00e1c s\u0129 n\u1ebfu c\u00f3 mi\u1ec7ng kh\u00f4. Ph\u01b0\u01a1ng ph\u00e1p \u0111i\u1ec1u tr\u1ecb c\u00f3 th\u1ec3 gi\u00fap \u0111\u1ed1i ph\u00f3 v\u1edbi nhi\u1ec1u d\u1ea5u hi\u1ec7u nghi\u00eam tr\u1ecdng v\u00e0 tri\u1ec7u ch\u1ee9ng c\u1ee7a kh\u00f4 mi\u1ec7ng. B\u00e1c s\u0129 c\u0169ng c\u00f3 th\u1ec3 gi\u1edbi thi\u1ec7u \u0111\u1ebfn m\u1ed9t chuy\u00ean vi\u00ean dinh d\u01b0\u1ee1ng c\u00f3 th\u1ec3 gi\u00fap t\u00ecm th\u1ea5y c\u00e1c lo\u1ea1i th\u1ef1c ph\u1ea9m d\u1ec5 \u0103n n\u1ebfu \u0111ang g\u1eb7p kh\u00f4 mi\u1ec7ng.<\/li>\r\n \t<li>Tr\u00e1nh c\u00e1c lo\u1ea1i th\u1ef1c ph\u1ea9m c\u00f3 t\u00ednh axit ho\u1eb7c nhi\u1ec1u gia v\u1ecb v\u00e0 th\u1ee9c u\u1ed1ng. Ch\u1ecdn th\u1ef1c ph\u1ea9m v\u00e0 \u0111\u1ed3 u\u1ed1ng kh\u00f4ng g\u00e2y k\u00edch \u1ee9ng mi\u1ec7ng. Tr\u00e1nh c\u00e1c \u0111\u1ed3 u\u1ed1ng c\u00f3 ch\u1ee9a cafein v\u00e0 c\u1ed3n.<\/li>\r\n \t<li>Ch\u1ecdn th\u1ef1c ph\u1ea9m \u1ea9m. Tr\u00e1nh c\u00e1c lo\u1ea1i th\u1ef1c ph\u1ea9m kh\u00f4. L\u00e0m \u1ea9m th\u1ef1c ph\u1ea9m kh\u00f4 v\u1edbi n\u01b0\u1edbc s\u1ed1t, n\u01b0\u1edbc th\u1ecbt, b\u01a1, n\u01b0\u1edbc d\u00f9ng ho\u1eb7c s\u1eefa.<\/li>\r\n \t<li>Gi\u1eef cho mi\u1ec7ng \u0111\u01b0\u1ee3c l\u00e0m \u1ea9m v\u1edbi n\u01b0\u1edbc ho\u1eb7c k\u1eb9o kh\u00f4ng \u0111\u01b0\u1eddng. U\u1ed1ng n\u01b0\u1edbc trong ng\u00e0y \u0111\u1ec3 gi\u1eef mi\u1ec7ng \u1ea9m. K\u1eb9o cao su kh\u00f4ng \u0111\u01b0\u1eddng c\u0169ng th\u1eed ho\u1eb7c k\u1eb9o kh\u00f4ng \u0111\u01b0\u1eddng \u0111\u1ec3 k\u00edch th\u00edch mi\u1ec7ng s\u1ea3n xu\u1ea5t n\u01b0\u1edbc b\u1ecdt.<\/li>\r\n \t<li>S\u00fac mi\u1ec7ng b\u1eb1ng n\u01b0\u1edbc mu\u1ed1i \u1ea5m sau b\u1eefa \u0103n. Th\u1ef1c hi\u1ec7n m\u1ed9t gi\u1ea3i ph\u00e1p nh\u1eb9 c\u1ee7a n\u01b0\u1edbc \u1ea5m v\u00e0 mu\u1ed1i. S\u00fac mi\u1ec7ng b\u1eb1ng dung d\u1ecbch n\u00e0y sau m\u1ed7i b\u1eefa \u0103n.<\/li>\r\n \t<li>Ch\u1ea3i r\u0103ng nhi\u1ec1u l\u1ea7n m\u1ed7i ng\u00e0y. S\u1eed d\u1ee5ng b\u00e0n ch\u1ea3i l\u00f4ng m\u1ecbn v\u00e0 nh\u1eb9 nh\u00e0ng \u0111\u00e1nh r\u0103ng nhi\u1ec1u l\u1ea7n m\u1ed7i ng\u00e0y. B\u00e1o cho b\u00e1c s\u0129 n\u1ebfu mi\u1ec7ng tr\u1edf n\u00ean qu\u00e1 nh\u1ea1y c\u1ea3m \u0111\u1ec3 ch\u1ecbu \u0111\u1ef1ng \u0111\u00e1nh r\u0103ng nh\u1eb9 nh\u00e0ng.<\/li>\r\n<\/ul>\r\n<em>V\u1edbi nh\u1eefng th\u00f4ng tin li\u00ean quan t\u1edbi vi\u1ec7c \u0111i\u1ec1u tr\u1ecb v\u00e0 ph\u00f2ng ng\u1eeba s\u1edbm c\u0103n b\u1ec7nh ung th\u01b0 tuy\u1ebfn n\u01b0\u1edbc b\u1ecdt m\u00e0 ch\u00fang t\u00f4i v\u1eeba chia s\u1ebb tr\u00ean \u0111\u00e2y, hi v\u1ecdng mang t\u1edbi cho b\u1ea1n nhi\u1ec1u ki\u1ebfn th\u1ee9c v\u1ec1 b\u1ec7nh ung th\u01b0 th\u1eadt b\u1ed5 \u00edch \u0111\u1ec3 t\u1eeb \u0111\u00f3 bi\u1ebft t\u1ef1 ch\u0103m s\u00f3, b\u1ea3o v\u1ec7 s\u1ee9c kh\u1ecfe b\u1ea3n th\u00e2n m\u1ed9t c\u00e1ch t\u1ed1t nh\u1ea5t. T\u00f9y theo m\u1ee9c \u0111\u1ed9 v\u00e0 \u0111i\u1ec1u ki\u1ec7n m\u00e0 ng\u01b0\u1eddi b\u1ec7nh ho\u00e0n to\u00e0n c\u00f3 th\u1ec3 tham v\u1ea5n t\u1eeb b\u00e1c s\u0129 \u0111\u1ec3 nh\u1eadn \u0111\u01b0\u1ee3c nhi\u1ec1u l\u1eddi khuy\u00ean v\u1ec1 ph\u01b0\u01a1ng ph\u00e1p ch\u1eefa tr\u1ecb ph\u00f9 h\u1ee3p. Ng\u00e0y nay, y h\u1ecdc \u0111\u00e3 ti\u1ebfn b\u1ed9 h\u01a1n tr\u01b0\u1edbc r\u1ea5t nhi\u1ec1u n\u00ean c\u00e1c d\u1ea1ng ung th\u01b0 n\u00f3i chung v\u00e0 ung th\u01b0 tuy\u1ebfn n\u01b0\u1edbc b\u1ecdt n\u00f3i ri\u00eang kh\u00f4ng c\u00f2n \u0111\u00e1ng quan ng\u1ea1i, ch\u1ec9 c\u1ea7n ph\u00e1t hi\u1ec7n \u0111i\u1ec1u tr\u1ecb s\u1edbm \u0111\u00fang c\u00e1ch l\u00e0 m\u1ecdi v\u1ea5n \u0111\u1ec1 s\u1ebd \u0111\u01b0\u1ee3c gi\u1ea3i quy\u1ebft m\u1ed9t c\u00e1ch tri\u1ec7t \u0111\u1ec3 hi\u1ec7u qu\u1ea3. Ch\u00fac b\u1ea1n lu\u00f4n vui. \u0110\u1eebng qu\u00ean \u0111\u1ed3ng h\u00e0nh v\u00e0 \u1ee7ng h\u1ed9 big.vn nh\u00e9!<\/em>"}