{"title":"Nguy\u00ean nh\u00e2n g\u00e2y ung th\u01b0 tuy\u1ebfn n\u01b0\u1edbc b\u1ecdt & c\u00e1ch ph\u00f2ng ng\u1eeba hi\u1ec7u qu\u1ea3 t\u1ed1t nh\u1ea5t","categories":["M\u1eb9 &amp; B\u00e9"],"tags":["b\u1ec7nh ung th\u01b0","nguy\u00ean nh\u00e2n g\u00e2y ung th\u01b0 tuy\u1ebfn n\u01b0\u1edbc b\u1ecdt","s\u1ee9c kh\u1ecfe nam gi\u1edbi","s\u1ee9c kh\u1ecfe ph\u1ee5 n\u1eef","ung th\u01b0 tuy\u1ebfn n\u01b0\u1edbc b\u1ecdt"],"featureImage":"https:\/\/big.vn\/wp-content\/uploads\/2017\/08\/nguyen-nhan-gay-ung-thu-tuyen-nuoc-bot-cach-phong-ngua-hieu-qua-tot-nhat.jpg","excerpt":"Nguy\u00ean nh\u00e2n g\u00e2y <strong>ung th\u01b0 tuy\u1ebfn n\u01b0\u1edbc b\u1ecdt<\/strong> &amp; c\u00e1ch ph\u00f2ng ng\u1eeba t\u1ed1t nh\u1ea5t s\u1ebd l\u00e0 \u0111\u1ec1 t\u00e0i ch\u00ednh m\u00e0 ch\u00fang t\u00f4i mu\u1ed1n chia s\u1ebb t\u1edbi c\u00e1c b\u1ea1n ng\u00e0y h\u00f4m nay. Ung th\u01b0 tuy\u1ebfn n\u01b0\u1edbc b\u1ecdt nghe th\u00ec c\u00f3 v\u1ebb xa l\u1ea1 v\u1edbi nhi\u1ec1u ng\u01b0\u1eddi v\u00ec n\u00f3 th\u1eadt s\u1ef1 l\u00e0 c\u0103n b\u1ec7nh hi\u1ebfm g\u1eb7p nh\u1ea5t hi\u1ec7n nay so v\u1edbi c\u00e1c lo\u1ea1i ung th\u01b0 kh\u00e1c \u0111ang","slug":"nguyen-nhan-gay-ung-thu-tuyen-nuoc-bot-cach-phong-ngua-hieu-qua-tot-nhat","content":"H\u00e3y c\u00f9ng big.vn ch\u00fang t\u00f4i t\u00ecm hi\u1ec3u xem nguy\u00ean nh\u00e2n v\u00e0 c\u00e1ch ph\u00f2ng b\u1ec7nh ung th\u01b0 tuy\u1ebfn n\u01b0\u1edbc b\u1ecdt l\u00e0 g\u00ec b\u00ean d\u01b0\u1edbi \u0111\u00e2y nh\u00e9!\r\n<h3>Nguy\u00ean nh\u00e2n g\u00e2y b\u1ec7nh ung th\u01b0 tuy\u1ebfn n\u01b0\u1edbc b\u1ecdt<\/h3>\r\nNguy\u00ean nh\u00e2n g\u00e2y n\u00ean ung th\u01b0 tuy\u1ebfn n\u01b0\u1edbc b\u1ecdt hi\u1ec7n v\u1eabn ch\u01b0a \u0111\u01b0\u1ee3c x\u00e1c \u0111\u1ecbnh m\u1ed9t c\u00e1ch ch\u00ednh x\u00e1c, ng\u01b0\u1eddi ta ch\u1ec9 c\u00f3 th\u1ec3 gi\u1ea3i th\u00edch \u0111\u01b0\u1ee3c r\u1eb1ng ung th\u01b0 tuy\u1ebfn n\u01b0\u1edbc b\u1ecdt l\u00e0 do m\u1ed9t t\u1ebf b\u00e0o trong tuy\u1ebfn n\u01b0\u1edbc b\u1ecdt b\u1ecb \u0111\u1ed9t bi\u1ebfn. Ch\u00fang ph\u00e1t tri\u1ec3n m\u1ea1nh, x\u00e2m l\u1ea5n c\u00e1c t\u1ebf b\u00e0o l\u00e0nh t\u00ednh v\u00e0 li\u00ean k\u1ebft v\u1edbi nhau t\u1ea1o th\u00e0nh c\u00e1c u, khi v\u1ee1 ra ch\u00fang di c\u0103n sang c\u00e1c t\u1ebf b\u00e0o b\u00ean trong c\u01a1 th\u1ec3....Tuy kh\u00f4ng th\u1ec3 bi\u1ebft ch\u00ednh x\u00e1c \u0111\u1ecbnh \u0111\u01b0\u1ee3c nguy\u00ean nh\u00e2n g\u00e2y n\u00ean ung th\u01b0 tuy\u1ebfn n\u01b0\u1edbc b\u1ecdt nh\u01b0ng ng\u01b0\u1eddi ta v\u1eabn c\u00f3 th\u1ec3 x\u00e1c \u0111\u1ecbnh \u0111\u01b0\u1ee3c c\u00e1c y\u1ebfu t\u1ed1 g\u00e2y n\u00ean b\u1ec7nh nh\u01b0:\r\n\r\n<img class=\"aligncenter wp-image-89579\" src=\"https:\/\/big.vn\/wp-content\/uploads\/2017\/08\/nguyen-nhan-gay-ung-thu-tuyen-nuoc-bot-cach-phong-ngua-hieu-qua-tot-nhat-1.jpg\" alt=\"Nguy\u00ean nh\u00e2n g\u00e2y ung th\u01b0 tuy\u1ebfn n\u01b0\u1edbc b\u1ecdt &amp; c\u00e1ch ph\u00f2ng ng\u1eeba hi\u1ec7u qu\u1ea3 t\u1ed1t nh\u1ea5t\" width=\"500\" height=\"458\" \/>\r\n<h4><strong>R\u01b0\u1ee3u bia v\u00e0 thu\u1ed1c l\u00e1:<\/strong><\/h4>\r\nNh\u1eefng ng\u01b0\u1eddi u\u1ed1ng nhi\u1ec1u r\u01b0\u1ee3u bia, h\u00fat thu\u1ed1c l\u00e1 kh\u00f4ng nh\u1eefng c\u00f3 nguy c\u01a1 m\u1eafc ung th\u01b0 ph\u1ed5i m\u00e0 h\u1ea7u h\u1ebft \u0111\u1ec1u c\u00f3 s\u1ef1 li\u00ean quan \u0111\u1ebfn ung th\u01b0 v\u00e0 \u0111\u01b0\u01a1ng nhi\u00ean n\u00f3 c\u0169ng kh\u00f4ng th\u1ec3 lo\u1ea1i tr\u1eeb ung th\u01b0 tuy\u1ebfn n\u01b0\u1edbc b\u1ecdt.\r\n\r\n<img class=\"aligncenter wp-image-89580 size-full\" src=\"https:\/\/big.vn\/wp-content\/uploads\/2017\/08\/nguyen-nhan-gay-ung-thu-tuyen-nuoc-bot-cach-phong-ngua-hieu-qua-tot-nhat-2.jpg\" alt=\"Nguy\u00ean nh\u00e2n g\u00e2y ung th\u01b0 tuy\u1ebfn n\u01b0\u1edbc b\u1ecdt &amp; c\u00e1ch ph\u00f2ng ng\u1eeba hi\u1ec7u qu\u1ea3 t\u1ed1t nh\u1ea5t\" width=\"500\" height=\"296\" \/>\r\n<h4><strong>Tu\u1ed5i t\u00e1c:<\/strong><\/h4>\r\nNh\u1eefng ng\u01b0\u1eddi \u1edf \u0111\u1ed9 tu\u1ed5i trung ni\u00ean t\u1eeb 55-65 c\u00f3 nguy c\u01a1 m\u1eafc b\u1ec7nh nhi\u1ec1u h\u01a1n nh\u1eefng l\u1ee9a tu\u1ed5i kh\u00e1c. V\u00ec \u1edf \u0111\u1ecd tu\u1ed5i n\u00e0y c\u00e1c t\u1ebf b\u00e0o \u1edf th\u1eddi k\u1ef3 c\u00f3 s\u1ef1 l\u00e3o h\u00f3a c\u00f9ng v\u1edbi nh\u1eefng t\u00edch t\u1ee5 \u0111\u1ed9c h\u1ea1i trong c\u01a1 th\u1ec3 t\u1eeb nh\u1eefng n\u0103m th\u00e1ng c\u1ee7a tu\u1ed5i tr\u1ebb \u0111\u1ebfn khi v\u1ec1 gi\u00e0 m\u1edbi b\u00f9ng ph\u00e1t.\r\n<h4><strong>Ph\u01a1i nhi\u1ec5m b\u1ee9c x\u1ea1:<\/strong><\/h4>\r\nNh\u1eefng ng\u01b0\u1eddi th\u01b0\u1eddng xuy\u00ean l\u00e0m vi\u1ec7c trong m\u00f4i tr\u01b0\u1eddng ch\u1ee9a b\u1ee9c x\u1ea1 hay nh\u1eefng ng\u01b0\u1eddi c\u00f3 th\u1eddi gian x\u1ea1 tr\u1ecb ung th\u01b0 \u1edf v\u00f9ng \u0111\u1ea7u c\u1ed5 c\u0169ng l\u00e0 c\u01a1 h\u1ed9i \u0111\u1ec3 l\u00e0m t\u0103ng nguy c\u01a1 m\u1eafc ung th\u01b0 tuy\u1ebfn n\u01b0\u1edbc b\u1ecdt cho b\u1ea1n.\r\n<h3>C\u00e1c lo\u1ea1i ung th\u01b0 tuy\u1ebfn n\u01b0\u1edbc b\u1ecdt ph\u1ed5 bi\u1ebfn nh\u1ea5t hi\u1ec7n nay<\/h3>\r\nUng th\u01b0 tuy\u1ebfn n\u01b0\u1edbc b\u1ecdt c\u00f3 nhi\u1ec1u d\u1ea1ng kh\u00e1c nhau do ch\u00fang \u0111\u01b0\u1ee3c t\u1ea1o ra t\u1eeb nh\u1eefng d\u1ea1ng t\u1ebf b\u00e0o \u0111\u1ed9t bi\u1ebfn kh\u00e1c nhau. D\u1ef1a v\u00e0o c\u1ea5u t\u1ea1o t\u1ebf b\u00e0o c\u1ee7a c\u00e1c kh\u1ed1i u ng\u01b0\u1eddi ta ph\u00e2n ung th\u01b0 tuy\u1ebfn n\u01b0\u1edbc b\u1ecdt th\u00e0nh c\u00e1c d\u1ea1ng nh\u01b0 sau:\r\n<ul>\r\n \t<li>Ung th\u01b0 bi\u1ec3u m\u00f4 \u1ed1ng d\u1eabn n\u01b0\u1edbc b\u1ecdt<\/li>\r\n \t<li>Ung th\u01b0 t\u1ebf b\u00e0o v\u1ea3y<\/li>\r\n \t<li>Ung th\u01b0 t\u1ebf b\u00e0o Acinic<\/li>\r\n \t<li>Adenocarcinoma<\/li>\r\n \t<li>Kh\u1ed1i u \u00e1c t\u00ednh h\u1ed7n h\u1ee3p<\/li>\r\n \t<li>Mucoepidermoid ung th\u01b0<\/li>\r\n \t<li>VA nang ung th\u01b0<\/li>\r\n \t<li>Ung th\u01b0 t\u1ebf b\u00e0o r\u00f5 r\u00e0ng<\/li>\r\n \t<li>Oncocytic ung th\u01b0<\/li>\r\n \t<li>C\u00f3 nhi\u1ec1u h\u00ecnh c\u1ea5p th\u1ea5p adenocarcinoma.<\/li>\r\n<\/ul>\r\n<h3>C\u00e1ch ph\u00f2ng tr\u00e1nh ung th\u01b0 tuy\u1ebfn n\u01b0\u1edbc b\u1ecdt b\u1ea1n c\u1ea7n bi\u1ebft<\/h3>\r\n<ul>\r\n \t<li>Kh\u00f4ng u\u1ed1ng r\u01b0\u1ee3u bia, thu\u1ed1c l\u00e1 ho\u1eb7c cai r\u01b0\u1ee3u bia v\u00e0 thu\u1ed1c l\u00e1.<\/li>\r\n \t<li>V\u1ec7 sinh r\u0103ng mi\u1ec7ng s\u1ea1ch s\u1ebd m\u1ed7i ng\u00e0y (\u00edt nh\u1ea5t l\u00e0 2 l\u1ea7n\/ ng\u00e0y).<\/li>\r\n \t<li>\u0102n nhi\u1ec1u rau c\u1ee7 qu\u1ea3, \u0111\u1eb7c bi\u1ec7t c\u00e1c lo\u1ea1i rau c\u00f3 ch\u1ea5t kh\u00e1ng sinh ch\u1ed1ng l\u1ea1i ung th\u01b0 nh\u01b0 c\u00e0 r\u1ed1t, t\u1ecfi, c\u1ee7 c\u1ea3i, b\u00f4ng c\u1ea3i xanh, nho \u0111en, c\u00e0 chua, t\u00e1o,...<\/li>\r\n \t<li>Kh\u00e1m s\u1ee9c kh\u1ecfe \u0111\u1ecbnh k\u1ef3, \u0111\u1eb7c bi\u1ec7t l\u00e0 khi ph\u00e1t hi\u1ec7n s\u1ef1 s\u01b0ng vi\u00eam tuy\u1ebfn n\u01b0\u1edbc b\u1ecdt hay c\u00f3 c\u00e1c d\u1ea5u hi\u1ec7u c\u1ee7a c\u0103n b\u1ec7nh ung th\u01b0 tuy\u1ebfn n\u01b0\u1edbc b\u1ecdt b\u1ea1n n\u00ean nhanh ch\u00f3ng \u0111\u1ebfn g\u1eb7p b\u00e1c s\u0129 chuy\u00ean khoa \u0111\u1ec3 ph\u00e1t hi\u1ec7n b\u1ec7nh s\u1edbm v\u00e0 x\u1eed l\u00fd k\u1ecbp th\u1eddi.<\/li>\r\n<\/ul>\r\n<h3>Nh\u1eefng \u0111\u1ed1i t\u01b0\u1ee3ng n\u00e0o n\u00ean \u0111\u1ec1 ph\u00f2ng c\u0103n b\u1ec7nh ung th\u01b0 tuy\u1ebfn n\u01b0\u1edbc b\u1ecdt?<\/h3>\r\n<ul>\r\n \t<li>Nh\u1eefng ng\u01b0\u1eddi l\u00e0m vi\u1ec7c trong m\u00f4i tr\u01b0\u1eddng h\u00f3a ch\u1ea5t \u0111\u1ed9c h\u1ea1i, ch\u1eb3ng h\u1ea1n nh\u01b0 c\u00e1c h\u1ee3p kim niken v\u00e0 b\u1ee5i silica, c\u00f3 th\u1ec3 c\u00f3 t\u0103ng nguy c\u01a1 ung th\u01b0 tuy\u1ebfn n\u01b0\u1edbc b\u1ecdt.<\/li>\r\n \t<li>Nh\u1eefng ng\u01b0\u1eddi l\u1edbn tu\u1ed5i: Ch\u01b0a c\u00f3 nhi\u1ec1u c\u01a1 s\u1edf ch\u1ee9ng minh r\u1eb1ng tu\u1ed5i t\u00e1c c\u00f3 th\u1ec3 g\u00e2y ung th\u01b0 tuy\u1ebfn n\u01b0\u1edbc b\u1ecdt th\u1ebf nh\u01b0ng ung th\u01b0 tuy\u1ebfn n\u01b0\u1edbc b\u1ecdt th\u01b0\u1eddng xu\u1ea5t hi\u1ec7n \u1edf nh\u1eefng ng\u01b0\u1eddi tr\u00ean l\u1ee9a tu\u1ed5i 40.<\/li>\r\n \t<li>Ph\u01a1i nhi\u1ec5m b\u1ee9c x\u1ea1: B\u1ee9c x\u1ea1, ch\u1eb3ng h\u1ea1n nh\u01b0 b\u1ee9c x\u1ea1 \u0111\u01b0\u1ee3c s\u1eed d\u1ee5ng \u0111\u1ec3 \u0111i\u1ec1u tr\u1ecb ung th\u01b0 \u0111\u1ea7u v\u00e0 c\u1ed5, l\u00e0m t\u0103ng nguy c\u01a1 ung th\u01b0 tuy\u1ebfn n\u01b0\u1edbc b\u1ecdt. D\u01b0\u1edbi b\u1ee9c x\u1ea1 m\u1ea1nh, ch\u1eb3ng h\u1ea1n nh\u01b0 \u0111\u01b0\u1ee3c s\u1eed d\u1ee5ng trong ch\u1ea9n \u0111o\u00e1n X-quang, c\u0169ng c\u00f3 th\u1ec3 l\u00e0m t\u0103ng nguy c\u01a1 ung th\u01b0 tuy\u1ebfn n\u01b0\u1edbc b\u1ecdt. N\u01a1i l\u00e0m vi\u1ec7c ti\u1ebfp x\u00fac v\u1edbi c\u00e1c ch\u1ea5t nh\u1ea5t \u0111\u1ecbnh.<\/li>\r\n<\/ul>\r\n<em>V\u1eeba r\u1ed3i, ch\u00fang t\u00f4i \u0111\u00e3 li\u1ec7t k\u00ea ra t\u1ea5t t\u1ea7n t\u1eadt nh\u1eefng nguy\u00ean nh\u00e2n g\u00e2y ung th\u01b0 tuy\u1ebfn n\u01b0\u1edbc b\u1ecdt &amp; c\u00e1ch ph\u00f2ng ng\u1eeba hi\u1ec7u qu\u1ea3 m\u00e0 c\u00e1c b\u1ea1n n\u00ean tham kh\u1ea3o \u0111\u1ec3 ch\u1ee7 \u0111\u1ed9ng b\u1ea3o v\u1ec7 s\u1ee9c kh\u1ecfe c\u00e1 nh\u00e2n ngay t\u1eeb b\u00e2y gi\u1edd. N\u00f3i chung, b\u1ea5t c\u1ee9 c\u0103n b\u1ec7nh ung th\u01b0 g\u00ec hi\u1ec7n nay c\u0169ng xu\u1ea5t ph\u00e1t \u0111i\u1ec3m t\u1eeb th\u00f3i quen \u0103n u\u1ed1ng, sinh ho\u1ea1t kh\u00f4ng l\u00e0nh m\u1ea1nh, c\u1ed9ng th\u00eam th\u00e1i \u0111\u1ed9 ch\u1ee7 quan l\u01a1 l\u00e0 t\u1edbi t\u00ecnh h\u00ecnh s\u1ee9c kh\u1ecfe b\u1ea3n th\u00e2n n\u00ean th\u00e0nh th\u1eed khi\u1ebfn t\u1ebf b\u00e0o ung th\u01b0 ng\u1ea5m ng\u1ea7m l\u00e2u trong c\u01a1 th\u1ec3 r\u1ed3i d\u1eabn t\u1edbi suy ki\u1ec7t, m\u1ec7t m\u1ecfi l\u00fac n\u00e0o kh\u00f4ng hay. M\u1ed9t l\u1eddi khuy\u00ean ch\u00e2n th\u00e0nh cho b\u1ea1n \u0111\u00f3 ch\u00ednh l\u00e0 \"ph\u00f2ng b\u1ec7nh bao gi\u1edd c\u0169ng t\u1ed1t h\u01a1n ch\u1eefa b\u1ec7nh\", h\u00e3y nh\u1edb k\u1ef9 \u0111i\u1ec1u n\u00e0y \u0111\u1ec3 \u0111\u1ea3m b\u1ea3o cho m\u00ecnh m\u1ed9t th\u1ec3 l\u1ef1c th\u1eadt t\u1ed1t v\u1ec1 sau. Ch\u00fac s\u1ee9c kh\u1ecfe v\u00e0 nhi\u1ec1u ni\u1ec1m vui. H\u00e3y chia s\u1ebb v\u1edbi big.vn nh\u1eefng th\u00f4ng tin quan tr\u1ecdng kh\u00e1c v\u1ec1 c\u00e1c c\u0103n b\u1ec7nh ung th\u01b0 ph\u1ed5 bi\u1ebfn nh\u1ea5t m\u00e0 nhi\u1ec1u ng\u01b0\u1eddi d\u1ec5 m\u1eafc ph\u1ea3i hi\u1ec7n nay nh\u00e9!<\/em>\r\n\r\nT\u1eeb kh\u00f3a:\r\n<ul>\r\n \t<li><em>ung th\u01b0 tuy\u1ebfn n\u01b0\u1edbc b\u1ecdt giai \u0111o\u1ea1n cu\u1ed1i<\/em><\/li>\r\n \t<li><em>ung th\u01b0 tuy\u1ebfn n\u01b0\u1edbc b\u1ecdt c\u00f3 nguy hi\u1ec3m kh\u00f4ng<\/em><\/li>\r\n \t<li><em>\u0111i\u1ec1u tr\u1ecb ung th\u01b0 tuy\u1ebfn n\u01b0\u1edbc b\u1ecdt<\/em><\/li>\r\n \t<li><em>ung thu tuyen nuoc bot song duoc bao lau<\/em><\/li>\r\n \t<li><em>ung th\u01b0 tuy\u1ebfn n\u01b0\u1edbc b\u1ecdt d\u01b0\u1edbi h\u00e0m<\/em><\/li>\r\n \t<li><em>u tuy\u1ebfn n\u01b0\u1edbc b\u1ecdt ph\u1ee5<\/em><\/li>\r\n \t<li><em>u tuy\u1ebfn n\u01b0\u1edbc b\u1ecdt c\u00f3 nguy hi\u1ec3m kh\u00f4ng<\/em><\/li>\r\n \t<li><em>ung thu tuyen nuoc bot giai doan dau<\/em><\/li>\r\n<\/ul>"}