{"title":"Top 3 n\u1eef di\u1ec5n vi\u00ean c\u00f3 s\u1ee9c \u1ea3nh h\u01b0\u1edfng l\u1edbn nh\u1ea5t H\u00e0n Qu\u1ed1c","categories":["Ki\u1ebfn th\u1ee9c"],"tags":["di\u1ec5n vi\u00ean h\u00e0n qu\u1ed1c"],"featureImage":"https:\/\/big.vn\/wp-content\/uploads\/2017\/08\/top-3-nu-dien-vien-co-suc-anh-huong-lon-nhat-han-quoc.jpg","excerpt":"<strong>Top 3 n\u1eef di\u1ec5n vi\u00ean c\u00f3 s\u1ee9c \u1ea3nh h\u01b0\u1edfng l\u1edbn nh\u1ea5t H\u00e0n Qu\u1ed1c<\/strong>: M\u1edbi \u0111\u00e2y, c\u00e1c trang tin c\u1ee7a H\u00e0n Qu\u1ed1c cho r\u1eb1ng, Song Hye Kyo v\u1edbi th\u00e0nh c\u00f4ng c\u1ee7a H\u1eadu du\u00ea m\u1eb7t tr\u1eddi ti\u1ebfp t\u1ee5c k\u00e9o d\u00e0i th\u00e0nh t\u00edch trong d\u00f2ng phim truy\u1ec1n h\u00ecnh. Nh\u1eefng d\u1ef1 \u00e1n c\u00f3 s\u1ef1 tham gia c\u1ee7a c\u00f4 c\u00f3 t\u1ef7 l\u1ec7 h\u00fat kh\u00e1ch cao. Ngo\u00e0i <strong>Song","slug":"top-3-nu-dien-vien-co-suc-anh-huong-lon-nhat-han-quoc","content":"<h2><strong>Top 3 n\u1eef di\u1ec5n vi\u00ean c\u00f3 s\u1ee9c \u1ea3nh h\u01b0\u1edfng l\u1edbn nh\u1ea5t H\u00e0n Qu\u1ed1c<\/strong><\/h2>\r\nM\u1edbi \u0111\u00e2y, c\u00e1c trang tin c\u1ee7a H\u00e0n Qu\u1ed1c cho r\u1eb1ng, Song Hye Kyo v\u1edbi th\u00e0nh c\u00f4ng c\u1ee7a H\u1eadu du\u00ea m\u1eb7t tr\u1eddi ti\u1ebfp t\u1ee5c k\u00e9o d\u00e0i th\u00e0nh t\u00edch trong d\u00f2ng phim truy\u1ec1n h\u00ecnh. Nh\u1eefng d\u1ef1 \u00e1n c\u00f3 s\u1ef1 tham gia c\u1ee7a c\u00f4 c\u00f3 t\u1ef7 l\u1ec7 h\u00fat kh\u00e1ch cao. Ngo\u00e0i <strong>Song Hye Kyo, Kim Tae Hee v\u00e0 Jeon Ji Hyun<\/strong> c\u0169ng \u0111\u01b0\u1ee3c coi l\u00e0 di\u1ec5n vi\u00ean h\u00e0ng \u0111\u1ea7u c\u1ee7a H\u00e0n Qu\u1ed1c trong nh\u1eefng n\u0103m g\u1ea7n \u0111\u00e2y, mang l\u1ea1i ni\u1ec1m tin cho c\u00e1c \u0111\u1ea1o di\u1ec5n.\r\n\r\n<img class=\"aligncenter size-full wp-image-83170\" src=\"https:\/\/big.vn\/wp-content\/uploads\/2017\/08\/top-3-nu-dien-vien-co-suc-anh-huong-lon-nhat-han-quoc.jpg\" alt=\"Top 3 n\u1eef di\u1ec5n vi\u00ean c\u00f3 s\u1ee9c \u1ea3nh h\u01b0\u1edfng l\u1edbn nh\u1ea5t H\u00e0n Qu\u1ed1c\" width=\"500\" height=\"447\" \/>\r\n\r\nSports Chosun cho hay, nh\u1eadn \u0111\u1ecbnh n\u00e0y kh\u00f4ng \u0111\u01b0\u1ee3c \u0111\u00e1m \u0111\u00f4ng kh\u00e1n gi\u1ea3 \u0111\u1ed3ng t\u00ecnh. \u0110a s\u1ed1 c\u00e1c \u00fd ki\u1ebfn cho r\u1eb1ng, <strong>Kim Tae Hee<\/strong> \u0111\u1eb9p hi\u1ebfm c\u00f3 nh\u01b0ng di\u1ec5n xu\u1ea5t qu\u00e1 nh\u1ea1t. C\u00e1c nh\u00e0 ph\u00ea b\u00ecnh phim c\u0169ng t\u1eebng th\u1eeba nh\u1eadn, c\u00f4 gi\u1ed1ng nh\u01b0 \u201cb\u00ecnh hoa di \u0111\u1ed9ng \u0111\u1eaft gi\u00e1\u201d tr\u00ean m\u00e0n \u1ea3nh v\u00ec di\u1ec5n xu\u1ea5t c\u1ee9ng \u0111\u01a1.\r\n\r\nV\u00ed d\u1ee5 c\u1ee5 th\u1ec3 trong phim Yongpal - b\u1ed9 phim \u0111\u1ea1t th\u00e0nh t\u00edch cao khi ph\u00e1t s\u00f3ng. Ng\u01b0\u1eddi \u0111\u1eb9p nh\u1eadn 40 tri\u1ec7u won (t\u01b0\u01a1ng \u0111\u01b0\u01a1ng 754 tri\u1ec7u \u0111\u1ed3ng) cho m\u1ed9t t\u1eadp phim tham gia. Nh\u01b0 v\u1eady, sau 16 t\u1eadp phim, c\u00f4 nh\u1eadn \u0111\u01b0\u1ee3c 640 tri\u1ec7u won. Nh\u01b0ng g\u1ea7n n\u1eeda chi\u1ec1u d\u00e0i phim, kh\u00e1n gi\u1ea3 u\u1ec3 o\u1ea3i khi Kim Tae Hee ch\u1ec9 c\u00f3 nhi\u1ec7m v\u1ee5 n\u1eb1m ng\u1ee7, trong khi t\u00e0i t\u1eed Joo Won di\u1ec5n xu\u1ea5t \u0111\u1ebfn 90% th\u1eddi l\u01b0\u1ee3ng phim.\r\n\r\n\u201cTh\u00e0nh th\u1eadt m\u00e0 n\u00f3i, Yongpal k\u1ebft th\u00fac, t\u00f4i ch\u1ec9 nh\u1edb v\u1ec1 Joo Won\u201d, b\u00ecnh lu\u1eadn \u0111\u01b0\u1ee3c h\u01a1n 7.100 l\u01b0\u1ee3t t\u00e1n \u0111\u1ed3ng. \u201cKim Tae Hee \u0111\u1eb9p nh\u01b0ng di\u1ec5n xu\u1ea5t qu\u00e1 t\u1ec7. Joo Won \u0111\u00e3 l\u00e0m t\u1ea5t c\u1ea3 trong Yongpal\u201d, \u00fd ki\u1ebfn n\u00e0y \u0111\u01b0\u1ee3c g\u1ea7n 6.500 l\u01b0\u1ee3t \u0111\u1ed3ng \u00fd. H\u01a1n 4.000 ng\u01b0\u1eddi tr\u00ean Chosun cho r\u1eb1ng \u201cSong Hye Kyo v\u00e0 Jeon Ji Hyun l\u00e0 n\u1eef di\u1ec5n vi\u00ean xu\u1ea5t s\u1eafc. Di\u1ec5n xu\u1ea5t, ngo\u1ea1i h\u00ecnh v\u00e0 th\u01b0\u01a1ng hi\u1ec7u \u0111\u1ec1u t\u1ed1t. Kim Tae Hee th\u00ec kh\u00f4ng\u201d.\r\n\r\n<em>Tr\u00ean \u0111\u00e2y l\u00e0 nh\u1eefng n\u1eef di\u00ean vi\u00ean c\u00f3 s\u1ee9c \u1ea3nh h\u01b0\u1edfng l\u1edbn \u1edf h\u00e0n qu\u1ed1c, m\u1ed7i t\u1eadp b\u1ed9 phim nh\u1eefng di\u1ec5n vi\u00ean n\u00e0y \u0111\u00f3ng \u0111\u1ec1u thu h\u00fat \u0111\u01b0\u1ee3c s\u1ef1 theo d\u00f5i c\u1ee7a ng\u01b0\u1eddi xem v\u00e0 s\u1ed1 ti\u1ec1n c\u00e1t x\u00ea tr\u1ea3 cho nh\u1eefng di\u1ec5n vi\u00ean n\u00e0y v\u00f4 c\u00f9ng cao. Ch\u00fac c\u00e1c b\u1ea1n \u0111\u1ecdc tin vui v\u1ebb v\u00e0 h\u00e3y lu\u00f4n \u0111\u1ed3ng h\u00e0nh c\u00f9ng big.vn \u0111\u1ec3 c\u1eadp nh\u1eadt th\u00eam nhi\u1ec1u th\u00f4ng tin h\u1eefu \u00edch nh\u00e9.<\/em>"}