{"title":"B\u00e0i thu\u1ed1c \u0111i\u1ec1u tr\u1ecb ung th\u01b0 gan b\u1eb1ng \u0111\u00f4ng y k\u1ebft h\u1ee3p t\u00e2y y hi\u1ec7u qu\u1ea3","categories":["M\u1eb9 &amp; B\u00e9"],"tags":["b\u00e0i thu\u1ed1c ch\u1eefa ung th\u01b0 gan","b\u1ec7nh ung th\u01b0","ch\u1eefa ung th\u01b0 gan b\u1eb1ng \u0111\u00f4ng y","\u0111i\u1ec1u tr\u1ecb ung th\u01b0 gan","ung th\u01b0 gan"],"featureImage":"https:\/\/big.vn\/wp-content\/uploads\/2017\/08\/bai-thuoc-dieu-tri-ung-thu-gan-bang-dong-y-ket-hop-tay-y-hieu-qua.jpg","excerpt":"B\u00e0i thu\u1ed1c <strong>\u0111i\u1ec1u tr\u1ecb ung th\u01b0 gan<\/strong> b\u1eb1ng \u0111\u00f4ng y k\u1ebft h\u1ee3p t\u00e2y y hi\u1ec7u qu\u1ea3 gi\u00fap gi\u1ea3m thi\u1ec3u s\u1ef1 ph\u00e1t tri\u1ec3n c\u1ee7a c\u00e1c t\u1ebf b\u00e0o ung th\u01b0, gia t\u0103ng tu\u1ed5i th\u1ecd cho ng\u01b0\u1eddi b\u1ec7nh. B\u1ec7nh ung th\u01b0 gan l\u00e0 b\u1ec7nh nguy hi\u1ec3m th\u01b0\u1eddng g\u1eb7p nhi\u1ec1u \u1edf nam gi\u1edbi h\u01a1n so v\u1edbi n\u1eef gi\u1edbi v\u00e0 kh\u00f4ng c\u00f3 thu\u1ed1c \u0111i\u1ec1u tr\u1ecb, tuy nhi\u00ean n\u1ebfu ph\u00e1t ","slug":"bai-thuoc-dieu-tri-ung-thu-gan-bang-dong-y-ket-hop-tay-y-hieu-qua","content":"H\u00e3y c\u00f9ng big.vn tham kh\u1ea3o nh\u1eefng c\u00e1ch \u0111i\u1ec1u tr\u1ecb ung th\u01b0 gan b\u1eb1ng \u0111\u00f4ng y k\u1ebft h\u1ee3p t\u00e2y y hi\u1ec7u qu\u1ea3 nh\u1ea5t d\u01b0\u1edbi \u0111\u00e2y nh\u00e9.\r\n<h3>1. Chu\u1ea9n \u0111o\u00e1n ung th\u01b0 gan<\/h3>\r\n<ul>\r\n \t<li><strong>Giai \u0111o\u1ea1n I<\/strong>: Kh\u1ed1i u \u0111\u01a1n l\u1ebb ch\u01b0a x\u00e2m l\u1ea5n v\u00e0o b\u1ea5t k\u1ef3 m\u1ea1ch m\u00e1u n\u00e0o.<\/li>\r\n \t<li><strong>Giai \u0111o\u1ea1n II<\/strong>: Kh\u1ed1i u \u0111\u01a1n l\u1ebb \u0111\u00e3 x\u00e2m l\u1ea5n v\u00e0o c\u00e1c m\u1ea1ch m\u00e1u l\u00e2n c\u1eadn, ho\u1eb7c c\u00f3 th\u1ec3 c\u00f3 nhi\u1ec1u kh\u1ed1i u nh\u1ecf trong gan.<\/li>\r\n \t<li><strong>Giai \u0111o\u1ea1n III<\/strong>: Nhi\u1ec1u kh\u1ed1i u l\u1edbn, ho\u1eb7c m\u1ed9t kh\u1ed1i u l\u1edbn \u0111\u00e3 x\u00e2m l\u1ea5n t\u0129nh m\u1ea1ch ch\u00ednh c\u1ee7a gan ho\u1eb7c x\u00e2m l\u1ea5n c\u00e1c t\u1ed5 ch\u1ee9c l\u00e2n c\u1eadn, ch\u1eb3ng h\u1ea1n nh\u01b0 t\u00fai m\u1eadt<\/li>\r\n<\/ul>\r\n<img class=\"aligncenter size-full wp-image-89624\" src=\"https:\/\/big.vn\/wp-content\/uploads\/2017\/08\/bai-thuoc-dieu-tri-ung-thu-gan-bang-dong-y-ket-hop-tay-y-hieu-qua-1.png\" alt=\"B\u00e0i thu\u1ed1c \u0111i\u1ec1u tr\u1ecb ung th\u01b0 gan b\u1eb1ng \u0111\u00f4ng y k\u1ebft h\u1ee3p t\u00e2y y hi\u1ec7u qu\u1ea3 ph\u1ea7n 1\" width=\"500\" height=\"320\" \/>\r\n<h3>2. \u0110i\u1ec1u tr\u1ecb ungth\u01b0 gan<\/h3>\r\n<ul>\r\n \t<li>\r\n<h4><strong>2.1. Ph\u01b0\u01a1ng ph\u00e1p t\u00e2y y<\/strong><\/h4>\r\n<ul>\r\n \t<li>Ph\u1eabu thu\u1eadt \u0111\u1ec3 lo\u1ea1i b\u1ecf m\u1ed9t ph\u1ea7n c\u1ee7a gan.<\/li>\r\n \t<li>Ph\u1eabu thu\u1eadt c\u1ea5y gh\u00e9p gan.<\/li>\r\n \t<li>L\u00e0m \u0111\u00f4ng c\u00e1c t\u1ebf b\u00e0o ungth\u01b0 (\u00c1p l\u1ea1nh \u2013 Cryoablation)<\/li>\r\n \t<li>Di\u1ec7t c\u00e1c t\u1ebf b\u00e0o ungth\u01b0 b\u1eb1ng nhi\u1ec7t, g\u1ecdi l\u00e0 c\u1eaft b\u1ecf ungth\u01b0 b\u1eb1ng s\u00f3ng radio (ablation radiofrequency).<\/li>\r\n \t<li>Ti\u00eam alcohol (c\u1ed3n) v\u00e0o kh\u1ed1i u.<\/li>\r\n \t<li>Ch\u00edch thu\u1ed1c h\u00f3a tr\u1ecb v\u00e0o gan (H\u00f3a tr\u1ecb li\u1ec7u thuy\u00ean t\u1eafc \u2013 Chemoembolization)<\/li>\r\n \t<li>X\u1ea1 tr\u1ecb.<\/li>\r\n \t<li>\u0110i\u1ec1u tr\u1ecb thu\u1ed1c: Sorafenib (Nexavar).<\/li>\r\n<\/ul>\r\n<\/li>\r\n<\/ul>\r\n<ul>\r\n \t<li>Nh\u1eefng ph\u1ea3n \u1ee9ng ph\u1ee5 sau h\u00f3a tr\u1ecb , x\u1ea1 tr\u1ecb:\r\n<ul>\r\n \t<li>Bu\u1ed3n n\u00f4n v\u00e0 n\u00f4n.<\/li>\r\n \t<li>L\u00e0m bi\u1ebfn \u0111\u1ed5i v\u00e0 g\u00e2y lo\u00e9t th\u00e0nh m\u1ea1ch.<\/li>\r\n \t<li>T\u00e1o b\u00f3n.<\/li>\r\n \t<li>L\u00e0n da b\u1ecb kh\u00f4 h\u00e9o<\/li>\r\n \t<li>R\u1ee5ng t\u00f3c .<\/li>\r\n \t<li>B\u1ec7nh nhi\u1ec5m tr\u00f9ng.<\/li>\r\n \t<li>Tr\u1ea7m c\u1ea3m.<\/li>\r\n<\/ul>\r\n<\/li>\r\n<\/ul>\r\n<ul>\r\n \t<li>\r\n<h4><strong>2.2. \u0110i\u1ec1u tr\u1ecb b\u1eb1ng \u0111\u00f4ng y<\/strong><\/h4>\r\n<\/li>\r\n<\/ul>\r\nHi\u1ec7n nay t\u00e2y y ch\u01b0a t\u00ecm ra bi\u1ec7n ph\u00e1p \u0111i\u1ec1u tr\u1ecb ungth\u01b0 gan hi\u1ec7u qu\u1ea3 khi\u1ebfn tu\u1ed5i th\u1ecd b\u1ec7nh nh\u00e2n m\u1eafc b\u1ec7nh ungth\u01b0 gan sau khi \u0111i\u1ec1u tr\u1ecb kh\u00f4ng k\u00e9o d\u00e0i, trong v\u00e0 sau qu\u00e1 tr\u00ecnh \u0111i\u1ec1u tr\u1ecb th\u01b0\u1eddng s\u1ea3y ra t\u00e1c d\u1ee5ng ph\u1ee5 c\u00f9ng v\u1edbi chi ph\u00ed \u0111i\u1ec1u tr\u1ecb cao khi\u1ebfn nhi\u1ec1u b\u1ec7nh nh\u00e2n m\u1eafc b\u1ec7nh ungth\u01b0 gan \u0111\u00e3 l\u1ef1a ch\u1ecdn ph\u01b0\u01a1ng ph\u00e1p \u0111i\u1ec1u tr\u1ecb \u0111\u00f4ng y v\u1edbi hy v\u1ecdng k\u00e9o d\u00e0i s\u1ef1 s\u1ed1ng.\r\n\r\n\u0110\u1ec3 l\u1ef1a ch\u1ecdn \u0111\u01b0\u1ee3c ph\u01b0\u01a1ng thu\u1ed1c \u0111\u00f4ng y \u0111i\u1ec1u tr\u1ecb ph\u00f9 h\u1ee3p cho b\u1ec7nh nh\u00e2n, c\u00e1c chuy\u00ean gia c\u00f3 chuy\u00ean m\u00f4n c\u1ee7a D\u01b0\u1ee3c li\u1ec7u nam vi\u1ec7t khuy\u00ean b\u1ec7nh nh\u00e2n n\u00ean th\u1ef1c hi\u1ec7n c\u00e1c x\u00e9t nghi\u1ec7m chu\u1ea9n \u0111o\u00e1n x\u00e1c \u0111\u1ecbnh giai \u0111o\u1ea1n, t\u00ecnh tr\u1ea1ng b\u1ec7nh, c\u0169ng nh\u01b0 ti\u1ec3u s\u1eed b\u1ec7nh l\u00fd\u2026 \u0111\u1ec3 c\u00e1c b\u00e1c s\u1ef9, l\u01b0\u01a1ng y \u0111\u00f4ng y c\u00f3 c\u01a1 s\u1edf \u0111i\u1ec1u tr\u1ecb, \u0111i\u1ec1u tr\u1ecb ungth\u01b0 b\u1eb1ng \u0111\u00f4ng y c\u00f3 th\u1ec3 \u00e1p d\u1ee5ng v\u1edbi t\u1ea5t c\u1ea3 c\u00e1c giai \u0111o\u1ea1n b\u1ec7nh, c\u00f3 th\u1ec3 k\u1ebft h\u1ee3p v\u1edbi c\u00e1c ph\u01b0\u01a1ng ph\u00e1p \u0111i\u1ec1u tr\u1ecb t\u00e2y y \u0111\u1ec3 t\u0103ng hi\u1ec7u qu\u1ea3 \u0111i\u1ec1u tr\u1ecb. D\u01b0\u1ee3c li\u1ec7u nam vi\u1ec7t c\u00f3 khuy\u1ebfn c\u00e1o \u0111\u1ed1i v\u1edbi b\u1ec7nh nh\u00e2n, tr\u01b0\u1edbc khi s\u1eed d\u1ee5ng b\u1ea5t k\u1ef3 m\u1ed9t lo\u1ea1i thu\u1ed1c , ph\u01b0\u01a1ng thu\u1ed1c \u0111\u00f4ng y c\u0169ng nh\u01b0 t\u00e2n d\u01b0\u1ee3c, b\u1ec7nh nh\u00e2n c\u1ea7n c\u00f3 s\u1ef1 t\u01b0 v\u1ea5n h\u01b0\u1edbng d\u1eabn c\u00e1c c\u00e1c nh\u00e0 chuy\u00ean m\u00f4n, l\u01b0\u01a1ng y, b\u00e1c s\u1ef9.\r\n\r\nC\u00e1ch v\u1ecb thu\u1ed1c \u0111\u00f4ng y ch\u1eefa ung th\u01b0 gan\r\n<ul>\r\n \t<li>Nam vi\u1ec7t nh\u1ecb ph\u01b0\u01a1ng :B\u00e1n chi li\u00ean, B\u00e1n bi\u00ean li\u00ean, Ho\u00e0ng v\u0129 nh\u0129 th\u1ea3o, X\u00e1o tam ph\u00e2n, Thi\u00ean h\u1ed3 tuy \u0111\u1ec1u , \u00dd d\u0129 \u2026 Ng\u00e0y 1 thang s\u1eafc u\u1ed1ng.<\/li>\r\n \t<li>B\u00e1n chi li\u00ean, B\u1ea1ch hoa x\u00e0 thi\u1ec7t th\u1ea3o \u0111\u1ec1u, X\u00e1o tam ph\u00e2n,Ti\u1ec3u kim b\u1ea5t ho\u00e1n, K\u00ea c\u1ed1t th\u1ea3o \u0111\u1ec1u\u2026 , Ng\u00e0y thang s\u1eafc u\u1ed1ng.<\/li>\r\n \t<li>X\u00e1o tam ph\u00e2n, B\u00e1n chi li\u00ean, \u00dd d\u0129 \u0111\u1ec1u, \u0110\u01b0\u01a1ng quy , B\u00e1t nguy\u1ec7t tr\u00e1c, \u0110an s\u00e2m, Th\u1ea1ch y\u00ean, Ng\u00f5a l\u0103ng, B\u1ea1ch th\u01b0\u1ee3c, H\u1ed3ng hoa, L\u1eadu l\u00f4, Tr\u1ea7n b\u00ec\u2026 Ng\u00e0y 1 thang s\u1eafc u\u1ed1ng.<\/li>\r\n \t<li>Nam Vi\u1ec7t L\u00fd kh\u00ed ti\u00eau ch\u01b0ng thang: X\u00e1o tam ph\u00e2n, B\u00e1n chi li\u00ean, B\u1ea1ch hoa x\u00e0 thi\u1ec7t th\u1ea3o, sinh M\u1eabu l\u1ec7, B\u00e1t nguy\u1ec7t tr\u00e1c, L\u1eadu l\u00f4, H\u1ed3ng \u0111\u1eb1ng \u0111\u1ec1u, \u0110an s\u00e2m, Kim linh t\u1eed \u2026 Ng\u00e0y 1 thang s\u1eafc u\u1ed1ng. Gia gi\u1ea3m :\r\n<ul>\r\n \t<li>Can kh\u00ed u\u1ea5t k\u1ebft, th\u00eam: S\u00e0i h\u1ed3, \u0110\u01b0\u01a1ng quy, B\u1ea1ch th\u01b0\u1ee3c, H\u01b0\u01a1ng ph\u1ee5 ch\u1ebf, U\u1ea5t kim, Ch\u1ec9 th\u1ef1c, S\u01a1n tra, K\u00ea n\u1ed9i kim .<\/li>\r\n \t<li>Kh\u00ed huy\u1ebft \u1ee9 tr\u1ec7, th\u00eam: S\u00e0i h\u1ed3, \u0110\u01b0\u01a1ng quy, X\u00edch th\u01b0\u1ee3c, Nga tru\u1eadt, Tam l\u0103ng, \u0110\u00e0o nh\u00e2n, U\u1ea5t kim, \u0110\u1ecba mi\u1ebft tr\u00f9ng, Huy\u1ec1n h\u1ed3, Can Thi\u1ec1m b\u00ec, Th\u1ea1ch ki\u1ebfn xuy\u00ean, Mi\u1ebft gi\u00e1p, \u0110\u1ea1i ho\u00e0ng\u2026<\/li>\r\n \t<li>Ng\u1ef1c b\u1ee5ng \u0111\u1ea7y, v\u00f9ng gan \u0111au l\u00e2m r\u00e2m l\u00e0 t\u1ef3 h\u01b0 th\u1ea5p tr\u1ec7, th\u00eam: \u00dd d\u0129 , Tr\u1ea7n b\u00ec, B\u00e1n h\u1ea1, \u0110\u1ea1i ph\u00fac b\u00ec, Xa ti\u1ec1n t\u1eed \u0111\u1ec1u, Th\u1ea1ch qu\u00fd, M\u1ed9c h\u01b0\u01a1ng, B\u1ed5 c\u1ed1t ch\u1ec9 \u2026<\/li>\r\n \t<li>Can th\u1eadn \u00e2m h\u01b0, th\u00eam: Sa s\u00e2m, Thi\u00ean m\u00f4n, Sinh \u0111\u1ecba, Quy b\u1ea3n, sinh Mi\u1ebft gi\u00e1p, U\u1ea5t kim, X\u00edch th\u01b0\u1ee3c, \u0110\u01a1n b\u00ec \u0111\u1ec1u \u2026<\/li>\r\n \t<li>Can \u0111\u1edfm th\u1ea5p nhi\u1ec7t, th\u00eam: U\u1ea5t kim, Nh\u00e2n tr\u1ea7n, Chi t\u1eed, nam Ho\u00e0ng b\u00e1, X\u00edch th\u01b0\u1ee3c, Ho\u00e0ng c\u1ea7m, Kim ti\u1ec1n th\u1ea3o \u0111, \u00dd d\u0129 , sinh \u0110\u1ea1i ho\u00e0ng\u2026<\/li>\r\n<\/ul>\r\n<\/li>\r\n \t<li>Nam Vi\u1ec7t ho\u00e1 \u1ee9 gi\u1ea3i \u0111\u1ed9c thang: X\u00e1o tam ph\u00e2n, B\u00e1n chi li\u00ean, B\u1ea1ch hoa x\u00e0 thi\u1ec7t th\u1ea3o, B\u1ed3 c\u00f4ng anh, Tam l\u0103ng, Nga tru\u1eadt, X\u00edch th\u01b0\u1ee3c, Huy\u1ec1n h\u1ed3, T\u1eed th\u1ea3o c\u0103n, Tr\u01b0 linh, Mi\u1ebft gi\u00e1p, \u0110\u01b0\u01a1ng quy, \u0110an s\u00e2m , Xuy\u00ean khung, \u0110\u1ea1i ho\u00e0ng\u2026 Ng\u00e0y 1 thang s\u1eafc u\u1ed1ng.<\/li>\r\n \t<li>Ti\u00eau t\u00edch nhuy\u1ec5n ki\u00ean thang nam vi\u1ec7t : B\u00e1n chi li\u00ean, B\u1ea1ch hoa x\u00e0 thi\u1ec7t th\u1ea3o, Thi\u1ebft th\u00fac di\u1ec7p, \u0110\u1ea3ng s\u00e2m, Tam l\u0103ng, Nga tru\u1eadt, \u0110\u1ecba mi\u1ebft tr\u00f9ng, ch\u00edch Mi\u1ebft gi\u00e1p, \u0110\u01b0\u01a1ng quy, B\u1ea1ch th\u01b0\u1ee3c , B\u1ea1ch tru\u1eadt, Ch\u1ec9 th\u1ef1c , \u00dd d\u0129 \u2026 Ng\u00e0y 1 thang s\u1eafc u\u1ed1ng.<\/li>\r\n<\/ul>\r\n\u0110i\u1ec1u tr\u1ecb li\u00ean t\u1ee5c trong 60 ng\u00e0y s\u1ebd cho hi\u1ec7u qu\u1ea3 kh\u1ea3 quan.\r\n<h3>3. M\u1ed9t s\u1ed1 b\u00e0i thu\u1ed1c qu\u00fd c\u00f3 th\u1ec3 ch\u1eefa b\u1ec7nh ung th\u01b0 gan<\/h3>\r\nTin vui cho c\u00e1c b\u1ec7nh nh\u00e2n b\u1ecb b\u1ec7nh ung th\u01b0 gan giai \u0111o\u1ea1n cu\u1ed1i, xin ph\u1ed5 bi\u1ebfn toa thu\u1ed1c \u0111\u00f4ng y c\u1ee7a b\u1ec7nh nh\u00e2n H\u1eadu \u0111\u00e3 ch\u1eefa h\u1ebft b\u1ec7nh.\r\n\r\nT\u00f4i t\u00ean Hu\u1ef3nh Trung H\u1eadu, sanh 1934. Qu\u00ea g\u1ed1c t\u1ea1i Long Xuy\u00ean, An Giang VI\u1ec6T-NAM.\r\n\r\nT\u00f4i l\u00e0 ng\u01b0\u1eddi b\u1ecb b\u1ec7nh ung th\u01b0 gan. Th\u1eddi k\u1ef3 th\u1ee9 3. b\u00e1c s\u0129 M\u1ef9 chuy\u00ean khoa c\u1ee7a b\u1ec7nh vi\u1ec7n Memorial \u0111\u01b0\u1eddng Beechnut th\u00e0nh ph\u1ed1 Houston, su\u1ed1t 1 tu\u1ea7n x\u00e9t nghi\u1ec7m \u0111\u1ee7 c\u00e1ch x\u00e1c \u0111\u1ecbnh h\u1ea1n k\u1ef3 3 \u0111\u1ebfn 6 th\u00e1ng ch\u1ebft!\u2026\r\n\r\n<img class=\"aligncenter size-full wp-image-89626\" src=\"https:\/\/big.vn\/wp-content\/uploads\/2017\/08\/bai-thuoc-dieu-tri-ung-thu-gan-bang-dong-y-ket-hop-tay-y-hieu-qua-3.jpg\" alt=\"B\u00e0i thu\u1ed1c \u0111i\u1ec1u tr\u1ecb ung th\u01b0 gan b\u1eb1ng \u0111\u00f4ng y k\u1ebft h\u1ee3p t\u00e2y y hi\u1ec7u qu\u1ea3 ph\u1ea7n 3\" width=\"500\" height=\"334\" \/>\r\n\r\nSau \u0111\u00f3, t\u00f4i t\u00ecm \u0111\u01b0\u1ee3c nh\u1eefng toa thu\u1ed1c gia truy\u1ec1n \u0110\u00f4ng y (thu\u1ed1c b\u1eafc) tr\u1ecb \u0111\u01b0\u1ee3c l\u00e0nh b\u1ec7nh t\u1eeb n\u0103m 2004 \u0111\u1ebfn nay c\u00f3 s\u1ef1 theo d\u1ecfi c\u1ee7a b\u00e1c s\u0129 chuy\u00ean khoa n\u00f3i tr\u00ean. Do \u0111\u00f3, nay xin ph\u1ed5 bi\u1ebfn \u0111\u1ebfn to\u00e0n th\u1ebb d\u1ed3ng b\u00e0o VI\u1ec6T NAM v\u00e0 \u0111\u1ed3ng h\u01b0\u01a1ng trong c\u0169ng nh\u01b0 ngo\u00e0i n\u01b0\u1edbc nh\u1eb1m g\u00f3p ph\u1ea7n di\u1ec1u tr\u1ecb b\u1ec7nh hi\u1ec5m ngh\u00e8o m\u00e0 t\u00e2y d\u01b0\u1ee3c nay v\u1eabn c\u00f2n ch\u01b0a c\u00f3 thu\u1ed1c di\u1ec7t \u0111\u01b0\u1ee3c vi tr\u00f9ng ung th\u01b0 gan n\u00e0y. Vi\u1ec7c ph\u1ed5 bi\u1ebfn toa thu\u1ed1c ung th\u01b0 gan trong tinh th\u1ea7n b\u00e2t v\u1ee5 l\u1ee3i. Xin q\u00fai \u0111\u1ed3ng b\u00e0o chuy\u00e8n tin nhau, ai c\u00f3 b\u1ec7nh c\u1ea7n di\u1ec1u tr\u1ecb \u0111\u1ec3 ki\u1ec7p th\u1eddi c\u1ee9u gi\u1ea3i t\u00ecnh th\u1ebf. Qua kinh nghi\u1ec7m \u0111i\u1ec1u tr\u1ecb t\u00f4i s\u1eb5n s\u00e0ng h\u1ed3i \u0111\u00e1p v\u00e0 g\u00f3p \u00fd \u0111\u1ec3 k\u1ebft qu\u1ea3 t\u1ed1t.\r\n\r\n<strong>Toa s\u1ed1 1<\/strong>\r\n\r\nB\u1eafc S\u00e0i H\u1ed3 3 Ch\u1ec9\r\nHo\u00e0ng C\u1ea7m 2 Ch\u1ec9\r\nB\u00e1n H\u1ea1 5 Ch\u1ec9\r\nSa S\u00e2m 3 Ch\u1ec9\r\nCam Th\u1ea3o 1 Ch\u1ec9\r\nThi\u00ean Hoa Ph\u1ea5n 3 Ch\u1ec9\r\nThang thu\u1ed1c s\u1ed1 1 n\u00e0y \u00edt thu\u1ed1c ch\u1ec9 n\u1ea5u 1 ch\u00e9n r\u01b0\u1ee1i n\u01b0\u1edbc \u0111\u1ec3 \u0111\u01b0\u1ee3c mau c\u1ea1n.\r\n\r\n<strong>Toa S\u1ed1 2<\/strong>\r\n\r\nB\u00e1n Chi Li\u00ean 1 L\u01b0\u1ee3ng\r\nB\u00e1ch Hoa X\u00e0 Thi\u1ec7t Th\u1ea3o 2 L\u01b0\u1ee3ng\r\nToa thu\u1ed1c s\u1ed1 2 ch\u1ec9 c\u00f3 2 v\u1ecb, nh\u01b0ng b\u1ed5 thu\u1ed1c nhi\u1ec1u c\u1ea7n 4 ch\u00e9n n\u01b0\u1edbc \u0111\u1ec5 \u0111\u1ee7 th\u1ea5m khi n\u1ea5u\u2026\r\n\r\n<strong>Toa S\u1ed1 3<\/strong>\r\n\r\nB\u1eafc Nh\u00e2n Tr\u1ea7n 1 L\u01b0\u1ee3ng\r\nB\u1ed3 C\u00f4ng Anh 1 L\u01b0\u1ee3ng\r\nHo\u00e0ng C\u1ea7m 3 ch\u1ec9\r\nB\u00e1n Bi\u00ean Li\u00ean 5 ch\u1ec9\r\n\u0110\u1ed7 Tr\u1ecdng 5 ch\u1ec9\r\nSa Nh\u01a1n 3 ch\u1ec9\r\nTh\u1ed5 Ph\u1ee5c Linh 5 ch\u1ec9\r\nB\u1ea1ch Ph\u1ee5c Linh 5 ch\u1ec9\r\n\u00dd V\u1ec9 (s\u1ed1ng) 5 ch\u1ec9\r\nHuy\u1ec3n S\u00e2m 3 ch\u1ec9\r\n+ N\u1ebfu b\u1ecb \u0111au l\u01b0ng d\u1ea1ng suy th\u1eadn th\u00ec d\u00f9ng Li\u00ean T\u00e2m Tu kh\u00f4ng d\u00f9ng B\u00e1n Bi\u00ean Li\u00ean\r\n\r\n<strong>L\u01b0u \u00fd:<\/strong>\r\n<ul>\r\n \t<li>T\u1ea5t c\u1ea3 c\u00e1c thang thu\u1ed1c \u0111\u1ec1u s\u1eafc 3 ch\u00e9n n\u01b0\u1edbc c\u00f2n 7 ph\u00e2n , ( 7\/10 ch\u00e9n ) u\u1ed1ng n\u01b0\u1edbc 1 v\u00e0 2 s\u1eafc 2 l\u1ea7n. X\u00e1c thu\u1ed1c c\u00f2n l\u1ea1i s\u1eafc lo\u00e3ng l\u00e0m n\u01b0\u1edbc u\u1ed1ng trong ng\u00e0y m\u1ed5i ng\u00e0y u\u1ed1ng 1 thang theo th\u1ee9 t\u1ef1 1,2,3. Xoay h\u1ebft v\u00f2ng tr\u1edf l\u1ea1i 1,2,3. D\u00f9ng su\u1ed1t 1 th\u00e1ng, n\u1ebfu th\u1ea5y ng\u00e1n thu\u1ed1c ho\u1eb7c b\u1ec7nh thuy\u00ean gi\u1ea3m, ngh\u1ec9 1 ng\u00e0y u\u1ed1ng 6 thang. Th\u00e1ng th\u1ee9 3 ngh\u1ec9 1 ng\u00e0y u\u1ed1ng 3 thang. D\u00f9 b\u1ec7nh \u0111\u00e3 h\u1ebft c\u0169ng n\u00ean u\u1ed1ng li\u00ean t\u1ee5c, c\u00f3 gi\u1ea3m 1 tu\u1ea7n u\u1ed1ng 2 tu\u1ea7n r\u1ed3i gi\u1ea3m 1 tu\u1ea7n u\u1ed1ng 1 tu\u1ea7n.<\/li>\r\n \t<li>N\u1ebfu x\u01a1 gan c\u1ed5 ch\u01b0\u1edbng b\u1ee5ng c\u00f3 n\u01b0\u1edbc th\u00ec d\u00f9ng toa s\u1ed1 4 g\u1ed3m 17 v\u1ecb.<\/li>\r\n \t<li>B\u1ec7nh ung th\u01b0 gan th\u1eddi k\u1ef3 th\u1ee9 3 c\u1ee7a t\u00f4i, B\u00e1c s\u0129 kh\u1eb3ng \u0111\u1ecbnh 3 \u0111\u1ebfn 6 th\u00e1ng th\u00ec ch\u1ebft.T\u00f4i \u0111\u00e3 u\u1ed1ng 3 thang 1,2,3 \u0111\u01b0\u1ee3c l\u00e0nh b\u1ec7nh.<\/li>\r\n<\/ul>\r\n<strong>Toa s\u1ed1 4<\/strong>\r\n\r\nPh\u1ee5c linh (10 gr) 3 ch\u1ec9 3\r\nKim Ti\u1ec1n Th\u1ea3o( 20 gr) 6 ch\u1ec9 7\r\nChi T\u1eed (10 gr) 3 ch\u1ec9 3\r\nNh\u01a1n Tr\u1ea7n (30 gr) 10 ch\u1ec9 0\r\nLong C\u1ed1t (20 gr) 6 ch\u1ec9 7\r\nHu\u1ef3nh B\u00e1 (10 gr) 3 ch\u1ec9 3\r\nH\u1eadu Ph\u00e1t (10 gr) 3 ch\u1ec9 3\r\nU\u1ea5t Kim (10 gr) 3 ch\u1ec9 3\r\nCh\u1ec9 Thi\u1ec7t (10 gr) 3 ch\u1ec9 3\r\nB\u1ea1ch Tru\u1eadt (16 gr) 5 ch\u1ec9 0\r\nBi\u1ec3n \u0110\u1eadu (16 gr) 5 ch\u1ec9 0\r\nTh\u00f4ng Th\u1ea3o (8 gr) 3 ch\u1ec9 0\r\nH\u1eafc H\u01b0\u01a1ng (10 gr) 3 ch\u1ec9 3\r\nNh\u1ee5c Tr\u00fac (10 gr) 3 ch\u1ec9 3\r\nS\u00e0i H\u1ed3 (10 gr) 3 ch\u1ec9 3\r\nHu\u1ef3nh C\u1ea7m (10 gr) 3 ch\u1ec9 3\r\nK\u00ea C\u1ed1t Th\u1ea3o (20 gr) 6 ch\u1ec9 7\r\n\r\n<img class=\"aligncenter size-full wp-image-89626\" src=\"https:\/\/big.vn\/wp-content\/uploads\/2017\/08\/bai-thuoc-dieu-tri-ung-thu-gan-bang-dong-y-ket-hop-tay-y-hieu-qua-3.jpg\" alt=\"B\u00e0i thu\u1ed1c \u0111i\u1ec1u tr\u1ecb ung th\u01b0 gan b\u1eb1ng \u0111\u00f4ng y k\u1ebft h\u1ee3p t\u00e2y y hi\u1ec7u qu\u1ea3 ph\u1ea7n 3\" width=\"500\" height=\"334\" \/>\r\n\r\n<strong>Ghi ch\u00fa:<\/strong>\r\n<ul>\r\n \t<li>Toa thu\u1ed1c 17 v\u1ecb, 1 ch\u1ec9 b\u1eb1ng 3 gr, u\u1ed1ng li\u00ean t\u1ee5c 5 thang trong 5 ng\u00e0y \u0111\u1ec3 x\u00e1c \u0111\u1ecbnh. K\u1ebft qu\u1ea3 c\u1ee7a 3 th\u1ee9 \u1ee9ng nghi\u1ec7m: gi\u1ea3m, b\u00ecnh, ph\u1ea3n \u1ee9ng.<\/li>\r\n \t<li>Gi\u1ea3m: Ti\u1ebfp t\u1ee5c u\u1ed1ng 5 thang ( c\u00f3 th\u1ec3 ngh\u1ec9 1 ng\u00e0y n\u1ebfu ng\u00e1n thu\u1ed1c )<\/li>\r\n \t<li>B\u00ecnh: Do t\u1ef1 m\u00ecnh theo d\u00f5i ho\u1eb7c tr\u00f9ng h\u1ee3p thu\u1ed1c kh\u00e1c, hay b\u1ec7nh kh\u00e1c b\u1ecb ph\u1ea3n \u1ee9ng. N\u1ebfu kh\u00f4ng tr\u1edf ng\u1ea1i g\u00ec h\u00e3y ti\u1ebfp t\u1ee5c u\u1ed1ng 5 thang ng\u01b0ng 1 ng\u00e0y, l\u1eafng nghe ph\u1ea3n \u1ee9ng, n\u1ebfu ch\u01b0a suy gi\u1ea3m m\u1ecdi m\u1eb7t v\u1ec1 c\u01a1 th\u1ec3 th\u00ec ti\u1ebfp t\u1ee5c u\u1ed1ng 5 thang. \u0110\u1ee3t 2 v\u1eabn theo d\u00f5i li\u00ean t\u1ee5c.<\/li>\r\n \t<li>Ph\u1ea3n \u1ee9ng: B\u1ec7nh kh\u00e1c ph\u1ea3i d\u00f9ng T\u00e2y D\u01b0\u1ee3c th\u00ec c\u00e1ch nhau 90 ph\u00fat h\u00e3y d\u00f9ng \u0110\u00f4ng D\u01b0\u1ee3c. N\u1ebfu ph\u1ea3n \u1ee9ng v\u1ec1 b\u1ec7nh kh\u00f4ng \u0111\u00fang thu\u1ed1c ng\u01b0ng. ( \u0110\u00f4ng D\u01b0\u1ee3c kh\u00f4ng k\u1ef5 T\u00e2y D\u01b0\u1ee3c \u0111\u1ebfn \u0111\u1ed9 nguy h\u1ea1i )\u2026<\/li>\r\n \t<li>L\u01b0\u1ee3ng thu\u1ed1c 17 v\u1ecb c\u1ea7n nhi\u1ec1u n\u01b0\u1edbc \u0111\u1ec3 n\u1ea5u tan \u0111\u1ec1u ch\u1ea5t thu\u1ed1c. ( 5 ch\u00e9n c\u00f2n l\u1ea1i 8\/10 m\u1ed9t ch\u00e9n thu\u1ed1c \u0111\u00fang b\u1ec7nh l\u00e0 thu\u1ed1c hay; Ch\u00ednh m\u00ecnh t\u1ef1 theo d\u00f5i b\u1ec7nh d\u00f9ng<\/li>\r\n<\/ul>\r\n<h3>4. H\u1ecfi \u0111\u00e1p b\u00e1c s\u0129 v\u1ec1 ch\u1eefa b\u1ec7nh ung th\u01b0 gan b\u1eb1ng \u0111\u00f4ng y<\/h3>\r\n<strong>C\u00e2u h\u1ecfi<\/strong>: B\u1ed1 em b\u1ecb b\u1ec7nh ung th\u01b0 gan, hi\u1ec7n t\u1ea1i b\u00e1c s\u0129 \u0111\u00e3 b\u00f3 tay v\u00e0 b\u1ea3o v\u1ec1 nh\u00e0 ch\u1eefa b\u1ec7nh ung th\u01b0 gan b\u1eb1ng \u0111\u00f4ng y th\u00ec may ra c\u00f3 c\u01a1 h\u1ed9i k\u00e9o d\u00e0i th\u1eddi gian s\u1ed1ng. B\u1ea1n em c\u00f3 m\u00e1ch cho m\u1ed9t b\u00e0i thu\u1ed1c nam ch\u1eefa b\u1ec7nh ung th\u01b0 gan b\u1eb1ng \u0111\u00f4ng y nh\u01b0 sau: Tr\u00f9ng h\u1ed5 (long \u0111\u1ea5t) 50g, \u0111\u1eadu \u0111\u1ecf 100g, \u0111\u00e2u xanh 100g, b\u1ed3 ng\u00f3t 50g. S\u1eafc 3 ch\u00e9n c\u00f2n l\u1ea1i n\u1eeda ch\u00e9n. Ng\u00e0y d\u00f9ng 2 l\u1ea7n. V\u1eady cho em h\u1ecfi b\u00e0i thu\u1ed1c ch\u1eefa ung th\u01b0 gan b\u1eb1ng \u0111\u00f4ng y tr\u00ean c\u00f3 hi\u1ec7u qu\u1ea3 kh\u00f4ng?\r\n\r\n<strong>Tr\u1ea3 l\u1eddi<\/strong>: B\u00e0i thu\u1ed1c n\u00e0y l\u00e0 c\u1ee7a \u00f4ng An \u0110\u1ecbnh \u0111\u00e3 mang ra Vi\u1ec7n \u0110\u00f4ng Y H\u00e0 N\u1ed9i trong c\u01a1n d\u1ecbch s\u1ed1t xu\u1ea5t huy\u1ebft n\u0103m 1996. B\u00e0i thu\u1ed1c n\u00e0y \u0111\u1ea7u ti\u00ean l\u00e0 \u1edf mi\u1ec1n nam, sau khi \u0111\u01b0\u1ee3c mang ra mi\u1ec1n b\u1eafc, b\u00e0i thu\u1ed1c n\u00e0y \u0111\u00e3 lan truy\u1ec1n r\u1ed9ng r\u00e3i trong c\u1ed9ng \u0111\u1ed3ng v\u00e0 r\u1ea5t nhi\u1ec1u ng\u01b0\u1eddi \u0111\u00e3 xem \u0111\u00e2y nh\u01b0 lo\u1ea1i \u201cTh\u1ea7n D\u01b0\u1ee3c\u201d tr\u1ecb b\u1ec7nh. Trong b\u00e0i thu\u1ed1c n\u00e0y th\u00ec Long \u0111\u1ea5t (tr\u00f9ng h\u1ed5) l\u00e0 v\u1ecb thu\u1ed1c ch\u00ednh, tr\u01b0\u1edbc \u0111\u00e2y th\u00ec r\u1ea5t \u00edt ng\u01b0\u1eddi b\u00e1n. Sau khi b\u00e0i thu\u1ed1c \u0111\u01b0\u1ee3c nhi\u1ec1u ng\u01b0\u1eddi bi\u1ebft, ng\u01b0\u1eddi ta \u0111\u00e3 nu\u00f4i tr\u00f9ng h\u1ed5 \u0111\u1ec3 b\u00e1n, do \u0111\u00f3 b\u1ea1n c\u00f3 th\u1ec3 d\u1ec5 d\u00e0ng t\u00ecm mua \u1edf c\u00e1c ti\u1ec7m thu\u1ed1c \u0110\u00f4ng y v\u1edbi s\u1ed1 l\u01b0\u1ee3ng nhi\u1ec1u. C\u00e1ch \u0111\u00e2y kh\u00e1 l\u00e2u, kho\u1ea3ng 10 n\u0103m, ng\u01b0\u1eddi ta cho r\u1eb1ng \u0111\u00e2y l\u00e0 b\u00e0i thu\u1ed1c c\u00f3 th\u1ec3 ch\u1eefa \u0111\u01b0\u1ee3c c\u00e1c b\u1ec7nh nh\u01b0 vi\u00eam gan, s\u01a1 gan, ung th\u01b0 v\u00e0 s\u1ed1t xu\u1ea5t huy\u1ebft\u2026 Tuy nhi\u00ean, ch\u01b0a th\u1ea5y \u0111\u01b0\u1ee3c nh\u1eafc \u0111\u1ebfn trong \u0111i\u1ec1u tr\u1ecb ung th\u01b0 gan.\r\n\r\nC\u00f9ng ph\u00e2n t\u00edch chuy\u00ean s\u00e2u v\u1ec1 b\u00e0i thu\u1ed1c n\u00e0y:\r\n\r\nTr\u00f9ng h\u1ed5 \u0111\u01b0\u1ee3c ghi trong Th\u1ea7n n\u00f4ng b\u1ea3n th\u1ea3o kinh (Trung Qu\u1ed1c), v\u00e0 trong Nam d\u01b0\u1ee3c th\u1ea7n hi\u1ec7u (Vi\u1ec7t Nam), v\u1edbi t\u00e1c d\u1ee5ng thanh nhi\u1ec7t, l\u1ee3i ti\u1ec3u, th\u00f4ng l\u1ea1c. Theo nghi\u00ean c\u1ee9u c\u1ee7a y h\u1ecdc hi\u1ec7n \u0111\u1ea1i cho th\u1ea5y tr\u00f9ng h\u1ed5 c\u00f3 t\u00e1c d\u1ee5ng h\u1ea1 huy\u1ebft \u00e1p, h\u1ea1 s\u1ed1t, an th\u1ea7n, gi\u1ea3n g\u00e2n c\u1ed1t. Do v\u1eady hi\u1ec7n nay ng\u01b0\u1eddi ta d\u00f9ng tr\u00f9ng h\u1ed5 trong \u0111i\u1ec1u tr\u1ecb s\u1ed1t cao, vi\u00eam ph\u1ebf qu\u1ea3n, \u0111au kh\u1edbp, cao huy\u1ebft \u00e1p.\r\n\r\n\u0110\u1eadu xanh, \u0111\u1eadu \u0111\u1ecf, b\u1ed3 ng\u00f3t th\u00ec cung c\u1ea5p dinh d\u01b0\u1ee1ng cho c\u01a1 th\u1ec3.\r\n\r\nK\u1ebft lu\u1eadn: b\u00e0i thu\u1ed1c ch\u1eefa b\u1ec7nh ung th\u01b0 gan b\u1eb1ng \u0111\u00f4ng y n\u00e0y ch\u01b0a c\u00f3 c\u01a1 s\u1edf khoa h\u1ecdc r\u00f5 r\u00e0ng\r\n\r\nG\u1ee3i m\u1edf: Tr\u01b0\u1eddng h\u1ee3p b\u1ea1n mu\u1ed1n t\u00ecm b\u00e0i thu\u1ed1c ch\u1eefa b\u1ec7nh ung th\u01b0 gan b\u1eb1ng \u0111\u00f4ng y, hi\u1ec7n nay b\u1ea1n c\u00f3 th\u1ec3 quan t\u00e2m \u0111\u1ebfn s\u1ea3n ph\u1ea9m ch\u1ee9a Fucoidan. Fucoidan l\u00e0 h\u1ee3p ch\u1ea5t chi\u1ebft xu\u1ea5t t\u1eeb ch\u1ea5t si\u00eau nh\u1eddn c\u1ee7a rong n\u00e2u d\u01b0\u1edbi bi\u1ec3n. Fucoidan c\u00f3 3 t\u00e1c d\u1ee5ng ch\u00ednh \u0111\u1ed1i v\u1edbi \u0111i\u1ec1u tr\u1ecb ung th\u01b0:\r\n<ul>\r\n \t<li>K\u00edch th\u00edch c\u00e1c t\u1ebf b\u00e0o ung th\u01b0 t\u1ef1 ti\u00eau di\u1ec7t theo quy tr\u00ecnh m\u00e0 kh\u00f4ng l\u00e0m t\u1ed5n h\u1ea1i c\u00e1c t\u1ebf b\u00e0o b\u00ecnh th\u01b0\u1eddng trong c\u01a1 th\u1ec3. Do \u0111\u00f3, \u0111\u00e2y l\u00e0 ph\u01b0\u01a1ng ph\u00e1p ch\u1eefa b\u1ec7nh ung th\u01b0 gan b\u1eb1ng \u0111\u00f4ng y m\u00e0 kh\u00f4ng g\u00e2y t\u00e1c d\u1ee5ng ph\u1ee5, kh\u00f4ng g\u00e2y \u0111au \u0111\u1edbn<\/li>\r\n \t<li>Ng\u0103n ch\u1eb7n s\u1ef1 h\u00ecnh th\u00e0nh m\u1ea1ch m\u00e1u m\u1edbi: \u0111i\u1ec1u n\u00e0y gi\u00fap ng\u0103n ch\u1eb7n \u0111\u01b0\u1ee3c t\u00ecnh tr\u1ea1ng di c\u0103n l\u00e2y lan v\u00e0 ng\u0103n ng\u1eeba ung th\u01b0 t\u00e1i ph\u00e1t, \u0111\u1ed3ng th\u1eddi ng\u1eeba \u0111\u01b0\u1ee3c ung th\u01b0 cho ng\u01b0\u1eddi kh\u1ecfe m\u1ea1nh.<\/li>\r\n \t<li>T\u0103ng c\u01b0\u1eddng ho\u1ea1t \u0111\u1ed9ng mi\u1ec5n d\u1ecbch: gi\u00fap c\u01a1 th\u1ec3 n\u00e2ng cao s\u1ee9c \u0111\u1ec1 kh\u00e1ng, c\u01a1 th\u1ec3 kh\u1ecfe m\u1ea1nh th\u00ec s\u1ebd c\u00f3 th\u1ec3 ng\u0103n ch\u1eb7n \u0111\u01b0\u1ee3c s\u1ef1 x\u00e2m nh\u1eadp c\u1ee7a virus gi\u00fap ng\u01b0\u1eddi b\u1ec7nh \u0111\u1ee7 s\u1ee9c kh\u1ecfe \u0111\u1ec3 ch\u1ed1ng l\u1ea1i b\u1ec7nh t\u1eadt.<\/li>\r\n<\/ul>\r\n<em>Tr\u00ean \u0111\u00e2y l\u00e0 ph\u01b0\u01a1ng ph\u00e1p \u0111i\u1ec1u tr\u1ecb ung th\u01b0 gan b\u1eb1ng \u0111\u00f4ng y k\u1ebft h\u1ee3p t\u00e2y y v\u00e0 c\u00e1c b\u00e0i thu\u1ed1c ch\u1eefa b\u1ec7nh ung th\u01b0 gan hi\u1ec7u qu\u1ea3, gi\u00fap gi\u1ea3m thi\u1ec3u s\u1ef1 ph\u00e1t tri\u1ec3n c\u1ee7a t\u1ebf b\u00e0o ung th\u01b0 v\u00e0 s\u1ef1 di c\u0103n c\u1ee7a c\u00e1c t\u1ebf b\u00e0o m\u1ed9t c\u00e1ch hi\u1ec7u qu\u1ea3 nh\u1ea5t, n\u00e2ng cao tu\u1ed5i th\u1ecd ng\u01b0\u1eddi b\u1ec7nh. Ch\u00fac c\u00e1c b\u1ea1n lu\u00f4n kh\u1ecfe m\u1ea1nh m\u1ed7i ng\u00e0y v\u00e0 h\u00e3y lu\u00f4n \u0111\u1ed3ng h\u00e0nh c\u00f9ng big.vn \u0111\u1ec3 c\u1eadp nh\u1eadt th\u00eam nhi\u1ec1u th\u00f4ng tin ch\u0103m s\u00f3c s\u1ee9c kh\u1ecfe nh\u00e9.<\/em>"}