{"title":"Nh\u00f3m nh\u1ea1c H\u00e0n Qu\u1ed1c n\u00e0o b\u1ecb fan gh\u00e9t nh\u1ea5t?","categories":["Ki\u1ebfn th\u1ee9c"],"tags":["nh\u00f3m nh\u1ea1c h\u00e0n qu\u1ed1c"],"featureImage":"https:\/\/big.vn\/wp-content\/uploads\/2017\/08\/nhom-nhac-han-quoc-nao-bi-fan-ghet-nhat.jpg","excerpt":"<strong>Nh\u00f3m nh\u1ea1c H\u00e0n Qu\u1ed1c n\u00e0o b\u1ecb fan gh\u00e9t nh\u1ea5t?<\/strong> Nhi\u1ec1u <em>t\u1ed5 ch\u1ee9c anti SNSD (AFS)<\/em> \u0111\u01b0\u1ee3c l\u1eadp ra nhanh ch\u00f3ng thu h\u00fat s\u1ef1 ch\u00fa \u00fd c\u1ee7a \u0111\u00f4ng \u0111\u1ea3o c\u00e1c fan kh\u00e1c. C\u00e1c antifan c\u00f2n tr\u00e0 tr\u1ed9n v\u00e0o c\u1ed9ng \u0111\u1ed3ng fan SNSD (Sone) \u0111\u1ec3 b\u1edbi m\u00f3c th\u00f4ng tin, ch\u00ea bai hay c\u1eadp nh\u1eadt t\u00ecnh h\u00ecnh, ph\u00e1 ph\u00e1ch khi \u201cg\u00e0 c\u01b0ng\u201d nh","slug":"nhom-nhac-han-quoc-nao-bi-fan-ghet-nhat","content":"<h2 style=\"text-align: center;\"><strong>Nh\u00f3m nh\u1ea1c H\u00e0n Qu\u1ed1c n\u00e0o b\u1ecb fan gh\u00e9t nh\u1ea5t?<\/strong><\/h2>\r\n<img class=\"aligncenter size-full wp-image-83156\" src=\"https:\/\/big.vn\/wp-content\/uploads\/2017\/08\/nhom-nhac-han-quoc-nao-bi-fan-ghet-nhat-1.jpg\" alt=\"Nh\u00f3m nh\u1ea1c H\u00e0n Qu\u1ed1c n\u00e0o b\u1ecb fan gh\u00e9t nh\u1ea5t? ph\u1ea7n 1\" width=\"500\" height=\"380\" \/>\r\n\r\nSNSD l\u00e0 nh\u00f3m nh\u1ea1c b\u1ecb anti nhi\u1ec1u nh\u1ea5t (gh\u00e9t nh\u1ea5t) trong t\u1ea5t c\u1ea3 c\u00e1c nh\u00f3m nh\u1ea1c hi\u1ec7n t\u1ea1i, ri\u00eang \u1edf VN \u0111\u00e3 c\u00f3 fanpage antifan \u0111\u1ebfn 47.000 ng\u01b0\u1eddi, ti\u1ebfp sau l\u00e0 EXO v\u00e0\u00a0T-ara. Nguy\u00ean nh\u00e2n ch\u00ednh v\u00ec sao c\u00e1c nh\u00f3m n\u00e0y b\u1ecb gh\u00e9t cay gh\u00e9t \u0111\u1eafng l\u00e0 do fan cu\u1ed3ng si m\u00ea c\u00e1c nh\u00f3m n\u00e0y qu\u00e1 m\u1ee9c. Nh\u1eefng anti fanpage c\u1ee7a c\u00e1c nh\u00f3m n\u00e0y th\u01b0\u1eddng xuy\u00ean c\u1eadp nh\u1eadt tin x\u1ea5u v\u1ec1 c\u00e1c nh\u00f3m n\u00e0y ngay khi c\u00f3 th\u00f4ng tin m\u1edbi.\r\n\r\n<h3>1\/ Nh\u00f3m SNSD b\u1ecb antifan nh\u1ea5t KPOP<\/h3>\r\n\r\n<strong>\u201cNh\u00f3m nh\u1ea1c qu\u1ed1c d\u00e2n\u201d SNSD<\/strong> hi\u1ec7n l\u00e0 idol group c\u00f3 l\u01b0\u1ee3ng antifan \u0111\u00f4ng nh\u1ea5t Kpop. \u1ede Vi\u1ec7t Nam, \u0111\u1ed9i ng\u0169 antifan c\u1ee7a SNSD c\u00f3 l\u00fac l\u00ean t\u1edbi 47.000 ng\u01b0\u1eddi. \u0110\u1eb7c bi\u1ec7t, l\u01b0\u1ee3ng antifan n\u00e0y c\u00f3 s\u1ef1 chuy\u00ean nghi\u1ec7p ch\u1eb3ng thua k\u00e9m g\u00ec fan ch\u00e2n ch\u00ednh.\r\n\r\nNhi\u1ec1u <em>t\u1ed5 ch\u1ee9c anti SNSD (AFS)<\/em> \u0111\u01b0\u1ee3c l\u1eadp ra nhanh ch\u00f3ng thu h\u00fat s\u1ef1 ch\u00fa \u00fd c\u1ee7a \u0111\u00f4ng \u0111\u1ea3o c\u00e1c fan kh\u00e1c. C\u00e1c antifan c\u00f2n tr\u00e0 tr\u1ed9n v\u00e0o c\u1ed9ng \u0111\u1ed3ng fan SNSD (Sone) \u0111\u1ec3 b\u1edbi m\u00f3c th\u00f4ng tin, ch\u00ea bai hay c\u1eadp nh\u1eadt t\u00ecnh h\u00ecnh, ph\u00e1 ph\u00e1ch khi \u201cg\u00e0 c\u01b0ng\u201d nh\u00e0 SM \u0111\u1eb7t ch\u00e2n t\u1edbi b\u1ea5t c\u1ee9 n\u01a1i n\u00e0o. Link AFS:\u00a0https:\/\/www.facebook.com\/Antifan-SNSD-313517055926\/?ref=br_rs\r\n\r\n<img class=\"aligncenter size-full wp-image-83157\" src=\"https:\/\/big.vn\/wp-content\/uploads\/2017\/08\/nhom-nhac-han-quoc-nao-bi-fan-ghet-nhat-2.jpg\" alt=\"Nh\u00f3m nh\u1ea1c H\u00e0n Qu\u1ed1c n\u00e0o b\u1ecb fan gh\u00e9t nh\u1ea5t? ph\u1ea7n 2\" width=\"500\" height=\"326\" \/>\r\n\r\nTrong Dream Concert 2008, c\u00e1c antifan \u0111\u00e3 mua h\u1ebft v\u00e9 \u1edf h\u00e0ng gh\u1ebf kh\u00e1n gi\u1ea3 ch\u1ec9 nh\u1eb1m ch\u1edd khi \u0111\u1ebfn ph\u1ea7n tr\u00ecnh di\u1ec5n c\u1ee7a SNSD, t\u1ea5t c\u1ea3 \u0111\u1ec1u \u0111\u1ed3ng lo\u1ea1t t\u1eaft que ph\u00e1t s\u00e1ng. H\u1ecd c\u1ed1 t\u00ecnh \u0111\u1ec3 kh\u00f4ng c\u00f3 ti\u1ebfng v\u1ed7 tay, \u1ee7ng h\u1ed9 n\u00e0o cho ph\u1ea7n tr\u00ecnh di\u1ec5n \u1ea5y.\r\n\r\nS\u1edf d\u0129 <strong>9 c\u00f4 g\u00e1i SNSD<\/strong> c\u00f3 l\u1ef1c l\u01b0\u1ee3ng antifan \u0111\u00f4ng \u0111\u1ea3o nh\u01b0 v\u1eady l\u00e0 do nh\u1eefng ti\u1ebfng x\u1ea5u v\u1ec1 SNSD t\u1eeb khi m\u1edbi ra m\u1eaft. Nh\u00f3m gom \u0111\u01b0\u1ee3c v\u00f4 s\u1ed1 antifan t\u1eeb c\u00e1c fan c\u1ee7a Super Junior, SS501, DBSK v\u00ec v\u00f4 l\u1ec5 v\u1edbi \u0111\u00e0n anh nh\u01b0 vi\u1ec7c Tiffany g\u1ecdi l\u00e0n s\u00f3ng \u0111\u1ecf (m\u00e0u \u0111\u1ea1i di\u1ec7n c\u1ee7a DBSK) nh\u00ecn nh\u01b0 c\u00f4n tr\u00f9ng hay Tae Yeon \u0111\u1ebfn ch\u01b0\u01a1ng tr\u00ecnh radio c\u1ee7a Kang In v\u00e0 g\u1ecdi anh l\u00e0 \u201c\u0111\u1ed3 ngu\u201d. Ngo\u00e0i ra, tin \u0111\u1ed3n ph\u1eabu thu\u1eadt th\u1ea9m m\u1ef9, ch\u00e8n \u00e9p c\u00e1c nh\u00f3m kh\u00e1c c\u0169ng khi\u1ebfn SNSD m\u1ea5t \u0111i\u1ec3m.\r\n\r\n<h3>2\/ Nh\u00f3m\u00a0<strong>T-ARA<\/strong><\/h3>\r\n\r\nTh\u00e0nh c\u00f4ng c\u1ee7a Lovey Dovey, Day by Day \u0111\u00e3 mang l\u1ea1i nhi\u1ec1u thi\u1ec7n c\u1ea3m gi\u00fap T-Ara tr\u1edf th\u00e0nh idol group \u0111\u01b0\u1ee3c y\u00eau th\u00edch nh\u1ea5t. Tuy nhi\u00ean, sau khi video b\u1eaft n\u1ea1t th\u00e0nh vi\u00ean \u0111\u01b0\u1ee3c tung l\u00ean, kh\u00e1n gi\u1ea3 \u0111\u00e3 quay 180 \u0111\u1ed9, th\u1eadm ch\u00ed nhi\u1ec1u fan c\u00f2n t\u1ecf ra ti\u00eau c\u1ef1c, d\u00e0nh nh\u1eefng l\u1eddi l\u1ebd gay g\u1eaft \u0111\u1ed1i v\u1edbi 6 c\u00f4 n\u00e0ng. H\u01a1n 6.300 ng\u01b0\u1eddi \u0111\u00e3 r\u00fat kh\u1ecfi fanclub sau v\u1ee5 vi\u1ec7c n\u00e0y trong th\u1eddi gian ng\u1eafn.\r\n\r\nM\u1ed9t webside c\u00f3 kh\u1ea9u hi\u1ec7u \u201cCh\u00fang t\u00f4i y\u00eau c\u1ea7u s\u1ef1 th\u1eadt v\u1ec1 T- Ara\u201d \u0111\u01b0\u1ee3c th\u00e0nh l\u1eadp v\u1edbi s\u1ed1 l\u01b0\u1ee3ng th\u00e0nh vi\u00ean t\u0103ng ch\u00f3ng m\u1eb7t, con s\u1ed1 l\u00ean t\u1edbi 336.800 v\u00e0 v\u01b0\u1ee3t qua fanclub ch\u00ednh th\u1ee9c c\u1ee7a T-Ara l\u00e0 16.000.\r\n\r\nM\u1eb7c d\u00f9 c\u00e1c fan c\u1ee7a nh\u00f3m \u0111\u00e3 ra s\u1ee9c \u0111\u01b0a b\u1eb1ng ch\u1ee9ng b\u1ea3o v\u1ec7 th\u1ea7n t\u01b0\u1ee3ng, nh\u00f3m v\u1eabn kh\u00f4ng tho\u00e1t kh\u1ecfi ti\u1ebfng x\u1ea5u: T-Ara t\u1ea5n c\u00f4ng Hwa Young, Boram ph\u00e1 h\u1ecfng \u00f4 c\u1ee7a Hwa Young, Eun Jung nh\u1ed3i b\u00e1nh g\u1ea1o \u0111\u1ebfn ngh\u1eb9n v\u00e0o mi\u1ec7ng Hwa Young.\r\n\r\nNgay khi c\u00f4ng ty qu\u1ea3n l\u00fd x\u00e1c nh\u1eadn th\u00f4ng tin th\u00e0nh vi\u00ean Hwa Young ch\u00ednh th\u1ee9c r\u1eddi nh\u00f3m, m\u1ed9t cu\u1ed9c tranh lu\u1eadn gay g\u1eaft \u0111\u00e3 b\u00f9ng n\u1ed5. H\u01a1n 70.000 ng\u01b0\u1eddi \u0111\u00e3 k\u00fd v\u00e0o m\u1ed9t l\u00e1 \u0111\u01a1n tr\u1ef1c tuy\u1ebfn \u0111\u1ec1 ngh\u1ecb T-ara gi\u1ea3i t\u00e1n. S\u1ed1 l\u01b0\u1ee3ng l\u1edbn ch\u1eef k\u00fd \u1ee7ng h\u1ed9 vi\u1ec7c T-ara \u201cdisband\u201d (gi\u1ea3i t\u00e1n) \u0111\u00e3 l\u00e0m d\u1ea5y l\u00ean nghi ng\u1edd: \u201cl\u1ef1c l\u01b0\u1ee3ng\u201d n\u00e0o \u0111ang n\u1eafm gi\u1eef con s\u1ed1 \u0111\u00e1ng kinh ng\u1ea1c nh\u01b0 v\u1eady? \u0110\u00f3 l\u00e0 chi\u00eau tr\u00f2 c\u01a1 h\u1ed9i c\u1ee7a c\u00e1c antifans hay nh\u00f3m nh\u1ea1c \u0111\u1ed1i th\u1ee7 kh\u00e1c?\r\n\r\n<h3><strong>3\/ Nh\u00f3m EXO<\/strong><\/h3>\r\n\r\nM\u1eb7c d\u00f9 l\u00e0 \u0111\u00e0n em v\u00e0 m\u1edbi ra m\u1eaft t\u1eeb n\u0103m 2012 nh\u01b0ng nh\u00f3m EXO c\u0169ng kh\u00f4ng k\u00e9m c\u1ea1nh \u0111\u00e0n ch\u1ecb trong vi\u1ec7c thu v\u1ec1 l\u01b0\u1ee3ng antifan l\u1edbn. Tr\u00e1i ng\u01b0\u1ee3c v\u1edbi SNSD v\u00e0 T-Ara, EXO b\u1ecb gh\u00e9t v\u00ec nh\u1eefng h\u00e0nh \u0111\u1ed9ng c\u1ee7a fan cu\u1ed3ng, th\u00e0nh c\u00f4ng \u0111\u1ebfn qu\u00e1 nhanh v\u00e0 b\u1ecb g\u1eafn m\u00e1c \u201cb\u1ea3n sao Super Junior\u201d.\r\n\r\nEXO c\u00f3 m\u1ed9t \u0111\u1ed9i ng\u0169 fan \u0111\u00f4ng \u0111\u1ea3o kh\u00f4ng thua k\u00e9m g\u00ec SNSD hay c\u00e1c nh\u00f3m nh\u1ea1c th\u1ea7n t\u01b0\u1ee3ng kh\u00e1c. Tuy nhi\u00ean, fan c\u1ee7a EXO l\u1ea1i khi\u1ebfn ng\u01b0\u1eddi kh\u00e1c ng\u00e1n ng\u1ea9m b\u1edfi s\u1ef1 cu\u1ed3ng nhi\u1ec7t th\u1ea7n t\u01b0\u1ee3ng m\u1ed9t c\u00e1ch th\u00e1i qu\u00e1 v\u00e0 s\u1eb5n s\u00e0ng g\u00e2y chi\u1ebfn v\u1edbi b\u1ea5t k\u1ef3 ai d\u00e1m \u0111\u1ee5ng v\u00e0o th\u1ea7n t\u01b0\u1ee3ng c\u1ee7a h\u1ecd (d\u00f9 ch\u01b0a bi\u1ebft \u0111\u00fang hay sai).\r\n\r\n<img class=\"aligncenter size-full wp-image-83158\" src=\"https:\/\/big.vn\/wp-content\/uploads\/2017\/08\/nhom-nhac-han-quoc-nao-bi-fan-ghet-nhat-3.jpg\" alt=\"Nh\u00f3m nh\u1ea1c H\u00e0n Qu\u1ed1c n\u00e0o b\u1ecb fan gh\u00e9t nh\u1ea5t? ph\u1ea7n 3\" width=\"500\" height=\"831\" \/>\r\n\r\nG\u1ea7n \u0111\u00e2y nh\u1ea5t, sau m\u00e0n k\u1ebft h\u1ee3p gi\u1eefa Tae Yeon, Tiffany, Seo Hyun c\u1ee7a SNSD v\u00e0 ba th\u00e0nh vi\u00ean EXO l\u00e0 Luhan, Sehun, Tao tr\u00ean s\u00e2n kh\u1ea5u cu\u1ed1i n\u0103m nh\u00e0 SBS, c\u1ed9ng \u0111\u1ed3ng Sone (fan SNSD) \u0111\u00e3 d\u1eady s\u00f3ng b\u1edfi nh\u1eefng b\u00ecnh lu\u1eadn c\u00f3 t\u00ednh b\u00f4i nh\u1ecd t\u1eeb ph\u00eda fan EXO. Tr\u01b0\u1eddng h\u1ee3p t\u01b0\u01a1ng t\u1ef1 c\u0169ng x\u1ea3y ra v\u1edbi Ryeo Wook (Super Junior) khi anh song ca v\u1edbi D.O (EXO) tr\u00ean<em>Kiss the radio<\/em>. Sau \u0111\u00f3,<strong> fan c\u1ee7a EXO<\/strong> \u0111\u00e3 nh\u1eafn tin tr\u1ef1c ti\u1ebfp y\u00eau c\u1ea7u Ryeo Wook ng\u1eebng h\u00e1t v\u00ec l\u00fd do D.O h\u00e1 t\u1ed1t h\u01a1n.\r\n\r\n<img class=\"aligncenter size-full wp-image-83159\" src=\"https:\/\/big.vn\/wp-content\/uploads\/2017\/08\/nhom-nhac-han-quoc-nao-bi-fan-ghet-nhat-4.jpg\" alt=\"Nh\u00f3m nh\u1ea1c H\u00e0n Qu\u1ed1c n\u00e0o b\u1ecb fan gh\u00e9t nh\u1ea5t? ph\u1ea7n 4\" width=\"500\" height=\"498\" \/>\r\n\r\nB\u00ean c\u1ea1nh vi\u1ec7c ch\u00ea bai nh\u00f3m nh\u1ea1c kh\u00e1c, <strong>fan EXO<\/strong> c\u00f2n cu\u1ed3ng v\u00e0 y\u00eau th\u1ea7n t\u01b0\u1ee3ng m\u1ed9t c\u00e1ch m\u00f9 qu\u00e1ng. H\u1ecd li\u00ean t\u1ee5c c\u00f3 nh\u1eefng h\u00e0nh \u0111\u1ed9ng qu\u00e1 kh\u00edch nh\u01b0 ch\u1ea1y theo th\u1ea7n t\u01b0\u1ee3ng, \u0111\u00e1nh l\u1ea1i fan nh\u00f3m nh\u1ea1c kh\u00e1c hay m\u1edbi nh\u1ea5t l\u00e0 t\u1ea5n c\u00f4ng v\u00e0o trang c\u00e1 nh\u00e2n c\u1ee7a Tae Yeon, r\u1ea1ch tay, t\u1ef1 t\u1eed khi Baek Hyun c\u00f4ng khai h\u1eb9n h\u00f2 v\u1edbi tr\u01b0\u1edfng nh\u00f3m SNSD. T\u1ea5t c\u1ea3 khi\u1ebfn EXO thu h\u00fat l\u01b0\u1ee3ng antifan \u0111\u00f4ng kh\u00f4ng k\u00e9m fan.\r\n\r\n<em>Tr\u00ean \u0111\u00e2y l\u00e0 nh\u1eefng nh\u00f3m nh\u1ea1c h\u00e0n qu\u1ed1c b\u1ecb fan gh\u00e9t nh\u1ea5t hy v\u1ecdng s\u1ebd gi\u00fap c\u00e1c b\u1ea1n hi\u1ec3u th\u00eam v\u1ec1 showbiz h\u00e0n qu\u1ed1c. Nh\u1eefng nh\u00f3m nh\u1ea1c n\u00e0y \u0111\u1ec1u l\u00e0 nh\u1eefng nh\u00f3m nh\u1ea1c n\u1ed5i ti\u1ebfng v\u1edbi s\u1ed1 l\u01b0\u1ee3ng fan l\u1edbn nh\u01b0ng s\u1ed1 l\u01b0\u1ee3ng antifan k\u00e8m theo c\u0169ng kh\u00f4ng k\u00e9m. Ch\u00fac c\u00e1c b\u1ea1n \u0111\u1ecdc tin vui v\u1ebb v\u00e0 h\u00e3y lu\u00f4n \u0111\u1ed3ng h\u00e0nh c\u00f9ng big.vn \u0111\u1ec3 c\u1eadp nh\u1eadt th\u00eam nhi\u1ec1u th\u00f4ng tin h\u1eefu \u00edch nh\u00e9.<\/em>"}