{"title":"Top 5 n\u1eef th\u1ea7n t\u01b0\u1ee3ng KPOP \u0111\u01b0\u1ee3c nam sinh mu\u1ed1n h\u1eb9n h\u00f2 nhi\u1ec1u nh\u1ea5t","categories":["Ki\u1ebfn th\u1ee9c"],"tags":["m\u1ef9 nh\u00e2n h\u00e0n qu\u1ed1c","th\u1ea7n t\u01b0\u1ee3ng h\u00e0n qu\u1ed1c"],"featureImage":"https:\/\/big.vn\/wp-content\/uploads\/2017\/08\/top-5-nu-than-tuong-kpop-duoc-nam-sinh-muon-hen-ho-nhieu-nhat.jpg","excerpt":"<strong>Top 5 n\u1eef th\u1ea7n t\u01b0\u1ee3ng KPOP \u0111\u01b0\u1ee3c nam sinh mu\u1ed1n h\u1eb9n h\u00f2 nhi\u1ec1u nh\u1ea5t<\/strong>:\u00a0Teenage Magazine MODU \u0111\u00e3 th\u1ef1c hi\u1ec7n cu\u1ed9c kh\u1ea3o s\u00e1t th\u00fa v\u1ecb n\u00e0y b\u1eaft \u0111\u1ea7u t\u1eeb 1.1.2016 t\u1edbi 20.1.2016. Nh\u1eefng ng\u01b0\u1eddi tham gia l\u00e0 c\u00e1c nam h\u1ecdc sinh trung h\u1ecdc v\u00e0 k\u1ebft qu\u1ea3 nh\u01b0 sau:","slug":"top-5-nu-than-tuong-kpop-duoc-nam-sinh-muon-hen-ho-nhieu-nhat","content":"H\u00e3y c\u00f9ng big.vn \u0111i\u1ec3m danh top 5 n\u1eef th\u1ea7n t\u01b0\u1ee3ng KPOP \u0111\u01b0\u1ee3c nam sinh mu\u1ed1n h\u1eb9n h\u00f2 nhi\u1ec1u nh\u1ea5t b\u00ean d\u01b0\u1edbi nh\u00e9!\r\n<h3>Top 5 n\u1eef th\u1ea7n t\u01b0\u1ee3ng KPOP \u0111\u01b0\u1ee3c nam sinh mu\u1ed1n h\u1eb9n h\u00f2 nhi\u1ec1u nh\u1ea5t<\/h3>\r\n<img class=\"aligncenter wp-image-83045\" src=\"https:\/\/big.vn\/wp-content\/uploads\/2017\/08\/top-5-nu-than-tuong-kpop-duoc-nam-sinh-muon-hen-ho-nhieu-nhat-1.jpg\" alt=\"Top 5 n\u1eef th\u1ea7n t\u01b0\u1ee3ng KPOP \u0111\u01b0\u1ee3c nam sinh mu\u1ed1n h\u1eb9n h\u00f2 nhi\u1ec1u nh\u1ea5t ph\u1ea7n 1\" width=\"500\" height=\"279\" \/>\r\n<h4><strong>1. Bae Suzy 40%<\/strong><\/h4>\r\nBae Suzy(sinh ng\u00e0y 10 th\u00e1ng 10 n\u0103m 1994) c\u00f2n \u0111\u01b0\u1ee3c bi\u1ebft \u0111\u1ebfn v\u1edbi t\u00ean g\u1ecdi l\u00e0\u00a0Suzy\u00a0l\u00e0 n\u1eef ca s\u0129 H\u00e0n Qu\u1ed1c, di\u1ec5n vi\u00ean, ng\u01b0\u1eddi m\u1eabu, MC. C\u00f4 l\u00e0 m\u1ed9t th\u00e0nh vi\u00ean c\u1ee7a nh\u00f3m nh\u1ea1c n\u1eef Miss A thu\u1ed9c JYP Entertainment.\r\n<h4><strong>2. AOA Seolhyun 26%<\/strong><\/h4>\r\nKim Seolhyun\u00a0(Hangul:\uae40\uc124\ud604; H\u00e1n Vi\u1ec7t: Kim Ti\u1ebft Hi\u1ec1n, sinh ng\u00e0y 3 th\u00e1ng 1, n\u0103m 1995), th\u01b0\u1eddng \u0111\u01b0\u1ee3c bi\u1ebft \u0111\u1ebfn v\u1edbi ngh\u1ec7 danh\u00a0Seolhyun, l\u00e0 n\u1eef idol H\u00e0n Qu\u1ed1c v\u00e0 l\u00e0 th\u00e0nh vi\u00ean trong nh\u00f3m nh\u1ea1c AOA tr\u1ef1c thu\u1ed9c c\u00f4ng ty FNC Entertainment.\r\n\r\n<img class=\"aligncenter wp-image-83046\" src=\"https:\/\/big.vn\/wp-content\/uploads\/2017\/08\/top-5-nu-than-tuong-kpop-duoc-nam-sinh-muon-hen-ho-nhieu-nhat-2.jpg\" alt=\"Top 5 n\u1eef th\u1ea7n t\u01b0\u1ee3ng KPOP \u0111\u01b0\u1ee3c nam sinh mu\u1ed1n h\u1eb9n h\u00f2 nhi\u1ec1u nh\u1ea5t ph\u1ea7n 2\" width=\"500\" height=\"275\" \/>\r\n<h4><strong>3. Girl\u2019s Day Hyeri 18%<\/strong><\/h4>\r\nLee Hye-ri:\u00a0Ng\u00e0y th\u00e1ng n\u0103m sinh : 9\/6\/1994. Chi\u1ec1u cao : 167 cm, C\u00e2n n\u1eb7ng : 47 kg, H\u1ecdc v\u1ea5n : Tr\u01b0\u1eddng trung h\u1ecdc Ngh\u1ec7 thu\u1eadt Tr\u00ecnh di\u1ec5n Seoul.\r\n<h4><strong>4. Apink Eunji 9%<\/strong><\/h4>\r\nJung Eun Ji\u00a0(t\u00ean ti\u1ebfng H\u00e0n Qu\u1ed1c: \uc815\uc740\uc9c0; t\u00ean khai sinh: Jung Hye-rim) sinh ng\u00e0y 18 th\u00e1ng 8 n\u0103m 1993), l\u00e0 m\u1ed9t n\u1eef ca s\u0129 th\u1ea7n t\u01b0\u1ee3ng ki\u00eam v\u0169 c\u00f4ng v\u00e0 di\u1ec5n vi\u00ean c\u1ee7a H\u00e0n Qu\u1ed1c. C\u00f4 l\u00e0 gi\u1ecdng h\u00e1t ch\u00ednh c\u1ee7a nh\u00f3m nh\u1ea1c n\u1eef A Pink v\u00e0 \u0111\u00e3 tham gia c\u00e1c b\u1ed9 phim Reply 1997 (2012), That Winter, The Wind Blows (2013), Trot Lovers (2014) v\u00e0 hi\u1ec7n l\u00e0 Sassy Go Go hay c\u00f2n g\u1ecdi l\u00e0 CheerUp (2015).\r\n<h4><strong>5. TWICE Tzuyu 7%<\/strong><\/h4>\r\nTzuyu \u2013 sinh n\u0103m 1999, l\u00e0 ng\u01b0\u1eddi g\u1ed1c \u0110\u00e0i Loan, \u0111\u1ea3m nh\u1eadn vai tr\u00f2 g\u01b0\u01a1ng m\u1eb7t c\u1ee7a nh\u00f3m. Tzuyu \u0111\u01b0\u1ee3c Park Jin Young \u0111\u00e1nh gi\u00e1 l\u00e0 ng\u01b0\u1eddi ti\u1ebfn b\u1ed9 nh\u1ea5t trong s\u1ed1 16 th\u1ef1c t\u1eadp sinh, \u0111\u1ed3ng th\u1eddi c\u0169ng l\u00e0 th\u00e0nh vi\u00ean c\u00f3 l\u01b0\u1ee3ng b\u00ecnh ch\u1ecdn nhi\u1ec1u nh\u1ea5t tr\u00ean m\u1ea1ng.\r\n\r\n<img class=\"aligncenter wp-image-83047\" src=\"https:\/\/big.vn\/wp-content\/uploads\/2017\/08\/top-5-nu-than-tuong-kpop-duoc-nam-sinh-muon-hen-ho-nhieu-nhat-3.jpg\" alt=\"Top 5 n\u1eef th\u1ea7n t\u01b0\u1ee3ng KPOP \u0111\u01b0\u1ee3c nam sinh mu\u1ed1n h\u1eb9n h\u00f2 nhi\u1ec1u nh\u1ea5t ph\u1ea7n 3\" width=\"500\" height=\"500\" \/>\r\n\r\n<em>Tr\u00ean \u0111\u00e2y l\u00e0 top 5 n\u1eef th\u1ea7n t\u01b0\u1ee3ng KPOP \u0111\u01b0\u1ee3c nam sinh mu\u1ed1n h\u1eb9n h\u00f2 nhi\u1ec1u nh\u1ea5t, hi v\u1ecdng idol c\u1ee7a b\u1ea1n s\u1ebd n\u1eb1m trong danh s\u00e1ch c\u00e1c ki\u1ec1u n\u1eef n\u1ed5i ti\u1ebfng xinh \u0111\u1eb9p t\u00e0i n\u0103ng n\u00e0y. Ch\u00fac b\u1ea1n xem tin vui. \u0110\u1eebng qu\u00ean \u0111\u1ed3ng h\u00e0nh v\u00e0 \u1ee7ng h\u1ed9 big.vn nh\u00e9!<\/em>"}