{"title":"Xem v\u1eadn \u0111\u00e0o hoa c\u1ee7a ph\u1ee5 n\u1eef qua \u0111\u01b0\u1eddng ch\u1ec9 tay","categories":["alongay"],"tags":["xem b\u00f3i","xem ch\u1ec9 tay"],"featureImage":"https:\/\/big.vn\/wp-content\/uploads\/2017\/08\/xem-van-dao-hoa-cua-phu-nu-qua-duong-chi-tay.jpg","excerpt":"<strong>Xem v\u1eadn \u0111\u00e0o hoa c\u1ee7a ph\u1ee5 n\u1eef qua \u0111\u01b0\u1eddng ch\u1ec9 tay\u00a0<\/strong>chi ti\u1ebft ch\u00ednh x\u00e1c nh\u1ea5t gi\u00fap b\u1ea1n c\u00f3 th\u1ec3 x\u00e1c \u0111\u1ecbnh \u0111\u01b0\u1ee3c t\u00ecnh duy\u00ean c\u1ee7a m\u00ecnh.\u00a0Nh\u1eefng ng\u01b0\u1eddi s\u1edf h\u1eefu l\u00f2ng b\u00e0n tay l\u1edbn, d\u00e0y nh\u01b0ng kh\u00f4ng th\u00f4 c\u1ee9ng v\u00e0 c\u00f3 \u0111\u01b0\u1eddng t\u00ecnh duy\u00ean r\u00f5 r\u00e0ng l\u00e0 ng\u01b0\u1eddi s\u1ed1ng t\u00ecnh c\u1ea3m, bi\u1ebft chia s\u1ebb. B\u00ean c\u1ea1nh \u0111\u00f3, h\u1ecd c\u0169ng l\u00e0 ng\u01b0\u1eddi c\u00f3","slug":"xem-van-dao-hoa-cua-phu-nu-qua-duong-chi-tay__trashed","content":"<h2><strong>Xem v\u1eadn \u0111\u00e0o hoa c\u1ee7a ph\u1ee5 n\u1eef qua \u0111\u01b0\u1eddng ch\u1ec9 tay:<\/strong><\/h2>\r\nTheo t\u01b0\u1edbng s\u1ed1 ph\u01b0\u01a1ng \u0110\u00f4ng, trong l\u00f2ng b\u00e0n tay m\u1ed7i ng\u01b0\u1eddi th\u01b0\u1eddng c\u00f3 b\u1ed1n g\u00f2 n\u1eb1m \u1edf b\u1ed1n g\u1ed1c ng\u00f3n tay: g\u00f2 M\u1ed9c Tinh, g\u00f2 Th\u1ed5 Tinh, g\u00f2 Th\u00e1i D\u01b0\u01a1ng v\u00e0 g\u00f2 Th\u1ee7y Tinh. N\u1ebfu b\u1ed1n b\u00f2 n\u00e0y \u0111\u1ec1u n\u1ed5i cao, \u0111\u1ea7y \u0111\u1eb7n v\u00e0 l\u00f2ng b\u00e0n tay l\u00f5m xu\u1ed1ng \u1edf gi\u1eefa th\u00ec \u0111\u00f3 l\u00e0 d\u1ea5u hi\u1ec7u t\u1ed1t. Nh\u1eefng ng\u01b0\u1eddi n\u00e0y th\u01b0\u1eddng c\u00f3 t\u00e0i nh\u00ecn xa tr\u00f4ng r\u1ed9ng, c\u00f3 ch\u00ed ti\u1ebfn th\u1ee7 v\u00e0 bi\u1ebft \u201cn\u1eb1m gai n\u1ebfm m\u1eadt\u201d n\u00ean h\u1ecd th\u01b0\u1eddng \u0111\u1ea1t \u0111\u01b0\u1ee3c s\u1ef1 nghi\u1ec7p r\u1ef1c r\u1ee1 v\u1ec1 sau.\r\n\r\n<img class=\"aligncenter size-full wp-image-83144\" src=\"https:\/\/big.vn\/wp-content\/uploads\/2017\/08\/xem-van-dao-hoa-cua-phu-nu-qua-duong-chi-tay.jpg\" alt=\"Xem v\u1eadn \u0111\u00e0o hoa c\u1ee7a ph\u1ee5 n\u1eef qua \u0111\u01b0\u1eddng ch\u1ec9 tay\" width=\"240\" height=\"301\" \/>\r\n\r\n<strong>G\u00f2 Th\u1ee7y Tinh \u0111\u1ea7y \u0111\u1eb7n: <\/strong>G\u00f2 Th\u1ee7y Tinh n\u1eb1m \u1edf g\u00f3c tr\u00ean c\u00f9ng b\u00e0n tay ph\u1ea3i. G\u00f2 n\u00e0y n\u1ed5i r\u00f5 ch\u1ee9ng t\u1ecf b\u1ea1n l\u00e0 ng\u01b0\u1eddi \u0111\u01b0\u1ee3c nhi\u1ec1u \u0111\u00e0n \u00f4ng s\u0103n \u0111\u00f3n b\u1edfi t\u00ednh c\u00e1ch \u00f4n h\u00f2a, d\u1ecbu d\u00e0ng, thanh l\u1ecbch, gi\u00e0u c\u1ea3m x\u00fac.\u00a0Trong v\u1eadn m\u1ec7nh ng\u0169 h\u00e0nh, th\u1ee7y t\u01b0\u1ee3ng tr\u01b0ng cho s\u1ef1 \u0111\u00e0o hoa, t\u00ecnh c\u1ea3m v\u00e0 nh\u00e2n duy\u00ean. C\u00e1c ch\u00e0ng trai th\u01b0\u1eddng c\u00f3 xu h\u01b0\u1edbng mu\u1ed1n b\u1ea3o v\u1ec7 nh\u1eefng c\u00f4 g\u00e1i th\u1ebf n\u00e0y.\r\n\r\n<strong>G\u00f2 Kim Tinh \u0111\u1ea7y \u0111\u1eb7n: <\/strong>G\u00f2 Kim Tinh n\u1eb1m \u1edf g\u00f3c ph\u1ea3i b\u00e0n tay. N\u1ebfu ph\u1ea7n g\u00f2 n\u00e0y c\u1ee7a b\u1ea1n n\u1ed5i l\u00ean \u0111\u1ea7y \u0111\u1eb7n, b\u1ea1n l\u00e0 ng\u01b0\u1eddi vui v\u1ebb, \u1ea5m \u00e1p v\u00e0 h\u1ea5p d\u1eabn. B\u1ea1n c\u0169ng l\u00e0 ng\u01b0\u1eddi bi\u1ebft c\u00e1ch \u0103n m\u1eb7c v\u00e0 kh\u00e1 s\u00e0nh s\u1ecfi v\u1ec1 nhi\u1ec1u v\u1ea5n \u0111\u1ec1 trong cu\u1ed9c s\u1ed1ng. C\u00e1nh m\u00e0y r\u00e2u th\u01b0\u1eddng b\u1ecb thu h\u00fat b\u1edfi b\u1ea1n, d\u1ec5 d\u00e0ng ph\u1ee5c t\u00f9ng b\u1ea1n.\r\n\r\n<strong>G\u00f2 Nguy\u1ec7t \u0111\u1ea7y \u0111\u1eb7n: <\/strong>G\u00f2 Nguy\u1ec7t n\u1eb1m \u1edf m\u00e9p ngo\u00e0i b\u00e0n tay, ph\u1ea7n n\u00e0y n\u1ed5i r\u00f5 th\u1ec3 hi\u1ec7n b\u1ea1n l\u00e0 ng\u01b0\u1eddi kh\u1ea3 n\u0103ng t\u01b0\u1edfng t\u01b0\u1ee3ng phong ph\u00fa, s\u1ed1ng c\u00f3 ph\u1ea7n n\u1ed9i t\u00e2m. Nh\u1eefng ng\u01b0\u1eddi ph\u1ee5 n\u1eef n\u00e0y th\u01b0\u1eddng r\u1ea5t l\u00e3ng m\u1ea1n, c\u00f3 t\u00e2m h\u1ed3n ngh\u1ec7 s\u0129, mong manh, d\u1ec5 nh\u1eadn \u0111\u01b0\u1ee3c s\u1ef1 quan t\u00e2m v\u00e0 c\u01b0ng chi\u1ec1u c\u1ee7a \u0111\u00e0n \u00f4ng.<\/p>\r\n\r\n<h2><strong>Ngo\u00e0i ra, \u0111\u1ec3 bi\u1ebft v\u1ec1 \u0111\u01b0\u1eddng t\u00ecnh duy\u00ean, c\u00f4ng danh c\u1ee7a ph\u1ee5 n\u1eef, ng\u01b0\u1eddi ta c\u00f2n xem v\u1ec1:<\/strong><\/h2>\r\n\r\n<strong>L\u00f2ng b\u00e0n tay d\u00e0y d\u1eb7n v\u00e0 c\u00f3 \u0111\u1ed9 \u0111\u00e0n h\u1ed3i:\u00a0<\/strong>Nh\u1eefng ng\u01b0\u1eddi s\u1edf h\u1eefu l\u00f2ng b\u00e0n tay l\u1edbn, d\u00e0y nh\u01b0ng kh\u00f4ng th\u00f4 c\u1ee9ng v\u00e0 c\u00f3 \u0111\u01b0\u1eddng t\u00ecnh duy\u00ean r\u00f5 r\u00e0ng l\u00e0 ng\u01b0\u1eddi s\u1ed1ng t\u00ecnh c\u1ea3m, bi\u1ebft chia s\u1ebb. B\u00ean c\u1ea1nh \u0111\u00f3, h\u1ecd c\u0169ng l\u00e0 ng\u01b0\u1eddi c\u00f3 ho\u00e0i b\u00e3o, tham v\u1ecdng v\u00e0 \u00fd ch\u00ed v\u1eefng v\u00e0ng, s\u00e1ng t\u1ea1o trong kinh doanh. N\u1ebfu g\u1eb7p th\u1eddi, nh\u1eefng ng\u01b0\u1eddi n\u00e0y s\u1ebd l\u00e0m n\u00ean nghi\u1ec7p l\u1edbn, t\u01b0\u01a1ng lai ph\u00fa qu\u00fd.\r\n\r\n<strong>Tay b\u00fap m\u0103ng: <\/strong>B\u00e0n tay b\u00fap m\u0103ng kh\u00f4ng ch\u1ec9 mang l\u1ea1i v\u1ebb \u0111\u1eb9p th\u1ea9m m\u1ef9 m\u00e0 c\u00f2n l\u00e0 bi\u1ec3u tr\u01b0ng cho th\u00e0nh c\u00f4ng. Nh\u1eefng ng\u01b0\u1eddi c\u00f3 b\u00e0n tay b\u00fap m\u0103ng, \u0111\u1ea7u ng\u00f3n tay tr\u00f2n tr\u1ecba v\u00e0 nh\u1ecf; l\u00f2ng b\u00e0n tay m\u1ec1m m\u1ea1i, \u0111\u00e0n h\u1ed3i; chi\u1ec1u d\u00e0i c\u00e1c ng\u00f3n tay thon, c\u00e2n \u0111\u1ed1i th\u01b0\u1eddng r\u1ea5t n\u0103ng \u0111\u1ed9ng, ho\u1ea1t b\u00e1t. B\u1ea1n s\u1ebd th\u1ea5y h\u1ecd lu\u00f4n tr\u00e0n \u0111\u1ea7y n\u0103ng l\u01b0\u1ee3ng v\u00e0 ki\u00ean tr\u00ec theo \u0111u\u1ed5i m\u1ee5c ti\u00eau \u0111\u00e3 \u0111\u1eb7t ra. Do \u0111\u00f3 h\u1ecd r\u1ea5t d\u1ec5 th\u00e0nh c\u00f4ng trong t\u01b0\u01a1ng lai.\r\n\r\n<strong>M\u00f3ng tay h\u00ecnh ki\u1ebfm : <\/strong>Nh\u1eefng ng\u01b0\u1eddi s\u1edf h\u1eefu m\u00f3ng tay h\u00ecnh ki\u1ebfm th\u01b0\u1eddng c\u00f3 ho\u00e0i b\u00e3o l\u1edbn v\u00e0 ngh\u1ecb l\u1ef1c phi th\u01b0\u1eddng. H\u1ecd s\u1eb5n s\u00e0ng ch\u1ecbu kh\u00f3 kh\u0103n, v\u1ea5t v\u1ea3 \u0111\u1ec3 \u0111\u1ea1t \u0111\u01b0\u1ee3c m\u1ee5c ti\u00eau trong kinh doanh. M\u1ed9t khi \u0111\u00e3 \u0111\u1ec1 ra m\u1ee5c ti\u00eau h\u1ecd s\u1ebd ph\u1ea5n \u0111\u1ea5u h\u1ebft m\u00ecnh v\u00e0 kh\u00f4ng d\u1ec5 d\u00e0ng b\u1ecf cu\u1ed9c. V\u00ec v\u1eady h\u1ecd c\u0169ng l\u00e0 nh\u1eefng ng\u01b0\u1eddi c\u00f3 kh\u1ea3 n\u0103ng th\u00e0nh c\u00f4ng cao.\r\n\r\n<strong>T\u00e2m l\u00f2ng b\u00e0n tay c\u00f3 n\u1ed1t ru\u1ed3i : <\/strong>N\u1ebfu trong t\u00e2m l\u00f2ng b\u00e0n tay c\u00f3 n\u1ed1t ru\u1ed3i ch\u1ee9ng t\u1ecf b\u1ea1n l\u00e0 ng\u01b0\u1eddi c\u00f3 ho\u00e0i b\u00e3o l\u1edbn lao v\u00e0 t\u00e0i n\u0103ng l\u00e3nh \u0111\u1ea1o thi\u00ean b\u1ea9m. Tuy nhi\u00ean, r\u1ea5t hi\u1ebfm ng\u01b0\u1eddi c\u00f3 n\u1ed1t ru\u1ed3i m\u1ecdc \u1edf v\u1ecb tr\u00ed n\u00e0y. \u0110\u00e2y l\u00e0 n\u1ed1t ru\u1ed3i c\u1ef1c th\u1ecbnh trong t\u01b0\u1edbng s\u1ed1. Ng\u01b0\u1eddi s\u1edf h\u1eefu n\u1ed1t ru\u1ed3i \u1edf t\u00e2m l\u00f2ng b\u00e0n tay th\u01b0\u1eddng c\u00f3 t\u00e0i v\u1eadn th\u1ecbnh v\u01b0\u1ee3ng, d\u1ef1a v\u00e0o n\u0103ng l\u1ef1c b\u1ea3n th\u00e2n l\u1eadp \u0111\u1ea1i nghi\u1ec7p, l\u00e0m r\u1ea1ng dang d\u00f2ng h\u1ecd.\r\n\r\n<em>Hy v\u1ecdng v\u1edbi xem v\u1eadn \u0111\u00e0o hoa c\u1ee7a ph\u1ee5 n\u1eef qua ch\u1ec9 tay tr\u00ean \u0111\u00e2y s\u1ebd gi\u00fap c\u00e1c b\u1ea1n c\u00f3 th\u00eam nhi\u1ec1u th\u00f4ng tin h\u1eefu \u00edch, x\u00e1c \u0111\u1ecbnh xem v\u1eadn \u0111\u00e0o hoa v\u00e0 may m\u1eafn c\u1ee7a cu\u1ed9c \u0111\u1eddi m\u00ecnh nh\u01b0 th\u1ebf n\u00e0o. M\u1ed7i ng\u01b0\u1eddi s\u1edf h\u1eefu m\u1ed9t ki\u1ec3u ch\u1ec9 tay kh\u00e1c nhau n\u00ean v\u1eadn m\u1ec7nh ho\u00e0n to\u00e0n kh\u00e1c nhau \u0111\u1ea5y. Ch\u00fac c\u00e1c b\u1ea1n lu\u00f4n vui v\u1ebb h\u1ea1nh ph\u00fac v\u00e0 h\u00e3y lu\u00f4n \u0111\u1ed3ng h\u00e0nh c\u00f9ng big.vn \u0111\u1ec3 c\u1eadp nh\u1eadt th\u00eam nhi\u1ec1u th\u00f4ng tin h\u1eefu \u00edch nh\u00e9.<\/em>"}